pdbid,chainid,variant,score,log_p_mt,log_p_wt,log_p_mt__minus__log_p_wt
1AMQ,A,C191F,1.6,-5.420425,-1.1889694,-4.231456
1AMQ,A,C191S,1.9,-1.848073,-1.1889694,-0.65910363
1AMQ,A,C191W,3.9,-5.594037,-1.1889694,-4.4050674
1AMQ,A,C191Y,2.3,-5.36386,-1.1889694,-4.1748905
1ARR,A,P8L,-2.49,-2.866448,-1.8266628,-1.0397851
1BNI,A,F7L,4.1,-3.998602,-0.91106904,-3.087533
1BNI,A,I51V,1.1,-3.2608726,-0.6421718,-2.6187007
1BNI,A,I76A,1.7,-4.428358,-1.5662296,-2.8621285
1BNI,A,I76V,1.0,-1.5819749,-1.5662296,-0.015745282
1BNI,A,I88A,4.0,-4.8545494,-0.37974638,-4.474803
1BNI,A,I88V,1.6,-2.5403008,-0.37974638,-2.1605544
1BNI,A,I96A,3.2,-5.602505,-0.15605001,-5.446455
1BNI,A,I96V,3.1,-3.6506195,-0.15605001,-3.4945695
1BNI,A,L14A,4.5,-5.477391,-0.55702245,-4.920368
1BNI,A,L89V,0.5,-1.9695799,-2.6353002,0.6657202
1BNI,A,S91A,2.4,-4.283507,-0.55205,-3.7314568
1BNI,A,T26A,1.7,-5.1044836,-0.3927263,-4.711757
1BNI,A,Y78F,1.1,-2.867317,-0.2937344,-2.5735826
1CEY,A,D12A,-2.5,-4.1472907,-3.1795592,-0.9677315
1CEY,A,D13A,-2.7,-1.9732838,-2.7053266,0.7320428
1CEY,A,D57A,-3.3,-4.179203,-0.8826809,-3.2965221
1EY0,A,I72L,0.2,-2.0696774,-0.25514266,-1.8145347
1EY0,A,I72V,1.2,-3.4742153,-0.25514266,-3.2190726
1EY0,A,I92V,0.4,-2.1905718,-0.464854,-1.7257178
1EY0,A,K116G,-1.0,-4.614297,-2.2276871,-2.3866098
1EY0,A,L25I,1.7,-2.9404798,-0.21441424,-2.7260656
1EY0,A,P117A,-0.8,-5.55608,-0.07720512,-5.4788747
1EY0,A,P117G,-0.9,-5.6754217,-0.07720512,-5.5982165
1EY0,A,P117T,-1.1,-5.6304708,-0.07720512,-5.5532656
1EY0,A,S128A,-0.7,-3.022026,-4.36238,1.340354
1EY0,A,S59A,-0.5,-1.9155912,-3.6442597,1.7286685
1EY0,A,T120C,1.7,-5.161515,-1.3887732,-3.772742
1EY0,A,T120S,0.6,-2.5099168,-1.3887732,-1.1211436
1EY0,A,T120V,1.8,-3.9706197,-1.3887732,-2.5818465
1EY0,A,T22C,0.9,-4.8614964,-2.4242883,-2.4372082
1EY0,A,T22V,0.9,-2.2667682,-2.4242883,0.15752006
1EY0,A,T33V,-0.4,-2.6049323,-2.7701955,0.16526318
1EY0,A,T41C,-0.6,-1.7979507,-0.42423636,-1.3737144
1EY0,A,T41I,-0.7,-5.680177,-0.42423636,-5.255941
1EY0,A,T41S,1.1,-4.319201,-0.42423636,-3.8949647
1EY0,A,T41V,-0.8,-3.730065,-0.42423636,-3.3058288
1EY0,A,T44V,-0.1,-1.0617073,-1.2327682,0.17106092
1EY0,A,T62S,2.1,-4.595586,-0.2234625,-4.3721232
1EY0,A,T62V,0.2,-2.6016407,-0.2234625,-2.3781781
1EY0,A,T82S,0.7,-4.293096,-3.0784771,-1.2146189
1EY0,A,V23L,0.1,-4.4609394,-0.4030796,-4.05786
1EY0,A,V66I,1.0,-3.462789,-3.6757572,0.21296811
1EY0,A,V66K,7.5,-5.54118,-3.6757572,-1.865423
1EY0,A,V66L,0.3,-0.16135283,-3.6757572,3.5144043
1IHB,A,F71N,-0.7,-1.3360112,-3.0157328,1.6797216
1IHB,A,F82Q,0.4,-4.059742,-4.5712185,0.5114765
1IHB,A,F92N,1.1,-3.7821686,-1.1179795,-2.664189
1IOB,A,T9G,2.6,-5.4305763,-0.94534475,-4.4852314
1L63,A,A129F,1.2,-5.3881063,-0.1510276,-5.2370787
1L63,A,A129W,2.2,-5.7329507,-0.1510276,-5.581923
1L63,A,A130S,-1.0,-2.3748794,-0.23833819,-2.1365411
1L63,A,A134S,0.1,-2.043897,-1.6467787,-0.3971182
1L63,A,A41S,0.6,-2.9922519,-1.5444931,-1.4477588
1L63,A,A42S,2.3,-4.902517,-0.0886908,-4.813826
1L63,A,A42V,2.7,-5.4978056,-0.0886908,-5.409115
1L63,A,A49S,0.5,-3.582568,-0.42365593,-3.158912
1L63,A,A73S,0.4,-2.3744767,-2.1534817,-0.22099495
1L63,A,A82S,0.3,-2.38397,-1.9805763,-0.40339375
1L63,A,A93S,0.2,-2.630898,-2.359036,-0.27186203
1L63,A,A98C,1.0,-5.317511,-0.19168231,-5.1258287
1L63,A,A98L,4.3,-5.5201178,-0.19168231,-5.3284354
1L63,A,A98S,2.5,-4.093146,-0.19168231,-3.9014635
1L63,A,A98V,3.2,-5.6908097,-0.19168231,-5.4991274
1L63,A,D20A,0.3,-6.0743146,-1.0516372,-5.0226774
1L63,A,D20N,-1.3,-0.64708114,-1.0516372,0.40455604
1L63,A,D20S,-0.7,-2.828168,-1.0516372,-1.7765307
1L63,A,D47A,1.0,-5.119399,-0.2846703,-4.8347287
1L63,A,D72P,2.7,-5.4880548,-2.118666,-3.3693888
1L63,A,D92N,1.4,-2.658258,-0.2543422,-2.403916
1L63,A,E11H,-0.1,-4.2690725,-0.46095482,-3.8081176
1L63,A,E11N,0.1,-3.2222462,-0.46095482,-2.7612913
1L63,A,F104M,0.4,-3.89582,-0.75213766,-3.1436822
1L63,A,F153A,3.8,-5.670477,-0.2862373,-5.3842397
1L63,A,F153I,0.2,-2.7966971,-0.2862373,-2.51046
1L63,A,F153L,-0.3,-2.6131034,-0.2862373,-2.3268661
1L63,A,F153M,0.6,-4.318531,-0.2862373,-4.032294
1L63,A,F153V,1.8,-4.368809,-0.2862373,-4.082572
1L63,A,F67A,1.9,-4.7665815,-0.29261333,-4.473968
1L63,A,I100A,3.4,-5.158727,-1.0761721,-4.082555
1L63,A,I100M,1.6,-5.093016,-1.0761721,-4.016844
1L63,A,I100V,0.4,-0.6588348,-1.0761721,0.4173373
1L63,A,I17A,2.7,-5.748275,-0.09732279,-5.650952
1L63,A,I27A,3.1,-5.78199,-0.14662337,-5.6353664
1L63,A,I27M,3.1,-5.4985566,-0.14662337,-5.3519335
1L63,A,I29A,2.6,-5.7260814,-0.13571388,-5.5903673
1L63,A,I50A,2.0,-5.3803067,-0.97696877,-4.403338
1L63,A,I50M,0.4,-5.1700125,-0.97696877,-4.1930437
1L63,A,I58A,3.2,-5.934531,-0.08261688,-5.8519144
1L63,A,I58T,3.4,-5.9386973,-0.08261688,-5.8560805
1L63,A,I78A,1.2,-5.545443,-0.15157712,-5.393866
1L63,A,I78M,1.5,-5.2125635,-0.15157712,-5.0609865
1L63,A,I78V,0.8,-2.717852,-0.15157712,-2.5662751
1L63,A,K43A,1.0,-5.416892,-0.26945943,-5.147433
1L63,A,L118A,3.2,-5.737458,-0.0821421,-5.6553164
1L63,A,L118M,0.7,-4.958011,-0.0821421,-4.8758693
1L63,A,L121M,0.8,-2.3777995,-0.20541672,-2.1723828
1L63,A,L133F,0.3,-3.4350123,-0.1735582,-3.261454
1L63,A,L133M,0.4,-2.9067173,-0.1735582,-2.733159
1L63,A,L46A,1.9,-5.1335588,-0.10550831,-5.0280504
1L63,A,L66M,1.0,-3.5627873,-0.11354971,-3.4492376
1L63,A,L84A,2.6,-5.8188467,-0.07985904,-5.7389874
1L63,A,L84M,1.9,-5.4447255,-0.07985904,-5.3648663
1L63,A,L91A,3.9,-5.5977955,-0.09112059,-5.506675
1L63,A,L91M,0.8,-4.2796197,-0.09112059,-4.188499
1L63,A,L99A,4.5,-5.712732,-0.08553477,-5.6271973
1L63,A,L99F,0.3,-5.521495,-0.08553477,-5.4359603
1L63,A,L99I,1.5,-4.9352655,-0.08553477,-4.849731
1L63,A,L99M,0.6,-4.775117,-0.08553477,-4.6895823
1L63,A,L99V,2.0,-5.3972797,-0.08553477,-5.311745
1L63,A,M102L,1.0,-1.4409086,-0.43774304,-1.0031655
1L63,A,M106I,-0.2,-3.9690242,-0.9524808,-3.0165434
1L63,A,M106K,3.4,-3.371748,-0.9524808,-2.4192672
1L63,A,M106L,-0.5,-1.0826566,-0.9524808,-0.13017583
1L63,A,M120K,1.6,-5.4281597,-2.229603,-3.1985567
1L63,A,M120L,-0.5,-0.26320133,-2.229603,1.9664017
1L63,A,M120Y,0.1,-4.664364,-2.229603,-2.4347608
1L63,A,M6A,1.9,-3.9551888,-0.33210716,-3.6230817
1L63,A,M6L,2.8,-3.7559152,-0.33210716,-3.423808
1L63,A,N101A,1.5,-3.1572287,-1.4929888,-1.6642399
1L63,A,N144E,-0.5,-1.3069203,-3.3485718,2.0416515
1L63,A,Q105M,1.2,-3.3327289,-2.6144624,-0.7182665
1L63,A,S117F,-1.1,-5.2531905,-1.0550768,-4.1981134
1L63,A,S38N,-0.0,-2.9587429,-0.5601237,-2.3986192
1L63,A,S44A,-0.3,-1.6585186,-2.802839,1.1443205
1L63,A,S44E,-0.0,-2.116164,-2.802839,0.6866751
1L63,A,S44F,-0.1,-5.0556526,-2.802839,-2.2528136
1L63,A,S44G,0.5,-4.774745,-2.802839,-1.971906
1L63,A,S44I,-0.3,-3.4312363,-2.802839,-0.6283972
1L63,A,S44K,-0.2,-1.6591641,-2.802839,1.143675
1L63,A,S44L,-0.4,-3.8996181,-2.802839,-1.0967791
1L63,A,S44N,0.1,-2.6057434,-2.802839,0.19709563
1L63,A,S44P,3.0,-5.5768576,-2.802839,-2.7740185
1L63,A,S44R,-0.2,-3.6727786,-2.802839,-0.86993957
1L63,A,S44T,-0.0,-2.4996905,-2.802839,0.3031485
1L63,A,S44V,-0.1,-3.5610313,-2.802839,-0.7581923
1L63,A,T109D,-0.6,-2.7109094,-2.5292137,-0.1816957
1L63,A,T109N,-0.1,-2.9060287,-2.5292137,-0.37681508
1L63,A,T152A,1.5,-3.5490189,-0.45659256,-3.0924263
1L63,A,T152C,0.5,-4.3052683,-0.45659256,-3.8486757
1L63,A,T152I,0.4,-3.6884544,-0.45659256,-3.2318618
1L63,A,T152S,2.0,-3.9985073,-0.45659256,-3.5419147
1L63,A,T152V,-0.2,-1.8300073,-0.45659256,-1.3734148
1L63,A,T59A,1.5,-5.3654346,-0.4638187,-4.901616
1L63,A,T59D,1.2,-3.3668308,-0.4638187,-2.903012
1L63,A,T59G,1.6,-4.462885,-0.4638187,-3.999066
1L63,A,T59N,1.1,-3.2696166,-0.4638187,-2.8057978
1L63,A,T59S,0.2,-1.5638074,-0.4638187,-1.0999887
1L63,A,T59V,1.5,-5.640437,-0.4638187,-5.1766186
1L63,A,V103A,2.2,-4.844736,-0.12533295,-4.7194033
1L63,A,V103I,0.5,-4.8152604,-0.12533295,-4.6899276
1L63,A,V103M,1.2,-5.439093,-0.12533295,-5.3137603
1L63,A,V111A,1.3,-4.7814445,-0.13181143,-4.649633
1L63,A,V111I,0.9,-4.9858694,-0.13181143,-4.854058
1L63,A,V111M,0.7,-4.9319825,-0.13181143,-4.800171
1L63,A,V149A,3.2,-5.1511393,-1.0243727,-4.1267667
1L63,A,V149C,2.0,-4.9373064,-1.0243727,-3.9129338
1L63,A,V149G,4.9,-5.081556,-1.0243727,-4.0571833
1L63,A,V149I,0.1,-0.753574,-1.0243727,0.27079868
1L63,A,V149M,2.8,-5.0577593,-1.0243727,-4.0333867
1L63,A,V149S,4.4,-5.3873353,-1.0243727,-4.3629627
1L63,A,V149T,2.8,-2.8926597,-1.0243727,-1.868287
1L63,A,V75T,1.3,-3.1161237,-1.5011232,-1.6150005
1L63,A,V87A,1.7,-5.7696185,-0.11738522,-5.652233
1L63,A,V87I,0.3,-3.494059,-0.11738522,-3.376674
1L63,A,V87M,2.3,-5.6790423,-0.11738522,-5.561657
1L63,A,V87T,1.6,-5.0821667,-0.11738522,-4.9647813
1LZ1,A,A47P,-0.1,-2.8298197,-1.510394,-1.3194257
1LZ1,A,C77A,4.6,-4.890952,-0.08377504,-4.807177
1LZ1,A,D91P,0.4,-1.0628058,-2.3947825,1.3319768
1LZ1,A,I106A,0.9,-4.6548634,-0.34987444,-4.304989
1LZ1,A,I106V,0.7,-3.579188,-0.34987444,-3.2293136
1LZ1,A,I23A,2.5,-5.190759,-0.5899366,-4.6008224
1LZ1,A,I23V,0.4,-1.7368149,-0.5899366,-1.1468782
1LZ1,A,I56A,3.7,-5.529977,-0.8838649,-4.646112
1LZ1,A,I56T,4.3,-5.4442244,-0.8838649,-4.5603595
1LZ1,A,I56V,1.2,-2.7866488,-0.8838649,-1.9027839
1LZ1,A,I59A,1.7,-5.1926017,-0.4419588,-4.750643
1LZ1,A,I59G,3.8,-5.5128546,-0.4419588,-5.0708957
1LZ1,A,I59V,1.1,-3.4074047,-0.4419588,-2.9654458
1LZ1,A,I89A,2.7,-5.686314,-0.18651472,-5.4997993
1LZ1,A,I89V,0.5,-3.1536543,-0.18651472,-2.9671397
1LZ1,A,P103G,0.1,-3.8009849,-1.005791,-2.795194
1LZ1,A,P71G,1.6,-5.4324455,-0.1724803,-5.2599654
1LZ1,A,V100A,0.3,-2.8685088,-0.5542663,-2.3142426
1LZ1,A,V110A,-0.5,-2.6767979,-3.878489,1.2016912
1LZ1,A,V110D,-0.2,-3.0153816,-3.878489,0.86310744
1LZ1,A,V110F,1.9,-4.987632,-3.878489,-1.1091428
1LZ1,A,V110G,2.2,-3.773587,-3.878489,0.10490203
1LZ1,A,V110I,0.8,-4.237151,-3.878489,-0.35866213
1LZ1,A,V110L,-0.1,-4.1080217,-3.878489,-0.22953272
1LZ1,A,V110M,-0.4,-4.91458,-3.878489,-1.0360909
1LZ1,A,V110N,-0.1,-3.1835794,-3.878489,0.6949096
1LZ1,A,V110P,-0.5,-1.2257297,-3.878489,2.6527593
1LZ1,A,V110R,-0.9,-2.9201562,-3.878489,0.9583328
1LZ1,A,V110Y,0.1,-4.6347456,-3.878489,-0.7562566
1LZ1,A,V121A,1.4,-5.0939493,-0.95389116,-4.140058
1LZ1,A,V125A,1.3,-4.696146,-1.0767456,-3.6194005
1LZ1,A,V130A,0.8,-5.53674,-0.13911742,-5.3976226
1LZ1,A,V2A,1.5,-4.5776668,-1.3158088,-3.261858
1LZ1,A,V2D,1.4,-4.5204797,-1.3158088,-3.204671
1LZ1,A,V2F,0.8,-4.7539973,-1.3158088,-3.4381886
1LZ1,A,V2G,1.3,-5.4681883,-1.3158088,-4.1523795
1LZ1,A,V2I,-1.1,-1.8429058,-1.3158088,-0.527097
1LZ1,A,V2L,-0.3,-3.5972145,-1.3158088,-2.2814057
1LZ1,A,V2M,0.2,-4.404134,-1.3158088,-3.088325
1LZ1,A,V2N,1.3,-4.0867805,-1.3158088,-2.7709718
1LZ1,A,V2R,0.4,-3.1180878,-1.3158088,-1.802279
1LZ1,A,V2S,1.4,-3.9150906,-1.3158088,-2.5992818
1LZ1,A,V2Y,0.4,-4.895591,-1.3158088,-3.579782
1LZ1,A,V74A,0.4,-3.4307606,-2.4698977,-0.9608629
1LZ1,A,V74D,0.4,-4.4796314,-2.4698977,-2.0097337
1LZ1,A,V74F,-0.0,-5.027965,-2.4698977,-2.5580673
1LZ1,A,V74G,0.1,-4.971121,-2.4698977,-2.501223
1LZ1,A,V74I,1.9,-2.8215327,-2.4698977,-0.35163498
1LZ1,A,V74L,0.4,-2.8526113,-2.4698977,-0.38271356
1LZ1,A,V74M,0.4,-4.3424087,-2.4698977,-1.8725109
1LZ1,A,V74N,0.3,-3.9432952,-2.4698977,-1.4733975
1LZ1,A,V74R,0.1,-2.292133,-2.4698977,0.17776465
1LZ1,A,V74S,0.4,-2.977497,-2.4698977,-0.50759935
1LZ1,A,V74Y,0.3,-4.906097,-2.4698977,-2.4361992
1LZ1,A,V93A,0.7,-3.2641244,-0.24113269,-3.0229917
1LZ1,A,V99A,1.0,-4.4641848,-1.8175957,-2.646589
1LZ1,A,Y124F,0.4,-1.6581154,-1.4154932,-0.24262214
1LZ1,A,Y20F,0.5,-1.5688574,-0.68494904,-0.8839084
1LZ1,A,Y38F,0.2,-0.78312016,-0.945573,0.16245282
1LZ1,A,Y45F,-0.1,-1.4914124,-1.176622,-0.31479037
1LZ1,A,Y54F,1.0,-2.4652793,-0.31420437,-2.151075
1LZ1,A,Y63F,0.2,-2.866698,-2.2323442,-0.6343539
1N0J,A,I58T,2.7,-2.732305,-4.0329986,1.3006935
1OH0,A,Y32F,-0.2,-0.48637262,-1.6021334,1.1157608
1OH0,A,Y57F,1.2,-1.2191055,-1.3901885,0.17108297
1RN1,C,Q25K,-1.4,-1.1572322,-2.3097064,1.1524743
1VQB,A,I47L,0.4,-2.3209991,-0.7928232,-1.528176
1VQB,A,I47M,1.7,-4.256852,-0.7928232,-3.4640288
1VQB,A,I47V,2.0,-1.0486152,-0.7928232,-0.25579202
1VQB,A,V35I,0.6,-0.9387145,-0.98023444,0.04151994
1VQB,A,Y41F,3.2,-4.4978013,-4.5265846,0.028783321
2LZM,A,A82P,-0.8,-1.4027702,-2.0908458,0.68807566
2LZM,A,A98V,4.9,-5.6952186,-0.28932905,-5.4058895
2LZM,A,D89A,0.5,-3.3094265,-1.0344611,-2.2749653
2LZM,A,G113A,-0.3,-2.726192,-1.0240487,-1.7021433
2LZM,A,G156D,2.3,-5.334668,-0.09178472,-5.242883
2LZM,A,G77A,-0.4,-1.6296575,-0.8721978,-0.7574597
2LZM,A,I3C,-0.0,-4.7067137,-1.5194188,-3.187295
2LZM,A,I3L,-0.7,-0.7038851,-1.5194188,0.81553376
2LZM,A,I3P,3.0,-5.0430384,-1.5194188,-3.5236197
2LZM,A,I3V,0.4,-1.734361,-1.5194188,-0.21494222
2LZM,A,I3Y,2.3,-5.227723,-1.5194188,-3.7083044
2LZM,A,K124G,0.1,-2.28465,-0.7136771,-1.5709729
2LZM,A,K135E,1.0,-3.368768,-1.2671372,-2.1016307
2LZM,A,K147E,0.7,-2.437858,-1.719088,-0.71877015
2LZM,A,K16E,-0.5,-1.9565699,-1.6171932,-0.3393767
2LZM,A,K60P,-0.0,-3.9969323,-1.4649364,-2.5319958
2LZM,A,K85A,0.6,-2.6238837,-0.4252727,-2.198611
2LZM,A,L133A,4.2,-5.2859726,-0.21792719,-5.0680456
2LZM,A,M6I,1.4,-2.2005458,-0.3791564,-1.8213894
2LZM,A,N116D,-0.6,-2.5447505,-2.7017198,0.15696931
2LZM,A,N144D,-0.4,-2.5192142,-3.410831,0.8916168
2LZM,A,N55G,0.6,-2.7219696,-0.70345056,-2.018519
2LZM,A,Q105A,0.6,-2.9952464,-2.527056,-0.46819043
2LZM,A,Q105E,1.1,-3.515057,-2.527056,-0.9880011
2LZM,A,Q105G,1.5,-5.0101995,-2.527056,-2.4831436
2LZM,A,Q123E,-0.4,-0.8931257,-2.1255295,1.2324038
2LZM,A,R119E,-0.0,-2.5410275,-2.3197253,-0.22130227
2LZM,A,R154E,1.1,-3.4735107,-0.9070193,-2.5664914
2LZM,A,R96A,2.0,-4.84501,-1.161888,-3.6831217
2LZM,A,R96D,3.5,-5.549371,-1.161888,-4.3874826
2LZM,A,R96E,2.5,-4.9622407,-1.161888,-3.8003526
2LZM,A,R96G,2.6,-5.1991434,-1.161888,-4.0372553
2LZM,A,R96H,3.1,-4.7457986,-1.161888,-3.5839105
2LZM,A,R96K,-0.0,-1.4606287,-1.161888,-0.29874074
2LZM,A,R96M,2.7,-5.36297,-1.161888,-4.2010818
2LZM,A,R96N,3.0,-5.0290194,-1.161888,-3.8671312
2LZM,A,R96Q,0.3,-1.0151874,-1.161888,0.14670062
2LZM,A,R96S,2.6,-4.802697,-1.161888,-3.640809
2LZM,A,R96V,2.4,-5.50628,-1.161888,-4.344392
2LZM,A,R96W,4.5,-5.537422,-1.161888,-4.375534
2LZM,A,R96Y,4.7,-5.5619335,-1.161888,-4.4000454
2LZM,A,S38D,-0.6,-1.9122419,-0.32608268,-1.5861592
2LZM,A,T115E,-0.3,-2.449406,-0.989154,-1.4602519
2LZM,A,T152S,2.6,-4.209299,-0.6034877,-3.6058114
2LZM,A,T157A,0.5,-5.0102835,-0.3605942,-4.649689
2LZM,A,T157C,1.3,-5.2242856,-0.3605942,-4.8636913
2LZM,A,T157D,1.1,-3.5478358,-0.3605942,-3.1872416
2LZM,A,T157E,0.8,-4.733624,-0.3605942,-4.3730297
2LZM,A,T157F,2.4,-5.5650153,-0.3605942,-5.204421
2LZM,A,T157G,1.1,-4.802303,-0.3605942,-4.4417086
2LZM,A,T157H,2.1,-4.850835,-0.3605942,-4.4902406
2LZM,A,T157I,1.5,-5.553467,-0.3605942,-5.1928725
2LZM,A,T157L,1.7,-5.3110037,-0.3605942,-4.9504094
2LZM,A,T157N,1.2,-2.7547603,-0.3605942,-2.394166
2LZM,A,T157R,-0.3,-3.9686882,-0.3605942,-3.608094
2LZM,A,T157S,0.7,-2.5777938,-0.3605942,-2.2171996
2LZM,A,T157V,1.2,-5.4003086,-0.3605942,-5.0397143
2LZM,A,V131A,-0.3,-2.328734,-2.685983,0.35724902
2LZM,A,V131D,-0.1,-2.7910793,-2.685983,-0.10509634
2LZM,A,V131E,-0.2,-1.6624305,-2.685983,1.0235524
2LZM,A,V131G,0.7,-4.178511,-2.685983,-1.4925282
2LZM,A,V131I,-0.2,-3.1780593,-2.685983,-0.4920764
2LZM,A,V131L,-0.1,-3.6782951,-2.685983,-0.9923122
2LZM,A,V131M,-0.1,-4.411524,-2.685983,-1.7255409
2LZM,A,V131S,0.1,-3.2020926,-2.685983,-0.5161097
2LZM,A,V149C,2.2,-4.862397,-0.9503848,-3.9120123
2RN2,A,A52F,0.5,-4.923249,-3.2764091,-1.6468396
2RN2,A,A52I,-1.9,-3.066871,-3.2764091,0.20953822
2RN2,A,A52L,-1.3,-3.5321527,-3.2764091,-0.2557435
2RN2,A,A52V,-1.7,-1.658118,-3.2764091,1.6182911
2RN2,A,D10N,-0.9,-4.01229,-0.11573354,-3.8965564
2RN2,A,D134A,-2.1,-3.9332294,-0.3350732,-3.5981562
2RN2,A,D134H,-2.3,-4.127406,-0.3350732,-3.792333
2RN2,A,D134N,-1.0,-3.2800536,-0.3350732,-2.9449804
2RN2,A,D70N,-0.9,-2.80178,-0.2091695,-2.5926104
2RN2,A,E48Q,-0.2,-2.7499661,-0.9581577,-1.7918084
2RN2,A,G77A,0.9,-2.6621928,-4.455841,1.7936482
2RN2,A,H62A,-0.4,-3.3809361,-3.7135606,0.33262444
2RN2,A,H62P,-1.1,-0.7156445,-3.7135606,2.9979162
2RN2,A,K95A,-0.1,-4.6252866,-3.6344981,-0.99078846
2RN2,A,K95G,-1.9,-0.48077804,-3.6344981,3.1537201
2RN2,A,K95N,-0.9,-1.9262867,-3.6344981,1.7082114
2RN2,A,V74I,-0.6,-2.7420704,-3.9458,1.2037296
2RN2,A,V74L,-1.0,-0.18812165,-3.9458,3.7576785
3ZCF,A,G41S,3.9,-5.537959,-0.08707951,-5.4508796
3ZCF,A,Y48H,5.56,-2.9000854,-1.249154,-1.6509315
4BVM,A,F57A,1.91,-4.205616,-1.2261338,-2.9794822
4BVM,A,I42N,7.63,-5.476977,-0.31065184,-5.166325
4BVM,A,I51T,5.17,-4.5487175,-0.39026788,-4.1584496
4BVM,A,P38G,5.38,-5.4129663,-0.15938573,-5.2535806
4BVM,A,T50P,1.51,-5.380843,-0.36847377,-5.012369
4LYZ,A,G102A,1.2,-4.589298,-0.16873251,-4.420565
4LYZ,A,G117A,0.8,-5.29856,-0.14709307,-5.151467
4LYZ,A,G49A,0.7,-4.045524,-0.5622467,-3.4832773
4LYZ,A,G67A,0.5,-4.3908205,-0.27916855,-4.111652
4LYZ,A,G71A,2.1,-1.9548695,-2.6640568,0.70918727
4LYZ,A,I55V,0.9,-1.5195744,-0.45263544,-1.066939
4LYZ,A,I58M,1.2,-4.6476684,-0.3529095,-4.294759
4LYZ,A,I78M,0.9,-4.4201784,-0.9940114,-3.426167
4LYZ,A,I98M,0.9,-1.4582293,-0.68068004,-0.77754927
4LYZ,A,M12F,-0.5,-4.2496057,-2.3198817,-1.929724
4LYZ,A,M12L,0.4,-0.22155473,-2.3198817,2.098327
4LYZ,A,S91A,0.2,-1.194607,-1.8039801,0.6093731
4LYZ,A,S91T,-1.0,-4.6510262,-1.8039801,-2.8470461
4LYZ,A,T40S,0.3,-1.7241558,-0.3985291,-1.3256266
5PTI,A,F22A,1.2,-3.9986129,-1.7730532,-2.2255597
5PTI,A,F45A,6.9,-5.6479874,-0.18465894,-5.4633284
5PTI,A,N43G,5.7,-5.8453183,-0.07833914,-5.766979
5PTI,A,Y23A,5.9,-5.6613135,-0.6390032,-5.0223103
5PTI,A,Y35G,5.0,-5.564908,-1.1338221,-4.431086
