mutant,is_wt,-EC50,wt_pdb,mt_pdb,mutant_chain,pe_wt,pe_mt,log_proba_wt,log_proba_mt,log_proba_mt__minus__log_proba_wt
I376A,False,-14.371017824683502,TCR4_T00000_A0201_IMDQVPFSV_0_model_1_model_2_ptm_ft4,,A,1.1822569,-3.15247,-1.8743122358035522,-5.731066894844539,-3.8567546590409867
I376C,False,-14.371017824683502,TCR4_T00000_A0201_IMDQVPFSV_0_model_1_model_2_ptm_ft4,,A,1.1822569,-2.1355667,-1.8743122358035522,-5.818489717135882,-3.9441774813323294
I376D,False,-14.371017824683502,TCR4_T00000_A0201_IMDQVPFSV_0_model_1_model_2_ptm_ft4,,A,1.1822569,-3.2499204,-1.8743122358035522,-5.985787266342828,-4.1114750305392755
I376E,False,-14.371017824683502,TCR4_T00000_A0201_IMDQVPFSV_0_model_1_model_2_ptm_ft4,,A,1.1822569,-2.0469823,-1.8743122358035522,-4.73242892016073,-2.858116684357178
I376F,False,-14.371017824683502,TCR4_T00000_A0201_IMDQVPFSV_0_model_1_model_2_ptm_ft4,,A,1.1822569,2.5557256,-1.8743122358035522,-1.201436841595633,0.6728753942079193
I376G,False,-14.371017824683502,TCR4_T00000_A0201_IMDQVPFSV_0_model_1_model_2_ptm_ft4,,A,1.1822569,-5.0645247,-1.8743122358035522,-7.359018761467275,-5.484706525663722
I376H,False,-14.17119720661898,TCR4_T00000_A0201_IMDQVPFSV_0_model_1_model_2_ptm_ft4,,A,1.1822569,0.5572209,-1.8743122358035522,-2.786244467796464,-0.911932231992912
I376I,True,-0.0,TCR4_T00000_A0201_IMDQVPFSV_0_model_1_model_2_ptm_ft4,,A,1.1822569,1.1822569,-1.8743122358035522,-1.8743122358035522,0.0
I376K,False,-14.371017824683502,TCR4_T00000_A0201_IMDQVPFSV_0_model_1_model_2_ptm_ft4,,A,1.1822569,-2.8750045,-1.8743122358035522,-6.195661674639101,-4.321349438835549
I376L,False,-12.36065641801432,TCR4_T00000_A0201_IMDQVPFSV_0_model_1_model_2_ptm_ft4,,A,1.1822569,0.37408158,-1.8743122358035522,-3.026936984491686,-1.1526247486881338
I376M,False,-14.017970039351788,TCR4_T00000_A0201_IMDQVPFSV_0_model_1_model_2_ptm_ft4,,A,1.1822569,0.46457738,-1.8743122358035522,-3.079173042199795,-1.204860806396243
I376N,False,-14.371017824683502,TCR4_T00000_A0201_IMDQVPFSV_0_model_1_model_2_ptm_ft4,,A,1.1822569,-1.9912342,-1.8743122358035522,-5.238708840380435,-3.364396604576883
I376P,False,-14.371017824683502,TCR4_T00000_A0201_IMDQVPFSV_0_model_1_model_2_ptm_ft4,,A,1.1822569,-3.2957344,-1.8743122358035522,-5.890792631378156,-4.016480395574604
I376Q,False,-14.371017824683502,TCR4_T00000_A0201_IMDQVPFSV_0_model_1_model_2_ptm_ft4,,A,1.1822569,-0.7389256,-1.8743122358035522,-3.571963923284355,-1.6976516874808028
I376R,False,-14.371017824683502,TCR4_T00000_A0201_IMDQVPFSV_0_model_1_model_2_ptm_ft4,,A,1.1822569,-3.4296505,-1.8743122358035522,-7.028468540012506,-5.1541563042089535
I376S,False,-14.084339178262075,TCR4_T00000_A0201_IMDQVPFSV_0_model_1_model_2_ptm_ft4,,A,1.1822569,-2.6641223,-1.8743122358035522,-5.836933943986395,-3.9626217081828425
I376T,False,-14.197590100937564,TCR4_T00000_A0201_IMDQVPFSV_0_model_1_model_2_ptm_ft4,,A,1.1822569,-0.9090363,-1.8743122358035522,-4.408851742160802,-2.534539506357249
I376V,False,-4.787671721590879,TCR4_T00000_A0201_IMDQVPFSV_0_model_1_model_2_ptm_ft4,,A,1.1822569,0.32510418,-1.8743122358035522,-2.735545668967827,-0.8612334331642748
I376W,False,-13.844387422220883,TCR4_T00000_A0201_IMDQVPFSV_0_model_1_model_2_ptm_ft4,,A,1.1822569,-1.3986566,-1.8743122358035522,-4.559611582529574,-2.6852993467260218
I376Y,False,-14.371017824683502,TCR4_T00000_A0201_IMDQVPFSV_0_model_1_model_2_ptm_ft4,,A,1.1822569,2.2952886,-1.8743122358035522,-1.4188844690804658,0.4554277667230864
M377A,False,-11.736401983945942,TCR4_T00000_A0201_IMDQVPFSV_0_model_1_model_2_ptm_ft4,,A,3.01864,-5.207192,-1.1315412967418013,-8.512507877450533,-7.380966580708732
M377C,False,-13.574178448913967,TCR4_T00000_A0201_IMDQVPFSV_0_model_1_model_2_ptm_ft4,,A,3.01864,-2.7095938,-1.1315412967418013,-6.7620588587922965,-5.630517562050495
M377D,False,-14.371017824683502,TCR4_T00000_A0201_IMDQVPFSV_0_model_1_model_2_ptm_ft4,,A,3.01864,-3.931707,-1.1315412967418013,-7.411544404337737,-6.2800031075959355
M377E,False,-14.371017824683502,TCR4_T00000_A0201_IMDQVPFSV_0_model_1_model_2_ptm_ft4,,A,3.01864,-1.0814908,-1.1315412967418013,-4.9065911614480555,-3.7750498647062543
M377F,False,-5.734999589193594,TCR4_T00000_A0201_IMDQVPFSV_0_model_1_model_2_ptm_ft4,,A,3.01864,0.78565055,-1.1315412967418013,-3.119038998476213,-1.9874977017344118
M377G,False,-14.232286656448432,TCR4_T00000_A0201_IMDQVPFSV_0_model_1_model_2_ptm_ft4,,A,3.01864,-8.972197,-1.1315412967418013,-12.431156844194062,-11.29961554745226
M377H,False,-14.371017824683502,TCR4_T00000_A0201_IMDQVPFSV_0_model_1_model_2_ptm_ft4,,A,3.01864,-0.7254991,-1.1315412967418013,-4.401111632952556,-3.269570336210755
M377I,False,-5.873253577047433,TCR4_T00000_A0201_IMDQVPFSV_0_model_1_model_2_ptm_ft4,,A,3.01864,2.9331815,-1.1315412967418013,-1.2459254991574418,-0.11438420241564051
M377K,False,-12.311662754180269,TCR4_T00000_A0201_IMDQVPFSV_0_model_1_model_2_ptm_ft4,,A,3.01864,-3.5418708,-1.1315412967418013,-7.139143544030522,-6.0076022472887205
M377L,False,2.4068270560859744,TCR4_T00000_A0201_IMDQVPFSV_0_model_1_model_2_ptm_ft4,,A,3.01864,2.5920088,-1.1315412967418013,-1.5652338283522182,-0.433692531610417
M377M,True,-0.0,TCR4_T00000_A0201_IMDQVPFSV_0_model_1_model_2_ptm_ft4,,A,3.01864,3.01864,-1.1315412967418013,-1.1315412967418013,0.0
M377N,False,-14.371017824683502,TCR4_T00000_A0201_IMDQVPFSV_0_model_1_model_2_ptm_ft4,,A,3.01864,-1.5735718,-1.1315412967418013,-5.524493903587806,-4.392952606846005
M377P,False,-14.371017824683502,TCR4_T00000_A0201_IMDQVPFSV_0_model_1_model_2_ptm_ft4,,A,3.01864,-4.3045044,-1.1315412967418013,-7.92023370845651,-6.788692411714709
M377Q,False,-12.165979226895354,TCR4_T00000_A0201_IMDQVPFSV_0_model_1_model_2_ptm_ft4,,A,3.01864,0.8078233,-1.1315412967418013,-3.245776848440364,-2.1142355516985627
M377R,False,-11.682540518961083,TCR4_T00000_A0201_IMDQVPFSV_0_model_1_model_2_ptm_ft4,,A,3.01864,-2.7515426,-1.1315412967418013,-6.576848291606405,-5.445306994864604
M377S,False,-11.963311241614118,TCR4_T00000_A0201_IMDQVPFSV_0_model_1_model_2_ptm_ft4,,A,3.01864,-3.9352791,-1.1315412967418013,-7.154199859341054,-6.022658562599252
M377T,False,-9.980277287200549,TCR4_T00000_A0201_IMDQVPFSV_0_model_1_model_2_ptm_ft4,,A,3.01864,-1.1720476,-1.1315412967418013,-4.990207068932267,-3.8586657721904656
M377V,False,-11.874295230411043,TCR4_T00000_A0201_IMDQVPFSV_0_model_1_model_2_ptm_ft4,,A,3.01864,0.058218658,-1.1315412967418013,-3.845160020072492,-2.7136187233306908
M377W,False,-14.296183116789678,TCR4_T00000_A0201_IMDQVPFSV_0_model_1_model_2_ptm_ft4,,A,3.01864,-4.3321238,-1.1315412967418013,-8.284999102427927,-7.153457805686125
M377Y,False,-11.667997012805795,TCR4_T00000_A0201_IMDQVPFSV_0_model_1_model_2_ptm_ft4,,A,3.01864,-0.24931028,-1.1315412967418013,-3.2132086986066795,-2.081667401864878
D378A,False,-13.90718883344532,TCR4_T00000_A0201_IMDQVPFSV_0_model_1_model_2_ptm_ft4,,A,1.1618569,-2.3605297,-1.7154810191825132,-4.520209914994376,-2.804728895811863
D378C,False,-12.815856861296124,TCR4_T00000_A0201_IMDQVPFSV_0_model_1_model_2_ptm_ft4,,A,1.1618569,-0.8424897,-1.7154810191825132,-3.5597779023157425,-1.8442968831332294
D378D,True,-0.0,TCR4_T00000_A0201_IMDQVPFSV_0_model_1_model_2_ptm_ft4,,A,1.1618569,1.1618569,-1.7154810191825132,-1.7154810191825132,0.0
D378E,False,-13.784122788497791,TCR4_T00000_A0201_IMDQVPFSV_0_model_1_model_2_ptm_ft4,,A,1.1618569,0.616794,-1.7154810191825132,-2.357915926033144,-0.642434906850631
D378F,False,-14.250371922122598,TCR4_T00000_A0201_IMDQVPFSV_0_model_1_model_2_ptm_ft4,,A,1.1618569,-0.37836277,-1.7154810191825132,-2.945926201789979,-1.2304451826074658
D378G,False,-14.336554987846746,TCR4_T00000_A0201_IMDQVPFSV_0_model_1_model_2_ptm_ft4,,A,1.1618569,-5.7084746,-1.7154810191825132,-7.816746476024629,-6.101265456842116
D378H,False,-14.371017824683502,TCR4_T00000_A0201_IMDQVPFSV_0_model_1_model_2_ptm_ft4,,A,1.1618569,0.8172246,-1.7154810191825132,-2.0569442735867742,-0.34146325440426106
D378I,False,-14.371017824683502,TCR4_T00000_A0201_IMDQVPFSV_0_model_1_model_2_ptm_ft4,,A,1.1618569,-1.4136837,-1.7154810191825132,-4.2309760253235495,-2.5154950061410366
D378K,False,-14.371017824683502,TCR4_T00000_A0201_IMDQVPFSV_0_model_1_model_2_ptm_ft4,,A,1.1618569,-2.740684,-1.7154810191825132,-5.60005864165566,-3.884577622473147
D378L,False,-13.302290805511593,TCR4_T00000_A0201_IMDQVPFSV_0_model_1_model_2_ptm_ft4,,A,1.1618569,0.7011858,-1.7154810191825132,-1.9440719138106959,-0.22859089462818272
D378M,False,-13.449399280050722,TCR4_T00000_A0201_IMDQVPFSV_0_model_1_model_2_ptm_ft4,,A,1.1618569,-0.11790125,-1.7154810191825132,-2.9371174459463254,-1.2216364267638122
D378N,False,-10.335501303349371,TCR4_T00000_A0201_IMDQVPFSV_0_model_1_model_2_ptm_ft4,,A,1.1618569,0.79504514,-1.7154810191825132,-2.3663873649625793,-0.6509063457800661
D378P,False,-13.712544796933155,TCR4_T00000_A0201_IMDQVPFSV_0_model_1_model_2_ptm_ft4,,A,1.1618569,-3.2100067,-1.7154810191825132,-5.2953057681966405,-3.5798247490141275
D378Q,False,-13.90176579516238,TCR4_T00000_A0201_IMDQVPFSV_0_model_1_model_2_ptm_ft4,,A,1.1618569,0.29334864,-1.7154810191825132,-2.8548395887286437,-1.1393585695461306
D378R,False,-14.371017824683502,TCR4_T00000_A0201_IMDQVPFSV_0_model_1_model_2_ptm_ft4,,A,1.1618569,-2.643579,-1.7154810191825132,-5.606674616207158,-3.891193597024645
D378S,False,-14.350028647097387,TCR4_T00000_A0201_IMDQVPFSV_0_model_1_model_2_ptm_ft4,,A,1.1618569,-0.769093,-1.7154810191825132,-3.210413245618778,-1.494932226436265
D378T,False,-14.371017824683502,TCR4_T00000_A0201_IMDQVPFSV_0_model_1_model_2_ptm_ft4,,A,1.1618569,-0.6681555,-1.7154810191825132,-3.5652038901099425,-1.8497228709274294
D378V,False,-14.251506166134496,TCR4_T00000_A0201_IMDQVPFSV_0_model_1_model_2_ptm_ft4,,A,1.1618569,-1.5676379,-1.7154810191825132,-4.380944503624969,-2.665463484442456
D378W,False,-14.371017824683502,TCR4_T00000_A0201_IMDQVPFSV_0_model_1_model_2_ptm_ft4,,A,1.1618569,-3.0558507,-1.7154810191825132,-4.711220044675511,-2.9957390254929983
D378Y,False,-14.371017824683502,TCR4_T00000_A0201_IMDQVPFSV_0_model_1_model_2_ptm_ft4,,A,1.1618569,-0.5890196,-1.7154810191825132,-3.1993597204170454,-1.4838787012345322
Q379A,False,-14.206343759349808,TCR4_T00000_A0201_IMDQVPFSV_0_model_1_model_2_ptm_ft4,,A,0.8161917,-4.4218855,-2.5786693510754484,-6.886156941287286,-4.307487590211838
Q379C,False,-14.371017824683502,TCR4_T00000_A0201_IMDQVPFSV_0_model_1_model_2_ptm_ft4,,A,0.8161917,-2.759242,-2.5786693510754484,-5.66107061607651,-3.082401265001062
Q379D,False,-14.371017824683502,TCR4_T00000_A0201_IMDQVPFSV_0_model_1_model_2_ptm_ft4,,A,0.8161917,-0.9485687,-2.5786693510754484,-4.41910940085329,-1.8404400497778415
Q379E,False,-14.371017824683502,TCR4_T00000_A0201_IMDQVPFSV_0_model_1_model_2_ptm_ft4,,A,0.8161917,-0.66502,-2.5786693510754484,-4.112191284652823,-1.5335219335773749
Q379F,False,-14.371017824683502,TCR4_T00000_A0201_IMDQVPFSV_0_model_1_model_2_ptm_ft4,,A,0.8161917,0.4161914,-2.5786693510754484,-2.755268850546883,-0.17659949947143483
Q379G,False,-12.803487373160335,TCR4_T00000_A0201_IMDQVPFSV_0_model_1_model_2_ptm_ft4,,A,0.8161917,-7.4731393,-2.5786693510754484,-10.1949851199002,-7.6163157688247525
Q379H,False,-13.76845869394897,TCR4_T00000_A0201_IMDQVPFSV_0_model_1_model_2_ptm_ft4,,A,0.8161917,1.559221,-2.5786693510754484,-1.969900253424293,0.6087690976511553
Q379I,False,-14.371017824683502,TCR4_T00000_A0201_IMDQVPFSV_0_model_1_model_2_ptm_ft4,,A,0.8161917,-0.514437,-2.5786693510754484,-3.745791557554168,-1.1671222064787194
Q379K,False,-14.23361010702366,TCR4_T00000_A0201_IMDQVPFSV_0_model_1_model_2_ptm_ft4,,A,0.8161917,0.6562673,-2.5786693510754484,-2.4445743791399472,0.13409497193550113
Q379L,False,-14.371017824683502,TCR4_T00000_A0201_IMDQVPFSV_0_model_1_model_2_ptm_ft4,,A,0.8161917,2.3536327,-2.5786693510754484,-1.0953810353088347,1.4832883157666137
Q379M,False,-14.371017824683502,TCR4_T00000_A0201_IMDQVPFSV_0_model_1_model_2_ptm_ft4,,A,0.8161917,0.7209555,-2.5786693510754484,-2.675141795329748,-0.09647244425429946
Q379N,False,-14.371017824683502,TCR4_T00000_A0201_IMDQVPFSV_0_model_1_model_2_ptm_ft4,,A,0.8161917,0.27048633,-2.5786693510754484,-3.305831872460252,-0.7271625213848036
Q379P,False,-14.371017824683502,TCR4_T00000_A0201_IMDQVPFSV_0_model_1_model_2_ptm_ft4,,A,0.8161917,-2.545166,-2.5786693510754484,-5.323854094984251,-2.745184743908803
Q379Q,True,-0.0,TCR4_T00000_A0201_IMDQVPFSV_0_model_1_model_2_ptm_ft4,,A,0.8161917,0.8161917,-2.5786693510754484,-2.5786693510754484,0.0
Q379R,False,-14.371017824683502,TCR4_T00000_A0201_IMDQVPFSV_0_model_1_model_2_ptm_ft4,,A,0.8161917,-0.060538005,-2.5786693510754484,-3.5458775522316275,-0.9672082011561791
Q379S,False,-14.371017824683502,TCR4_T00000_A0201_IMDQVPFSV_0_model_1_model_2_ptm_ft4,,A,0.8161917,-2.551086,-2.5786693510754484,-5.681173668294073,-3.1025043172186244
Q379T,False,-14.371017824683502,TCR4_T00000_A0201_IMDQVPFSV_0_model_1_model_2_ptm_ft4,,A,0.8161917,-1.0345144,-2.5786693510754484,-3.8426757579307824,-1.264006406855334
Q379V,False,-14.238191443099202,TCR4_T00000_A0201_IMDQVPFSV_0_model_1_model_2_ptm_ft4,,A,0.8161917,-1.0554457,-2.5786693510754484,-3.8192933705585994,-1.240624019483151
Q379W,False,-14.313645162106598,TCR4_T00000_A0201_IMDQVPFSV_0_model_1_model_2_ptm_ft4,,A,0.8161917,-3.7595959,-2.5786693510754484,-6.7180381253907795,-4.139368774315331
Q379Y,False,-13.691767003348914,TCR4_T00000_A0201_IMDQVPFSV_0_model_1_model_2_ptm_ft4,,A,0.8161917,0.3112742,-2.5786693510754484,-2.8817866720505747,-0.30311732097512634
V380A,False,-14.090831190788824,TCR4_T00000_A0201_IMDQVPFSV_0_model_1_model_2_ptm_ft4,,A,2.7976353,-0.36037356,-1.1557431979010715,-4.016327766281439,-2.860584568380367
V380C,False,-12.621089918114674,TCR4_T00000_A0201_IMDQVPFSV_0_model_1_model_2_ptm_ft4,,A,2.7976353,-0.92821103,-1.1557431979010715,-4.460674603487363,-3.3049314055862915
V380D,False,-14.371017824683502,TCR4_T00000_A0201_IMDQVPFSV_0_model_1_model_2_ptm_ft4,,A,2.7976353,1.1167439,-1.1557431979010715,-2.3554651102803095,-1.199721912379238
V380E,False,-14.371017824683502,TCR4_T00000_A0201_IMDQVPFSV_0_model_1_model_2_ptm_ft4,,A,2.7976353,-0.41346398,-1.1557431979010715,-3.7394377876439853,-2.5836945897429135
V380F,False,-11.306881528186798,TCR4_T00000_A0201_IMDQVPFSV_0_model_1_model_2_ptm_ft4,,A,2.7976353,-3.7587929,-1.1557431979010715,-6.988925473497637,-5.833182275596565
V380G,False,-14.371017824683502,TCR4_T00000_A0201_IMDQVPFSV_0_model_1_model_2_ptm_ft4,,A,2.7976353,-4.9334626,-1.1557431979010715,-8.506571626638767,-7.350828428737695
V380H,False,-14.371017824683502,TCR4_T00000_A0201_IMDQVPFSV_0_model_1_model_2_ptm_ft4,,A,2.7976353,-1.9430584,-1.1557431979010715,-5.39859144407365,-4.242848246172579
V380I,False,0.3979036430291561,TCR4_T00000_A0201_IMDQVPFSV_0_model_1_model_2_ptm_ft4,,A,2.7976353,2.3671322,-1.1557431979010715,-1.3162701906923169,-0.16052699279124538
V380K,False,-14.371017824683502,TCR4_T00000_A0201_IMDQVPFSV_0_model_1_model_2_ptm_ft4,,A,2.7976353,-4.531929,-1.1557431979010715,-8.01136150007863,-6.855618302177558
V380L,False,-4.988581089495879,TCR4_T00000_A0201_IMDQVPFSV_0_model_1_model_2_ptm_ft4,,A,2.7976353,-1.0888513,-1.1557431979010715,-4.599126461339941,-3.4433832634388697
V380M,False,-13.302174973019742,TCR4_T00000_A0201_IMDQVPFSV_0_model_1_model_2_ptm_ft4,,A,2.7976353,-1.7053213,-1.1557431979010715,-5.217427175563861,-4.061683977662789
V380N,False,-14.371017824683502,TCR4_T00000_A0201_IMDQVPFSV_0_model_1_model_2_ptm_ft4,,A,2.7976353,1.0073371,-1.1557431979010715,-2.680150862653537,-1.5244076647524654
V380P,False,-14.313331514189583,TCR4_T00000_A0201_IMDQVPFSV_0_model_1_model_2_ptm_ft4,,A,2.7976353,-2.7050874,-1.1557431979010715,-5.857800782387778,-4.702057584486706
V380Q,False,-14.371017824683502,TCR4_T00000_A0201_IMDQVPFSV_0_model_1_model_2_ptm_ft4,,A,2.7976353,-1.1190522,-1.1557431979010715,-4.622614080012921,-3.4668708821118495
V380R,False,-14.371017824683502,TCR4_T00000_A0201_IMDQVPFSV_0_model_1_model_2_ptm_ft4,,A,2.7976353,-5.3137965,-1.1557431979010715,-9.054711537922032,-7.89896834002096
V380S,False,-14.371017824683502,TCR4_T00000_A0201_IMDQVPFSV_0_model_1_model_2_ptm_ft4,,A,2.7976353,0.30227405,-1.1557431979010715,-3.3035956716756307,-2.1478524737745595
V380T,False,-13.069247136734916,TCR4_T00000_A0201_IMDQVPFSV_0_model_1_model_2_ptm_ft4,,A,2.7976353,1.8022945,-1.1557431979010715,-2.0498754155062353,-0.8941322176051638
V380V,True,-0.0,TCR4_T00000_A0201_IMDQVPFSV_0_model_1_model_2_ptm_ft4,,A,2.7976353,2.7976353,-1.1557431979010715,-1.1557431979010715,0.0
V380W,False,-14.181118086207425,TCR4_T00000_A0201_IMDQVPFSV_0_model_1_model_2_ptm_ft4,,A,2.7976353,-6.838768,-1.1557431979010715,-10.141373233356543,-8.985630035455472
V380Y,False,-14.371017824683502,TCR4_T00000_A0201_IMDQVPFSV_0_model_1_model_2_ptm_ft4,,A,2.7976353,-4.1477942,-1.1557431979010715,-7.607892191440149,-6.452148993539077
P381A,False,-14.371017824683502,TCR4_T00000_A0201_IMDQVPFSV_0_model_1_model_2_ptm_ft4,,A,4.95028,0.16496089,-0.15580729283471692,-4.245975166288986,-4.090167873454269
P381C,False,-13.93472502431466,TCR4_T00000_A0201_IMDQVPFSV_0_model_1_model_2_ptm_ft4,,A,4.95028,-0.9520375,-0.15580729283471692,-5.0608089029637116,-4.905001610128995
P381D,False,-14.371017824683502,TCR4_T00000_A0201_IMDQVPFSV_0_model_1_model_2_ptm_ft4,,A,4.95028,0.56503356,-0.15580729283471692,-3.6434009379553474,-3.4875936451206306
P381E,False,-14.371017824683502,TCR4_T00000_A0201_IMDQVPFSV_0_model_1_model_2_ptm_ft4,,A,4.95028,0.7586117,-0.15580729283471692,-3.6916974561432596,-3.535890163308543
P381F,False,-14.371017824683502,TCR4_T00000_A0201_IMDQVPFSV_0_model_1_model_2_ptm_ft4,,A,4.95028,-3.6602485,-0.15580729283471692,-8.041575421470275,-7.885768128635559
P381G,False,-14.371017824683502,TCR4_T00000_A0201_IMDQVPFSV_0_model_1_model_2_ptm_ft4,,A,4.95028,-3.0936427,-0.15580729283471692,-7.311205741617012,-7.155398448782296
P381H,False,-13.73522498893536,TCR4_T00000_A0201_IMDQVPFSV_0_model_1_model_2_ptm_ft4,,A,4.95028,-1.00695,-0.15580729283471692,-5.366269989418833,-5.210462696584116
P381I,False,-14.371017824683502,TCR4_T00000_A0201_IMDQVPFSV_0_model_1_model_2_ptm_ft4,,A,4.95028,-2.0911903,-0.15580729283471692,-6.510477615767272,-6.354670322932555
P381K,False,-13.500250987685783,TCR4_T00000_A0201_IMDQVPFSV_0_model_1_model_2_ptm_ft4,,A,4.95028,-3.4711666,-0.15580729283471692,-7.87691806123907,-7.721110768404353
P381L,False,-14.371017824683502,TCR4_T00000_A0201_IMDQVPFSV_0_model_1_model_2_ptm_ft4,,A,4.95028,-1.833987,-0.15580729283471692,-6.106239932929229,-5.950432640094513
P381M,False,-14.111715343689468,TCR4_T00000_A0201_IMDQVPFSV_0_model_1_model_2_ptm_ft4,,A,4.95028,-2.3927155,-0.15580729283471692,-7.019937839046934,-6.864130546212217
P381N,False,-14.371017824683502,TCR4_T00000_A0201_IMDQVPFSV_0_model_1_model_2_ptm_ft4,,A,4.95028,-0.54637957,-0.15580729283471692,-5.146007115850086,-4.990199823015369
P381P,True,-0.0,TCR4_T00000_A0201_IMDQVPFSV_0_model_1_model_2_ptm_ft4,,A,4.95028,4.95028,-0.15580729283471692,-0.15580729283471692,0.0
P381Q,False,-14.371017824683502,TCR4_T00000_A0201_IMDQVPFSV_0_model_1_model_2_ptm_ft4,,A,4.95028,-0.092837855,-0.15580729283471692,-4.392045775818914,-4.236238482984198
P381R,False,-14.371017824683502,TCR4_T00000_A0201_IMDQVPFSV_0_model_1_model_2_ptm_ft4,,A,4.95028,-4.5747027,-0.15580729283471692,-8.862255132884785,-8.706447840050068
P381S,False,-14.371017824683502,TCR4_T00000_A0201_IMDQVPFSV_0_model_1_model_2_ptm_ft4,,A,4.95028,0.4045934,-0.15580729283471692,-4.37411289794439,-4.2183056051096735
P381T,False,-13.915287055933186,TCR4_T00000_A0201_IMDQVPFSV_0_model_1_model_2_ptm_ft4,,A,4.95028,0.51654375,-0.15580729283471692,-3.826163495801528,-3.6703562029668113
P381V,False,-14.371017824683502,TCR4_T00000_A0201_IMDQVPFSV_0_model_1_model_2_ptm_ft4,,A,4.95028,-0.23964918,-0.15580729283471692,-4.725172733072553,-4.569365440237836
P381W,False,-3.066756324884225,TCR4_T00000_A0201_IMDQVPFSV_0_model_1_model_2_ptm_ft4,,A,4.95028,-7.4319725,-0.15580729283471692,-11.505593619218823,-11.349786326384105
P381Y,False,-11.891200011703187,TCR4_T00000_A0201_IMDQVPFSV_0_model_1_model_2_ptm_ft4,,A,4.95028,-3.877695,-0.15580729283471692,-8.261373287493791,-8.105565994659074
F382A,False,-14.371017824683502,TCR4_T00000_A0201_IMDQVPFSV_0_model_1_model_2_ptm_ft4,,A,3.6374161,-8.281167,-1.393095335600428,-12.06555970470093,-10.672464369100503
F382C,False,-3.0532188681105747,TCR4_T00000_A0201_IMDQVPFSV_0_model_1_model_2_ptm_ft4,,A,3.6374161,-4.494601,-1.393095335600428,-8.768133159132013,-7.375037823531585
F382D,False,-6.003512830065704,TCR4_T00000_A0201_IMDQVPFSV_0_model_1_model_2_ptm_ft4,,A,3.6374161,-3.4682918,-1.393095335600428,-7.842233736092734,-6.449138400492306
F382E,False,-5.963118313161912,TCR4_T00000_A0201_IMDQVPFSV_0_model_1_model_2_ptm_ft4,,A,3.6374161,-0.8735353,-1.393095335600428,-5.176220571920409,-3.7831252363199805
F382F,True,-0.0,TCR4_T00000_A0201_IMDQVPFSV_0_model_1_model_2_ptm_ft4,,A,3.6374161,3.6374161,-1.393095335600428,-1.393095335600428,0.0
F382G,False,-12.137655652725975,TCR4_T00000_A0201_IMDQVPFSV_0_model_1_model_2_ptm_ft4,,A,3.6374161,-10.017557,-1.393095335600428,-14.188521852248932,-12.795426516648504
F382H,False,-5.160400031784251,TCR4_T00000_A0201_IMDQVPFSV_0_model_1_model_2_ptm_ft4,,A,3.6374161,1.798886,-1.393095335600428,-2.7627794097238527,-1.3696840741234246
F382I,False,-12.907356261731143,TCR4_T00000_A0201_IMDQVPFSV_0_model_1_model_2_ptm_ft4,,A,3.6374161,-2.005657,-1.393095335600428,-6.543517324341906,-5.150421988741478
F382K,False,-14.371017824683502,TCR4_T00000_A0201_IMDQVPFSV_0_model_1_model_2_ptm_ft4,,A,3.6374161,-1.1657268,-1.393095335600428,-5.9659241120842355,-4.572828776483807
F382L,False,-14.283164359110463,TCR4_T00000_A0201_IMDQVPFSV_0_model_1_model_2_ptm_ft4,,A,3.6374161,-0.7600726,-1.393095335600428,-5.415013642449372,-4.021918306848944
F382M,False,-14.371017824683502,TCR4_T00000_A0201_IMDQVPFSV_0_model_1_model_2_ptm_ft4,,A,3.6374161,2.4629734,-1.393095335600428,-2.2050567483238517,-0.8119614127234236
F382N,False,-12.63620687122402,TCR4_T00000_A0201_IMDQVPFSV_0_model_1_model_2_ptm_ft4,,A,3.6374161,-1.6143135,-1.393095335600428,-5.790306351647633,-4.397211016047205
F382P,False,-14.333855956257617,TCR4_T00000_A0201_IMDQVPFSV_0_model_1_model_2_ptm_ft4,,A,3.6374161,-6.97268,-1.393095335600428,-10.07647069625452,-8.683375360654091
F382Q,False,-14.10835563965972,TCR4_T00000_A0201_IMDQVPFSV_0_model_1_model_2_ptm_ft4,,A,3.6374161,0.11919205,-1.393095335600428,-4.32215548281589,-2.929060147215462
F382R,False,-14.1533160978631,TCR4_T00000_A0201_IMDQVPFSV_0_model_1_model_2_ptm_ft4,,A,3.6374161,-0.19804999,-1.393095335600428,-4.901418600603229,-3.508323265002801
F382S,False,-14.178633580905943,TCR4_T00000_A0201_IMDQVPFSV_0_model_1_model_2_ptm_ft4,,A,3.6374161,-6.2583895,-1.393095335600428,-10.236150453810788,-8.84305511821036
F382T,False,-13.8673649094145,TCR4_T00000_A0201_IMDQVPFSV_0_model_1_model_2_ptm_ft4,,A,3.6374161,-3.881226,-1.393095335600428,-7.6946472985811045,-6.301551962980676
F382V,False,-13.320186065328825,TCR4_T00000_A0201_IMDQVPFSV_0_model_1_model_2_ptm_ft4,,A,3.6374161,-3.4851565,-1.393095335600428,-7.897865917891644,-6.504770582291216
F382W,False,-0.2033133677598264,TCR4_T00000_A0201_IMDQVPFSV_0_model_1_model_2_ptm_ft4,,A,3.6374161,2.940309,-1.393095335600428,-1.852229416121232,-0.45913408052080396
F382Y,False,0.8959241612237123,TCR4_T00000_A0201_IMDQVPFSV_0_model_1_model_2_ptm_ft4,,A,3.6374161,4.029598,-1.393095335600428,-0.9620191569819051,0.431076178618523
S383A,False,-11.78030710669658,TCR4_T00000_A0201_IMDQVPFSV_0_model_1_model_2_ptm_ft4,,A,2.484981,1.3864511,-1.6254137697642481,-2.7189732796548522,-1.0935595098906041
S383C,False,-5.168118798358238,TCR4_T00000_A0201_IMDQVPFSV_0_model_1_model_2_ptm_ft4,,A,2.484981,-0.39930007,-1.6254137697642481,-4.5896305629967244,-2.9642167932324766
S383D,False,-4.165027475774062,TCR4_T00000_A0201_IMDQVPFSV_0_model_1_model_2_ptm_ft4,,A,2.484981,1.3711903,-1.6254137697642481,-2.3673129948116896,-0.7418992250474414
S383E,False,-4.416011172460324,TCR4_T00000_A0201_IMDQVPFSV_0_model_1_model_2_ptm_ft4,,A,2.484981,-0.5174698,-1.6254137697642481,-4.379681355158691,-2.7542675853944427
S383F,False,-0.46482908680075,TCR4_T00000_A0201_IMDQVPFSV_0_model_1_model_2_ptm_ft4,,A,2.484981,-5.1098833,-1.6254137697642481,-8.76967255643022,-7.144258786665971
S383G,False,-0.3599361322126557,TCR4_T00000_A0201_IMDQVPFSV_0_model_1_model_2_ptm_ft4,,A,2.484981,-3.1887765,-1.6254137697642481,-6.878511589703892,-5.2530978199396445
S383H,False,-0.2882593543825505,TCR4_T00000_A0201_IMDQVPFSV_0_model_1_model_2_ptm_ft4,,A,2.484981,-1.8050716,-1.6254137697642481,-5.421563269947724,-3.7961495001834757
S383I,False,-3.0207295748354923,TCR4_T00000_A0201_IMDQVPFSV_0_model_1_model_2_ptm_ft4,,A,2.484981,-2.0089157,-1.6254137697642481,-5.677408058637929,-4.051994288873681
S383K,False,-11.67107047083597,TCR4_T00000_A0201_IMDQVPFSV_0_model_1_model_2_ptm_ft4,,A,2.484981,-4.6251616,-1.6254137697642481,-8.392683606875373,-6.767269837111125
S383L,False,-1.1868402575299848,TCR4_T00000_A0201_IMDQVPFSV_0_model_1_model_2_ptm_ft4,,A,2.484981,-2.5850406,-1.6254137697642481,-6.253956362011146,-4.628542592246898
S383M,False,-5.785261987878525,TCR4_T00000_A0201_IMDQVPFSV_0_model_1_model_2_ptm_ft4,,A,2.484981,-4.196369,-1.6254137697642481,-7.828824644485985,-6.203410874721737
S383N,False,0.4432527636998672,TCR4_T00000_A0201_IMDQVPFSV_0_model_1_model_2_ptm_ft4,,A,2.484981,1.064295,-1.6254137697642481,-2.9186869513972806,-1.2932731816330325
S383P,False,-14.371017824683502,TCR4_T00000_A0201_IMDQVPFSV_0_model_1_model_2_ptm_ft4,,A,2.484981,3.0381076,-1.6254137697642481,-0.9826914384195236,0.6427223313447246
S383Q,False,-1.9051797387416576,TCR4_T00000_A0201_IMDQVPFSV_0_model_1_model_2_ptm_ft4,,A,2.484981,-1.761873,-1.6254137697642481,-5.846275869000388,-4.2208620992361405
S383R,False,-5.629095425628403,TCR4_T00000_A0201_IMDQVPFSV_0_model_1_model_2_ptm_ft4,,A,2.484981,-5.811583,-1.6254137697642481,-9.498394942836272,-7.8729811730720245
S383S,True,-0.0,TCR4_T00000_A0201_IMDQVPFSV_0_model_1_model_2_ptm_ft4,,A,2.484981,2.484981,-1.6254137697642481,-1.6254137697642481,0.0
S383T,False,0.9061582950187704,TCR4_T00000_A0201_IMDQVPFSV_0_model_1_model_2_ptm_ft4,,A,2.484981,2.2385795,-1.6254137697642481,-1.9457137635986435,-0.32029999383439534
S383V,False,-3.278987094809698,TCR4_T00000_A0201_IMDQVPFSV_0_model_1_model_2_ptm_ft4,,A,2.484981,0.6854539,-1.6254137697642481,-3.3540637395742463,-1.7286499698099982
S383W,False,-0.3016918021755277,TCR4_T00000_A0201_IMDQVPFSV_0_model_1_model_2_ptm_ft4,,A,2.484981,-8.731911,-1.6254137697642481,-11.627786313731992,-10.002372543967743
S383Y,False,3.1163778731364142,TCR4_T00000_A0201_IMDQVPFSV_0_model_1_model_2_ptm_ft4,,A,2.484981,-5.6885,-1.6254137697642481,-8.984584679783163,-7.359170910018915
V384A,False,-3.9932099523156057,TCR4_T00000_A0201_IMDQVPFSV_0_model_1_model_2_ptm_ft4,,A,2.897096,-2.7771266,-1.1498116712663584,-6.345125091825724,-5.195313420559366
V384C,False,-3.8242063094867818,TCR4_T00000_A0201_IMDQVPFSV_0_model_1_model_2_ptm_ft4,,A,2.897096,-0.74702674,-1.1498116712663584,-4.306469456099691,-3.1566577848333326
V384D,False,-13.836269423564731,TCR4_T00000_A0201_IMDQVPFSV_0_model_1_model_2_ptm_ft4,,A,2.897096,-3.365829,-1.1498116712663584,-5.533535839194128,-4.383724167927769
V384E,False,-11.870696997298184,TCR4_T00000_A0201_IMDQVPFSV_0_model_1_model_2_ptm_ft4,,A,2.897096,-2.8994708,-1.1498116712663584,-6.329224326323444,-5.179412655057085
V384F,False,-14.371017824683502,TCR4_T00000_A0201_IMDQVPFSV_0_model_1_model_2_ptm_ft4,,A,2.897096,-2.0438657,-1.1498116712663584,-4.586893922373049,-3.4370822511066903
V384G,False,-12.587386414011243,TCR4_T00000_A0201_IMDQVPFSV_0_model_1_model_2_ptm_ft4,,A,2.897096,-6.36987,-1.1498116712663584,-9.801681752921958,-8.6518700816556
V384H,False,-3.747749456489175,TCR4_T00000_A0201_IMDQVPFSV_0_model_1_model_2_ptm_ft4,,A,2.897096,-1.5926645,-1.1498116712663584,-4.8055245190354645,-3.655712847769106
V384I,False,-5.7503918220043335,TCR4_T00000_A0201_IMDQVPFSV_0_model_1_model_2_ptm_ft4,,A,2.897096,1.3882024,-1.1498116712663584,-2.637785226860618,-1.4879735555942595
V384K,False,-10.500306498476084,TCR4_T00000_A0201_IMDQVPFSV_0_model_1_model_2_ptm_ft4,,A,2.897096,-4.282143,-1.1498116712663584,-7.269226407545989,-6.11941473627963
V384L,False,-12.5692811178778,TCR4_T00000_A0201_IMDQVPFSV_0_model_1_model_2_ptm_ft4,,A,2.897096,2.7331462,-1.1498116712663584,-1.0270447799229492,0.12276689134340923
V384M,False,-13.577458764521742,TCR4_T00000_A0201_IMDQVPFSV_0_model_1_model_2_ptm_ft4,,A,2.897096,0.56630486,-1.1498116712663584,-2.7133227046119246,-1.5635110333455662
V384N,False,-13.867430925144252,TCR4_T00000_A0201_IMDQVPFSV_0_model_1_model_2_ptm_ft4,,A,2.897096,-0.73977107,-1.1498116712663584,-2.9527762216921207,-1.8029645504257623
V384P,False,-12.65991556416544,TCR4_T00000_A0201_IMDQVPFSV_0_model_1_model_2_ptm_ft4,,A,2.897096,-1.125354,-1.1498116712663584,-3.9553184362459293,-2.8055067649795706
V384Q,False,-14.371017824683502,TCR4_T00000_A0201_IMDQVPFSV_0_model_1_model_2_ptm_ft4,,A,2.897096,-1.5445026,-1.1498116712663584,-4.999744088610137,-3.849932417343778
V384R,False,-14.371017824683502,TCR4_T00000_A0201_IMDQVPFSV_0_model_1_model_2_ptm_ft4,,A,2.897096,-3.9346213,-1.1498116712663584,-6.36841378285056,-5.218602111584201
V384S,False,-12.394074339024431,TCR4_T00000_A0201_IMDQVPFSV_0_model_1_model_2_ptm_ft4,,A,2.897096,-2.405088,-1.1498116712663584,-5.425735335310483,-4.275923664044124
V384T,False,-4.437362766294803,TCR4_T00000_A0201_IMDQVPFSV_0_model_1_model_2_ptm_ft4,,A,2.897096,0.81322974,-1.1498116712663584,-2.7881049973867493,-1.638293326120391
V384V,True,-0.0,TCR4_T00000_A0201_IMDQVPFSV_0_model_1_model_2_ptm_ft4,,A,2.897096,2.897096,-1.1498116712663584,-1.1498116712663584,0.0
V384W,False,-14.371017824683502,TCR4_T00000_A0201_IMDQVPFSV_0_model_1_model_2_ptm_ft4,,A,2.897096,-6.695545,-1.1498116712663584,-9.006541989624276,-7.856730318357918
V384Y,False,-14.371017824683502,TCR4_T00000_A0201_IMDQVPFSV_0_model_1_model_2_ptm_ft4,,A,2.897096,-3.7402363,-1.1498116712663584,-6.537590694579033,-5.3877790233126746
