mutant,linear,mutation_effect_prediction_vae_ensemble,mutation_effect_prediction_vae_1,mutation_effect_prediction_vae_2,mutation_effect_prediction_vae_3,mutation_effect_prediction_vae_4,mutation_effect_prediction_vae_5,mutation_effect_prediction_pairwise,mutation_effect_prediction_independent,chain,wt_pdb,pe_wt,pe_mt,log_proba_wt,log_proba_mt,log_proba_mt__minus__log_proba_wt
D170C,1.08657274,,,,,,,,,A,2lay,-0.24312195,-0.38855574,-2.938282961391417,-3.08430859733927,-0.1460256359478529
D170E,1.449640362,,,,,,,,,A,2lay,-0.24312195,-0.27237052,-2.938282961391417,-2.9673553219464583,-0.029072360555041143
D170G,1.586071832,,,,,,,,,A,2lay,-0.24312195,-0.2616263,-2.938282961391417,-2.956713221255613,-0.018430259864195886
D170F,1.390984458,,,,,,,,,A,2lay,-0.24312195,-0.33605286,-2.938282961391417,-3.0318659834737134,-0.09358302208229619
D170I,1.510918047,,,,,,,,,A,2lay,-0.24312195,-0.32434648,-2.938282961391417,-3.0197968836033016,-0.08151392221188436
D170H,1.082612035,,,,,,,,,A,2lay,-0.24312195,-0.31136826,-2.938282961391417,-3.0056320030360104,-0.06734904164459321
D170K,1.986607392,,,,,,,,,A,2lay,-0.24312195,-0.25925928,-2.938282961391417,-2.954941185725489,-0.016658224334071825
D170L,1.757548039,,,,,,,,,A,2lay,-0.24312195,-0.26801115,-2.938282961391417,-2.9629137037427573,-0.024630742351340107
D170N,1.191825583,,,,,,,,,A,2lay,-0.24312195,-0.25083807,-2.938282961391417,-2.943225948000011,-0.0049429866085937135
D170Q,1.612474668,,,,,,,,,A,2lay,-0.24312195,-0.32520217,-2.938282961391417,-3.021532473337504,-0.08324951194608676
D170P,2.502210796,,,,,,,,,A,2lay,-0.24312195,-0.5088692,-2.938282961391417,-3.2012045330382874,-0.26292157164687024
D170S,1.238792683,,,,,,,,,A,2lay,-0.24312195,-0.19654179,-2.938282961391417,-2.8908591534973187,0.0474238078940985
D170R,2.470139561,,,,,,,,,A,2lay,-0.24312195,-0.23214467,-2.938282961391417,-2.927702733675777,0.010580227715640156
D170T,1.867418334,,,,,,,,,A,2lay,-0.24312195,-0.3024573,-2.938282961391417,-2.997992450570156,-0.05970948917873864
D170V,1.9505742,,,,,,,,,A,2lay,-0.24312195,-0.3532942,-2.938282961391417,-3.0490114621802515,-0.11072850078883434
D170Y,1.135424459,,,,,,,,,A,2lay,-0.24312195,-0.35259157,-2.938282961391417,-3.0485030498229513,-0.11022008843153408
V171A,1.298013126,,,,,,,,,A,2lay,-0.28642374,-0.20873626,-3.00526628500236,-2.9278529451118263,0.0774133398905339
V171E,1.397016889,,,,,,,,,A,2lay,-0.28642374,-0.15663603,-3.00526628500236,-2.875266334534548,0.1299999504678122
V171D,1.860249175,,,,,,,,,A,2lay,-0.28642374,-0.24310124,-3.00526628500236,-2.9614381675418286,0.0438281174605315
V171G,1.974818609,,,,,,,,,A,2lay,-0.28642374,-0.34778967,-3.00526628500236,-3.0666098454130193,-0.06134356041065914
V171F,1.127986667,,,,,,,,,A,2lay,-0.28642374,-0.30656132,-3.00526628500236,-3.0258968233559176,-0.020630538353557437
V171I,1.199341502,,,,,,,,,A,2lay,-0.28642374,-0.23766315,-3.00526628500236,-2.956590895051003,0.04867538995135723
V171H,2.200604356,,,,,,,,,A,2lay,-0.28642374,-0.3061747,-3.00526628500236,-3.025378858085895,-0.02011257308353498
V171M,1.323938731,,,,,,,,,A,2lay,-0.28642374,-0.3047499,-3.00526628500236,-3.0242476892318804,-0.018981404229520216
V171L,1.583837055,,,,,,,,,A,2lay,-0.28642374,-0.25039998,-3.00526628500236,-2.9701968951737263,0.035069389828633835
V171N,2.749499045,,,,,,,,,A,2lay,-0.28642374,-0.29266566,-3.00526628500236,-3.0105469120745765,-0.005280627072216326
V171P,2.75929815,,,,,,,,,A,2lay,-0.28642374,-0.47379437,-3.00526628500236,-3.189851433754045,-0.18458514875168497
V171S,1.833689529,,,,,,,,,A,2lay,-0.28642374,-0.17945294,-3.00526628500236,-2.8982804548584853,0.10698583014387486
V171R,3.462110809,,,,,,,,,A,2lay,-0.28642374,-0.22925648,-3.00526628500236,-2.949360516752453,0.05590576824990734
V171T,0.963624688,,,,,,,,,A,2lay,-0.28642374,-0.25285012,-3.00526628500236,-2.9695079856484052,0.035758299353954914
V171Y,1.198164072,,,,,,,,,A,2lay,-0.28642374,-0.32018965,-3.00526628500236,-3.0398532194948173,-0.0345869344924572
P172A,1.185524545,,,,,,,,,A,2lay,-0.40433875,-0.25053555,-3.1149805801825434,-2.9604024002392793,0.15457817994326417
P172E,0.808047348,,,,,,,,,A,2lay,-0.40433875,-0.07173467,-3.1149805801825434,-2.783063053943302,0.3319175262392413
P172G,1.646431217,,,,,,,,,A,2lay,-0.40433875,-0.3904077,-3.1149805801825434,-3.1023358890175126,0.012644691165030864
P172F,0.5264220279999999,,,,,,,,,A,2lay,-0.40433875,-0.30930597,-3.1149805801825434,-3.021473643505404,0.0935069366771395
P172I,1.081574506,,,,,,,,,A,2lay,-0.40433875,-0.2731368,-3.1149805801825434,-2.9842650907490027,0.13071548943354072
P172H,0.981326217,,,,,,,,,A,2lay,-0.40433875,-0.29845336,-3.1149805801825434,-3.010529312296606,0.1044512678859375
P172K,1.34184025,,,,,,,,,A,2lay,-0.40433875,-0.23308,-3.1149805801825434,-2.943933784212548,0.17104679596999528
P172L,0.917905338,,,,,,,,,A,2lay,-0.40433875,-0.31735763,-3.1149805801825434,-3.028821138798401,0.08615944138414244
P172Q,0.97954644,,,,,,,,,A,2lay,-0.40433875,-0.27377898,-3.1149805801825434,-2.98528066449128,0.12969991569126327
P172S,1.326588984,,,,,,,,,A,2lay,-0.40433875,-0.2524841,-3.1149805801825434,-2.9633364500102997,0.15164413017224376
P172R,1.396370152,,,,,,,,,A,2lay,-0.40433875,-0.2612464,-3.1149805801825434,-2.9735263335174493,0.1414542466650941
P172T,1.101012436,,,,,,,,,A,2lay,-0.40433875,-0.27309108,-3.1149805801825434,-2.9848033515896852,0.13017722859285819
L173F,0.581268889,-7.554934761810001,-7.587551664349999,-7.644634805680001,-7.64485080528,-7.64895726204,-7.248679271699999,-8.60603497038,-7.2470434536,A,2lay,-0.13937,-0.26056898,-2.8238629022353394,-2.9461974163866,-0.12233451415126062
L173H,0.268812135,-8.68901145554,-8.627835031510001,-9.36916431618,-8.66910058212,-8.675935543060001,-8.10302180481,-10.5647691958,-11.7214877956,A,2lay,-0.13937,-0.3333556,-2.8238629022353394,-3.0193539712517232,-0.1954910690163838
L173M,1.08444462,-4.50608036041,-4.48145533943,-4.56545691681,-4.640613376619999,-4.52754572296,-4.31533044624,-4.59508201829,-4.41727750256,A,2lay,-0.13937,-0.26257056,-2.8238629022353394,-2.9482963164705756,-0.12443341423523613
L173Q,0.227748626,-8.61269953995,-8.69184640121,-9.04276239395,-8.64947562218,-8.55957844543,-8.11983483696,-10.5647691958,-11.7214877956,A,2lay,-0.13937,-0.27193934,-2.8238629022353394,-2.956856843876561,-0.13299394164122136
L173P,0.271741785,-8.57225341415,-8.55936054993,-9.03409790611,-8.68030702019,-8.53381593895,-8.05368565559,-10.5647691958,-11.7214877956,A,2lay,-0.13937,-0.63550687,-2.8238629022353394,-3.319923658310102,-0.49606075607476274
L173R,0.165804027,-8.49595784683,-8.581775489810001,-8.827396158220001,-8.5340959549,-8.520760255810002,-8.01576137543,-10.5647691958,-11.7214877956,A,2lay,-0.13937,-0.20942874,-2.8238629022353394,-2.895578596324545,-0.07171569408920542
L173T,0.207538415,-8.48503920631,-8.61160159302,-8.78864849663,-8.448605669019999,-8.4512473774,-8.12509289551,-10.5647691958,-11.7214877956,A,2lay,-0.13937,-0.28740165,-2.8238629022353394,-2.9736648050584327,-0.14980190282309325
L173W,0.242428955,-8.066549732210001,-8.15879490089,-8.29171336746,-8.18919197083,-8.0985909977,-7.59445742416,-8.80383438081,-7.94777970592,A,2lay,-0.13937,-0.24762706,-2.8238629022353394,-2.93224496754363,-0.10838206530829053
L173V,0.567276852,-5.299455711359999,-5.16356827164,-5.29247371101,-5.37280581856,-5.15395998001,-5.5144707756,-7.386039988139999,-4.94673285051,A,2lay,-0.13937,-0.1960382,-2.8238629022353394,-2.880421075291823,-0.056558173056483696
P174A,0.398852739,-5.11105708046,-5.00792250443,-5.321542530059999,-5.125075160980001,-5.074976270680001,-5.02576893616,-6.52129900595,-4.80684826368,A,2lay,-0.12894751,-0.3075382,-2.7790554287446505,-2.952257805718215,-0.17320237697356466
P174G,0.827341338,-6.453157217030001,-6.40719911385,-6.62154055214,-6.44329071617,-6.48208031654,-6.31167538643,-7.03943803906,-6.02358420753,A,2lay,-0.12894751,-0.347964,-2.7790554287446505,-2.9940775151585566,-0.21502208641390608
P174L,0.327942052,-6.10185346489,-6.07017274857,-6.26312244987,-6.115095340730001,-6.00594818306,-6.05492860222,-7.298930340910001,-5.86140404847,A,2lay,-0.12894751,-0.34125528,-2.7790554287446505,-2.988602645567938,-0.20954721682328747
P174Q,0.422146169,-7.346967175669999,-7.271997817989999,-7.566211605069999,-7.348414205549999,-7.268016225810001,-7.280196023939999,-8.195217495780001,-6.959759654910001,A,2lay,-0.12894751,-0.3689412,-2.7790554287446505,-3.0107981216050543,-0.23174269286040383
P174S,0.323615345,-6.07046352921,-6.03315034866,-6.178983688350001,-6.056978837969999,-6.02497977638,-6.05822499466,-7.177991489410001,-5.771650311139999,A,2lay,-0.12894751,-0.36041322,-2.7790554287446505,-3.008280587181028,-0.22922515843637736
P174R,0.241634365,-8.4524918148,-8.536300493239999,-8.71211495972,-8.39382429314,-8.30213022041,-8.31808910751,-10.1162186961,-11.2594897546,A,2lay,-0.12894751,-0.33022025,-2.7790554287446505,-2.9817314446634438,-0.20267601591879325
P174T,0.366025411,-7.32728231964,-7.253535524369999,-7.60934298897,-7.24954963493,-7.30176721382,-7.22221623611,-7.977661959360001,-7.11000226228,A,2lay,-0.12894751,-0.373108,-2.7790554287446505,-3.0237223345110555,-0.24466690576640504
P174V,0.210093649,-7.954395035169999,-7.965485424039999,-8.17475757599,-7.88166485977,-7.83238003159,-7.91768728447,-9.12042771687,-8.03713113489,A,2lay,-0.12894751,-0.37104356,-2.7790554287446505,-3.020159670411723,-0.24110424166707256
A175C,0.567995705,-3.40335440331,-3.52457234383,-3.3297118969,-3.5433535862,-3.28004414177,-3.339090047840001,-3.35735686013,-3.741388059090001,A,2lay,-0.15320304,-0.40212733,-2.847809693767361,-3.0974271739619774,-0.24961748019461627
A175E,0.515129895,0.149615171051,0.266940433502,0.283883382797,-0.0144652118683,0.0487701683043999,0.16294708252,-0.792924881098,0.408368690786,A,2lay,-0.15320304,-0.24997112,-2.847809693767361,-2.9436812936172965,-0.09587159984993532
A175D,0.7604143259999999,-0.17049595108,-0.150379512787,-0.0755294761658,-0.306716592789,-0.23360279274,-0.0862513809203999,-0.855706003611,-0.138252356729,A,2lay,-0.15320304,-0.26645112,-2.847809693767361,-2.959876695856884,-0.11206700208952292
A175G,0.8145548,-2.68551692505,-2.63265040779,-2.69833921814,-2.94940324211,-2.55819319916,-2.58899855804,-3.74573498231,-2.61468297179,A,2lay,-0.15320304,-0.29268068,-2.847809693767361,-2.9829493169953634,-0.13513962322800221
A175F,0.964681089,-1.30103988304,-1.68078310585,-1.37113776779,-1.29105054665,-1.05307501602,-1.1091529789,-2.89028406062,-1.80714161245,A,2lay,-0.15320304,-0.3493982,-2.847809693767361,-3.0443319314169983,-0.19652223764963717
A175I,0.910499307,-2.45900816422,-2.59683945465,-2.43983697701,-2.54988718605,-2.31510626793,-2.39337093544,-3.01587430027,-2.79940754341,A,2lay,-0.15320304,-0.34454325,-2.847809693767361,-3.0381746172495907,-0.19036492348222955
A175H,0.827176602,-1.23383697739,-1.36304914665,-1.24784692764,-1.27048875618,-1.04247546959,-1.24532458687,-1.99603738089,-1.50198986789,A,2lay,-0.15320304,-0.32758722,-2.847809693767361,-3.022518954141704,-0.17470926037434298
A175L,1.516725344,-1.01557178307,-1.20818854332,-1.06203447533,-1.10274785805,-0.861428625107,-0.8434594135279999,-1.27340559301,-1.37572443263,A,2lay,-0.15320304,-0.33438575,-2.847809693767361,-3.029074451938176,-0.18126475817081467
A175N,0.8943938109999999,-1.4169179718,-1.48725219345,-1.40550216675,-1.52612875175,-1.34741112137,-1.31829562569,-2.03807418386,-1.39462594721,A,2lay,-0.15320304,-0.34157053,-2.847809693767361,-3.036355995768729,-0.18854630200136802
A175Q,0.988666084,-1.17285356674,-1.10807452202,-1.03374862289,-1.37501693153,-1.17560176277,-1.17182599449,-2.19299759238,-1.08005395133,A,2lay,-0.15320304,-0.34051722,-2.847809693767361,-3.0354819642535427,-0.1876722704861815
A175P,1.044997548,1.17080594673,1.28740823555,1.3596594696,0.972370128632,1.09128413582,1.14330776405,0.421730655129,1.3266636979,A,2lay,-0.15320304,-0.46273866,-2.847809693767361,-3.1556413429408563,-0.30783164917349515
A175S,0.989783576,-0.192048451614,-0.240758424759,-0.176550430298,-0.273443180084,-0.127251117706,-0.142239105225,-1.1600085824,-0.228912655224,A,2lay,-0.15320304,-0.10728177,-2.847809693767361,-2.8023461644176835,0.04546352934967768
A175R,1.061490662,-1.19948572044,-1.24398031235,-1.14914392281,-1.26122769737,-1.25627984238,-1.08679682732,-2.48417578044,-1.23973240516,A,2lay,-0.15320304,-0.28327802,-2.847809693767361,-2.978604993238498,-0.13079529947113677
A175T,1.142308557,-1.11277912827,-1.22029372597,-1.09557937431,-1.25749966431,-1.06054621315,-0.929976663589,-1.18527607713,-1.20674233667,A,2lay,-0.15320304,-0.24874601,-2.847809693767361,-2.9418623020994206,-0.09405260833205942
A175V,0.965049014,-1.41079137383,-1.53540192032,-1.43730601501,-1.43042595291,-1.31955463791,-1.33126834297,-2.34278975439,-1.69889446522,A,2lay,-0.15320304,-0.33799666,-2.847809693767361,-3.0332965821045392,-0.18548688833717808
A175Y,1.042880663,-0.3704867401120001,-0.67320316124,-0.44046439743,-0.37239276886,-0.189986103058,-0.176387269974,-1.53549495165,-0.8736428546799999,A,2lay,-0.15320304,-0.32920125,-2.847809693767361,-3.0246917638729105,-0.17688207010554935
G176A,0.305118117,-5.26078162155,-5.510463539119999,-5.11601474762,-5.34569425583,-5.30906957054,-5.02266599464,-6.090910885720001,-4.524193702230001,A,2lay,-0.11293165,-0.26880375,-2.821355263903899,-2.9765517993653816,-0.15519653546148282
G176C,0.486401264,-7.017564165880001,-7.09090735435,-6.98748339844,-7.20741283798,-7.00453814125,-6.79747909737,-7.87498708512,-7.009949213960001,A,2lay,-0.11293165,-0.35709858,-2.821355263903899,-3.065725110938983,-0.24436984703508413
G176D,0.251223,-3.65369479485,-3.83405031776,-3.48191375542,-3.77159467316,-3.74209825325,-3.43881697464,-4.47106811441,-2.14791794774,A,2lay,-0.11293165,-0.13740826,-2.821355263903899,-2.8441626101966953,-0.02280734629279646
G176F,0.752134089,-5.25656111794,-5.40131006622,-5.19841994286,-5.349860715869999,-5.21840078545,-5.11481407928,-6.371654651830001,-4.831028738450001,A,2lay,-0.11293165,-0.25295892,-2.821355263903899,-2.9606680440868125,-0.1393127801829137
G176H,0.527199829,-4.10455903358,-4.293078062059999,-3.97405864716,-4.20396479225,-4.12738527107,-3.92430839539,-4.98437953764,-3.40753287938,A,2lay,-0.11293165,-0.26112935,-2.821355263903899,-2.969467752348206,-0.14811248844430702
G176N,0.448460273,-2.73573176498,-2.8076612606,-2.63824574661,-2.77310154152,-2.71778164864,-2.74186862755,-3.39755515219,-2.16860903429,A,2lay,-0.11293165,-0.14474574,-2.821355263903899,-2.8519842911104973,-0.030629027206598547
G176P,0.309664437,-3.85252398567,-4.0441886158,-3.63724973106,-4.216973304750001,-4.01409059143,-3.35011768532,-5.33088289411,-2.7203462395,A,2lay,-0.11293165,-0.6609365,-2.821355263903899,-3.3659572056505778,-0.544601941746679
G176S,0.348624146,-4.8313323597,-4.9423471508,-4.69041962433,-4.99220139694,-4.9533541584,-4.578339468,-6.00968995434,-3.87114026514,A,2lay,-0.11293165,-0.24284121,-2.821355263903899,-2.950301873094524,-0.12894660919062506
G176R,0.556189368,-5.1030686924,-5.18259175682,-4.96417892075,-5.172441268919999,-5.19471562576,-5.001415889740001,-6.48190015019,-4.510236110969999,A,2lay,-0.11293165,-0.28159508,-2.821355263903899,-2.989893214077058,-0.16853795017315942
G176T,0.024831598,-5.587122981259999,-5.617339365009999,-5.33952785873,-5.867722826000001,-5.73276777649,-5.37825708008,-6.348680892259999,-4.395956717280001,A,2lay,-0.11293165,-0.34993857,-2.821355263903899,-3.0577470653495946,-0.23639180144569583
G176V,0.077724409,-6.320675398250001,-6.403650943759999,-6.17240609741,-6.31106035995,-6.697241167070001,-6.019018423080001,-6.681323701749999,-5.100950242190001,A,2lay,-0.11293165,-0.42750686,-2.821355263903899,-3.135402307559072,-0.3140470436551732
W177C,0.076296645,-6.25721594276,-6.417088293080001,-6.13001904488,-6.4254751339,-6.17914660835,-6.13435063362,-4.878827503469999,-6.350173619980001,A,2lay,-0.1915814,-0.43685213,-2.8444953259255583,-3.0950940974059535,-0.2505987714803952
W177G,0.092662767,-8.9642297348,-9.10474803925,-9.11088815689,-8.9531115818,-8.86292210007,-8.78947879601,-8.64758069266,-11.5570291419,A,2lay,-0.1915814,-0.5805634,-2.8444953259255583,-3.2383065570698744,-0.39381123114431604
W177F,0.487386029,-5.21585455475,-5.32340105247,-5.19012753105,-5.332452331540001,-5.084202304840001,-5.149089553830001,-4.80085711018,-5.51778588132,A,2lay,-0.1915814,-0.007847233,-2.8444953259255583,-2.66470592986705,0.1797893960585082
W177L,0.111221239,-7.516334265139999,-7.767152620319999,-7.43548652267,-7.5860387249,-7.49093212509,-7.3020613327,-6.44687425415,-7.760543826760001,A,2lay,-0.1915814,-0.08576425,-2.8444953259255583,-2.7432040272574336,0.1012912986681247
W177S,0.104129987,-9.07230641937,-8.949746936799999,-9.28802715492,-9.26423742104,-9.12042269897,-8.73909788513,-8.57933760231,-11.141409012,A,2lay,-0.1915814,-0.49872652,-2.8444953259255583,-3.1562295378370413,-0.311734211911483
W177R,0.192193379,-8.58654571838,-8.51311123848,-8.64742853165,-8.768963628769999,-8.66812238121,-8.335102811810001,-8.09133735945,-9.15842122713,A,2lay,-0.1915814,-0.45309854,-2.8444953259255583,-3.1105673749964877,-0.2660720490709294
W177Y,0.4956754,-4.377474049,-4.57598314095,-4.343604927059999,-4.45567206573,-4.2994664669,-4.21264364433,-3.50089099049,-4.6924527912,A,2lay,-0.1915814,-0.12046914,-2.8444953259255583,-2.7767579051653914,0.06773742076016687
E178A,1.317981452,-3.74351919136,-3.94945950508,-3.79971434975,-3.5712056675,-3.88971803856,-3.507498395919999,-3.87908638641,-2.32750087177,A,2lay,-0.21865349,-0.3513344,-2.891714179975915,-3.0243021063906994,-0.13258792641478445
E178D,1.233934247,-2.90569169464,-2.98172387123,-2.89208128738,-2.8337077961,-2.96294217491,-2.85800334358,-2.60434231302,-2.6485285379,A,2lay,-0.21865349,-0.11105891,-2.891714179975915,-2.7828250554641167,0.10888912451179822
E178G,2.099319313,-5.17448200645,-5.22186320496,-5.102517786030001,-5.13568401909,-5.330723423,-5.0816215992,-6.376086357519999,-3.55161682019,A,2lay,-0.21865349,-0.46285027,-2.891714179975915,-3.1352335433440985,-0.24351936336818358
E178H,0.254198134,-6.03392951202,-6.19752933502,-6.34322999382,-6.011904331209999,-6.114543071749999,-5.50244082832,-5.51283228211,-3.10009937231,A,2lay,-0.21865349,-0.25491408,-2.891714179975915,-2.926827283795219,-0.035113103819304214
E178K,0.371603412,-4.68564775352,-4.795736063000001,-4.78201256752,-4.497657648090001,-4.82890522575,-4.52392726326,-5.48343305057,-1.22902171525,A,2lay,-0.21865349,-0.44730297,-2.891714179975915,-3.1189679360526306,-0.2272537560767156
E178N,0.615290013,-5.872529740519999,-6.066589263919999,-5.62278637505,-5.68970069885,-6.36398643303,-5.61958593178,-5.945870815780001,-3.807053702280001,A,2lay,-0.21865349,-0.30872387,-2.891714179975915,-2.9801900524279747,-0.08847587245205979
E178Q,1.052193487,-2.93197524719,-3.13843318176,-2.944916679379999,-2.88657335281,-3.00426982117,-2.68568320084,-2.47841068421,-1.41991757765,A,2lay,-0.21865349,-0.34453696,-2.891714179975915,-3.0154854980632027,-0.1237713180872877
E178S,1.063714333,-2.96693069954,-3.02702483749,-2.95128118324,-2.7766192112,-3.34209301949,-2.73763524628,-2.28447606694,-1.68260036949,A,2lay,-0.21865349,-0.295637,-2.891714179975915,-2.968305436986889,-0.07659125701097391
E178T,0.8994679109999999,-3.52240391579,-3.6160600853,-3.5540467205,-3.33610617638,-3.95255524445,-3.15325135231,-4.1721804915,-1.22074353738,A,2lay,-0.21865349,-0.25223583,-2.891714179975915,-2.9232920973241763,-0.03157791734826132
E178V,0.187600785,-4.96248951797,-4.89146123505,-5.26375624275,-4.68551534271,-5.0699685173,-4.90174625206,-6.032664607509999,-1.3759694949,A,2lay,-0.21865349,-0.31742948,-2.891714179975915,-2.990199551637667,-0.0984853716617522
M179A,0.904025472,-0.944547313309,-0.342258281708,-0.469261734009,-1.55267227364,-1.20724484062,-1.15129943657,-3.74795245833,0.91207187309,A,2lay,-0.24936822,-0.43528557,-2.9253606945480874,-3.1113004899369705,-0.18593979538888306
M179E,2.207094488,0.0841179748534999,0.43840681839,0.436642770767,-0.161626602173,-0.148572288513,-0.144260824203,-2.36655114451,1.56973588919,A,2lay,-0.24936822,-0.18355787,-2.9253606945480874,-2.85925492330795,0.06610577124013739
M179G,0.981945121,-4.79185710411,-3.814908638,-4.55517697906,-5.761581666950001,-5.02326605034,-4.8043521862,-6.33682127157,-3.20821139723,A,2lay,-0.24936822,-0.56185305,-2.9253606945480874,-3.2373766246858935,-0.31201593013780604
M179F,0.358852909,-3.28772577324,-3.21659399223,-3.02980590439,-3.30107590294,-3.43031365967,-3.460839406969999,-7.18797811773,-2.35809972431,A,2lay,-0.24936822,-0.3319971,-2.9253606945480874,-3.0084895885132874,-0.08312889396519996
M179I,0.664678427,-0.7848817695620001,-0.7792457561489999,-0.670914003372,-0.883429105759,-0.7348736248019999,-0.855946357727,-2.08425459825,-0.435096355166,A,2lay,-0.24936822,-0.21317324,-2.9253606945480874,-2.888317539240574,0.03704315530751323
M179K,1.102560146,-0.601563820267,-0.468692960739,-0.380762432098,-0.8618668727869999,-0.526877820969,-0.7696190147399999,-3.05419227108,0.4423605452800001,A,2lay,-0.24936822,-0.34099147,-2.9253606945480874,-3.016394370485189,-0.09103367593710177
M179L,0.722382863,-1.69640132332,-1.68345270538,-1.6554825573,-1.87523880768,-1.68091103172,-1.58692151451,-2.44331758772,-0.929674141653,A,2lay,-0.24936822,-0.18986873,-2.9253606945480874,-2.8646881208621866,0.060672573685900844
M179Q,1.372680411,-0.467873797607,-0.316642623901,-0.294593378067,-0.604565032959,-0.553147073746,-0.570420879364,-2.49275695009,0.322260553408,A,2lay,-0.24936822,-0.27360862,-2.9253606945480874,-2.949053093842792,-0.023692399294704458
M179S,1.243032612,-2.04649171066,-1.5286483593,-1.80763830185,-2.41095687866,-2.24082235336,-2.24439266014,-3.22948461398,-0.125940506399,A,2lay,-0.24936822,-0.39396274,-2.9253606945480874,-3.0699285606153897,-0.1445678660673022
M179R,0.838388039,-0.719091365051,-0.413027692795,-0.373847969055,-1.17310445976,-0.720994977951,-0.914481725693,-3.76493952889,0.23890646557,A,2lay,-0.24936822,-0.2944728,-2.9253606945480874,-2.9699134143189028,-0.04455271977081532
M179T,0.8511735840000001,-2.00281466179,-1.76916833115,-1.6833730278,-2.06525317192,-2.11815306091,-2.37812571716,-4.19195018383,-0.453415886712,A,2lay,-0.24936822,-0.3344918,-2.9253606945480874,-3.0075467725127303,-0.08218607796464283
M179W,0.5689954070000001,-3.56632039909,-3.442545492169999,-3.30692054749,-3.81910516739,-3.25094752121,-4.01208326721,-5.4907985758,-2.63181375984,A,2lay,-0.24936822,-0.318752,-2.9253606945480874,-2.994777959363741,-0.06941726481565347
M179V,0.891775799,-0.565261113739,-0.42178046608,-0.38937471199,-0.8227701377869999,-0.545517290115,-0.6468629627229999,-2.01675011776,0.209914926942,A,2lay,-0.24936822,-0.1950016,-2.9253606945480874,-2.870015394490575,0.05534530005751259
A180D,0.331963069,-3.57893201828,-3.36892650414,-3.56514193726,-3.62762200165,-3.74037759018,-3.59259205818,-4.40925071551,-3.44456296902,A,2lay,-0.27143317,-0.42720938,-2.9275398987679813,-3.085261893657121,-0.15772199488913952
A180G,0.4751676420000001,-1.28785402565,-1.33656804466,-1.25811617279,-1.32976482391,-1.32070429039,-1.19411679649,-1.64380249358,-1.67130038475,A,2lay,-0.27143317,-0.50670475,-2.9275398987679813,-3.1641334801353604,-0.23659358136737918
A180I,0.113718614,-3.7332333252,-3.39626199341,-3.3440696907,-4.42851699448,-3.78601535225,-3.71130259514,-2.89242787636,-1.44309126845,A,2lay,-0.27143317,-0.051122747,-2.9275398987679813,-2.708304879049124,0.21923501971885706
A180P,0.058152164,-5.63383279114,-5.862699445720001,-5.75980680847,-5.78656542587,-5.37825755882,-5.381834716799999,-7.01198802073,-6.481153884689999,A,2lay,-0.27143317,-0.6578098,-2.9275398987679813,-3.3158409680475174,-0.3883010692795361
A180S,0.833029462,-2.06277745323,-2.05209237099,-1.89340249443,-2.0345176487,-2.24406585884,-2.0898088932,-2.39262920711,-1.89367943367,A,2lay,-0.27143317,-0.32876784,-2.9275398987679813,-2.986229251060327,-0.05868935229234573
A180R,2.040908081,0.0639684741974,0.536205877304,0.438827327728,-0.345248815536,-0.15360002327,-0.156341995239,-0.31624852703,0.111246856003,A,2lay,-0.27143317,-0.47494727,-2.9275398987679813,-3.13227416550782,-0.20473426673983885
A180T,0.4494907420000001,-3.1272053997,-3.07405372429,-3.09339375877,-3.31811372948,-3.12451809883,-3.02594768715,-2.55251718103,-1.87966289625,A,2lay,-0.27143317,-0.37301645,-2.9275398987679813,-3.0314893598096964,-0.1039494610417151
A180V,0.103345078,-2.43266181221,-2.32489643478,-2.20494936943,-2.86903195,-2.35380842972,-2.41062287712,-2.08358340594,-0.444185708094,A,2lay,-0.27143317,-0.0047306204,-2.9275398987679813,-2.657645439286529,0.2698944594814523
K181A,0.6802250470000001,-1.23617512169,-1.12740919304,-1.17366430283,-1.48662018585,-1.17250926399,-1.22067266273,-2.91550584941,-1.59777795773,A,2lay,-0.17567125,-0.40222034,-2.8802128669934066,-3.106959780883492,-0.22674691389008528
K181E,0.821717574,-0.962162136459,-1.02100314522,-0.7724620704649999,-1.35242727661,-0.7347794342039999,-0.930138755798,-1.39314252883,-0.924135525203,A,2lay,-0.17567125,-0.13259888,-2.8802128669934066,-2.836698833673916,0.043514033319490775
K181D,0.529622291,-2.1761044117,-2.43041021919,-2.15761877632,-2.41661747932,-1.74044264412,-2.13543293953,-3.29393178225,-1.99532229933,A,2lay,-0.17567125,-0.34309793,-2.8802128669934066,-3.047403130985992,-0.1671902639925853
K181I,0.63669881,0.468409222031,0.511142938614,0.428548288345,0.465253868103,0.437660757065,0.499440258026,-0.360738379881,-0.353409053763,A,2lay,-0.17567125,-0.16554454,-2.8802128669934066,-2.8684788887336903,0.011733978259716338
K181H,0.970298873,-1.1032209156,-1.09726499367,-1.19752429962,-0.885798410416,-1.01552593613,-1.31999093819,-1.77397351107,-1.6631651051,A,2lay,-0.17567125,-0.29430574,-2.8802128669934066,-2.9992709963317576,-0.11905812933835103
K181M,0.7325612970000001,-0.5921879905699999,-0.652785364151,-0.550477949142,-0.599830461502,-0.531584230423,-0.626261947632,-1.21924086288,-1.25974041472,A,2lay,-0.17567125,-0.2808761,-2.8802128669934066,-2.984925208926103,-0.10471234193269652
K181L,0.911169915,0.481756129074,0.327132137299,0.416676504135,0.461223773956,0.590946540833,0.612801689148,0.382127117366,-0.143073155655,A,2lay,-0.17567125,-0.10880029,-2.8802128669934066,-2.812503960301157,0.06770890669224983
K181N,0.688156381,-2.52971113968,-2.92742863083,-2.4254691124,-2.50488000107,-2.26866631889,-2.52211163521,-3.10044530081,-2.64094141904,A,2lay,-0.17567125,-0.24747403,-2.8802128669934066,-2.9514749682884642,-0.07126210129505761
K181Q,0.823065802,-0.466656842041,-0.465938642502,-0.43160345459,-0.658753993988,-0.432751787186,-0.34423633194,-0.975603897125,-0.820288265008,A,2lay,-0.17567125,-0.24880926,-2.8802128669934066,-2.9529116756303235,-0.07269880863691691
K181P,0.061267341,-2.54172599754,-2.62136872292,-2.34497409058,-2.650533535,-2.5012458725,-2.59050776672,-3.61130304798,-2.80982992118,A,2lay,-0.17567125,-0.52573717,-2.8802128669934066,-3.23029517723964,-0.3500823102462336
K181S,0.917196172,-0.7706527408600001,-0.7968334655760001,-0.7521591148379999,-0.583505386353,-1.05094944,-0.669816297531,-0.909585211892,-1.55996443031,A,2lay,-0.17567125,-0.44662327,-2.8802128669934066,-3.1514711103016517,-0.2712582433082451
K181R,0.89982034,0.276315326309,0.28092414856,0.20895724678,0.34983224678,0.104244831085,0.43761815834,-0.0911106262356,-0.540039862571,A,2lay,-0.17567125,-0.17262177,-2.8802128669934066,-2.8766622329689198,0.003550634024486854
K181T,0.7907033,0.603130113602,0.5708714027399999,0.722125957489,0.530318424225,0.51934431839,0.672990465164,0.519544346724,0.0485033389364,A,2lay,-0.17567125,-0.40140408,-2.8802128669934066,-3.1062971163085975,-0.2260842493151909
K181V,0.331431807,1.12224314728,1.10254507065,1.09657394028,1.13226956367,1.12153017044,1.15829699135,1.21770480648,0.23036277184,A,2lay,-0.17567125,-0.29569283,-2.8802128669934066,-2.9998836008049006,-0.11967073381149396
K181Y,0.551845251,0.668556464005,0.411662021637,0.558183408737,1.00449873161,0.676363046646,0.692075111389,0.223884521984,-0.000131979310017,A,2lay,-0.17567125,-0.28561687,-2.8802128669934066,-2.98978306836607,-0.1095702013726636
T182A,0.658983784,-1.72347106705,-1.62057044983,-1.64148418808,-1.86370874214,-1.7957722187,-1.69581973648,-3.30238052644,-1.06532869641,A,2lay,-0.19679868,-0.40738767,-2.8627707524116417,-3.0751870627104667,-0.21241631029882502
T182I,0.428832973,-5.48929663315,-5.42362200546,-5.466916095730001,-5.52084691811,-5.30054341125,-5.73455473518,-6.916813176130001,-5.3181812798,A,2lay,-0.19679868,-0.2952657,-2.8627707524116417,-2.962538882460357,-0.09976813004871543
T182H,0.084955766,-2.59080517082,-2.51409992599,-2.65298974037,-2.74919033241,-2.65807315826,-2.37967269707,-4.32267639716,-1.55544207195,A,2lay,-0.19679868,-0.3264026,-2.8627707524116417,-2.9928123125325894,-0.1300415601209477
T182M,0.705413423,-4.38961070824,-4.36647296143,-4.239376636509999,-4.53404746437,-4.44116008568,-4.3669963932,-4.88714138643,-4.10364678811,A,2lay,-0.19679868,-0.34785327,-2.8627707524116417,-3.01520684708791,-0.1524360946762684
T182L,0.470943215,-4.19426629982,-4.02943304062,-4.21554264069,-4.57014427948,-4.0473673687,-4.108844169619999,-5.85226045153,-3.87459585473,A,2lay,-0.19679868,-0.15827328,-2.8627707524116417,-2.8262527831733295,0.03651796923831219
T182N,0.388788006,-2.68186807785,-2.57399144554,-2.64433949852,-2.75084337997,-2.79980561066,-2.64036045456,-3.3411900925,-1.80678682194,A,2lay,-0.19679868,-0.24687108,-2.8627707524116417,-2.91258835948077,-0.0498176070691283
T182P,0.087387674,-5.338724719619999,-4.97801821899,-5.33849680328,-5.70272723579,-5.4897683239,-5.18461301613,-6.36340985133,-4.13765832976,A,2lay,-0.19679868,-0.6493422,-2.8627707524116417,-3.316973935917578,-0.45420318350593636
T182S,0.492115261,-1.76813465576,-1.73465071678,-1.78585342789,-1.75749462128,-1.8455884552,-1.71708605766,-1.71093526413,-0.11615732031,A,2lay,-0.19679868,-0.3652137,-2.8627707524116417,-3.0329398741183913,-0.17016912170674958
T182V,0.528226935,-4.45214425163,-4.5505543766,-4.514713764190001,-4.54273839951,-4.32430783844,-4.32840687943,-4.5049677405,-3.933114467180001,A,2lay,-0.19679868,-0.24250133,-2.8627707524116417,-2.909319115530914,-0.04654836311927246
T182Y,0.8672892759999999,-6.09808953781,-6.0435422802,-6.09407745171,-6.83423027611,-6.05174642181,-5.466851259229999,-6.96580707119,-5.052273305880001,A,2lay,-0.19679868,-0.38611755,-2.8627707524116417,-3.054333589881462,-0.1915628374698204
S183A,1.486004561,0.0844846740723,0.14108615303,0.240940353394,-0.0920884037017999,0.016011674881,0.116473592758,0.603009075683,0.204875231734,A,2lay,-0.168622,-0.21783765,-2.8930883031637427,-2.941391955256385,-0.04830365209264231
S183C,0.27890144,-4.45661402054,-4.53424705505,-4.52075968742,-4.6960094223,-4.2720292511,-4.26002468681,-5.98549978569,-5.4670897826,A,2lay,-0.168622,-0.4016303,-2.8930883031637427,-3.126257732895577,-0.2331694297318343
S183E,0.725349624,0.31025872612,0.251152025223,0.13165873909,0.326005308151,0.432657581329,0.4098199768069999,0.476153621916,0.571644603121,A,2lay,-0.168622,-0.19240904,-2.8930883031637427,-2.916061966440073,-0.022973663276330214
S183D,0.454053546,-0.108306540298,-0.227981401443,-0.131191320419,-0.0897280578613,-0.143492435455,0.0508605136871,-1.2430340643,0.0879460907857,A,2lay,-0.168622,-0.2841312,-2.8930883031637427,-3.007155798220025,-0.11406749505628255
S183G,1.104197754,-1.11788727951,-1.05440701485,-1.06049598885,-1.322319664,-1.0821008625,-1.07011286736,-3.17152647511,-1.11894485344,A,2lay,-0.168622,-0.3593443,-2.8930883031637427,-3.0833524731692075,-0.1902641700054648
S183F,0.814794351,-2.08745664978,-2.25052338409,-2.0772677002,-2.1904827652,-2.08501237679,-1.83399702263,-2.78315124614,-2.78686649605,A,2lay,-0.168622,-0.27798522,-2.8930883031637427,-3.002581656736528,-0.10949335357278533
S183I,1.19217961,-2.38810098038,-2.3599534111,-2.69450703812,-2.47997129059,-1.97195787811,-2.43411528397,-3.3958813271,-2.52512162745,A,2lay,-0.168622,-0.2688108,-2.8930883031637427,-2.9919288985949413,-0.09884059543119861
S183H,1.416064987,-1.64062168427,-1.56726696396,-1.55231941414,-1.73820429039,-1.64843484688,-1.69688290596,-2.98250950151,-1.55368764427,A,2lay,-0.168622,-0.2744202,-2.8930883031637427,-2.9989647207884977,-0.10587641762475508
S183K,1.888502247,-0.594997618866,-0.5701103858950001,-0.665437263489,-0.7017163257600001,-0.506899839401,-0.530824279785,-0.158648726763,-0.236331768947,A,2lay,-0.168622,-0.20498392,-2.8930883031637427,-2.9287131217816436,-0.0356248186179009
S183M,0.7169909809999999,-3.03334977989,-3.11615622902,-3.05584437561,-3.20699743843,-2.74525025558,-3.04250060081,-3.81549350009,-3.29832633049,A,2lay,-0.168622,-0.32567316,-2.8930883031637427,-3.049610172399183,-0.1565218692354402
S183L,0.692028368,-1.33158752518,-1.39676052094,-1.61423834419,-1.35063708496,-1.04797675896,-1.24832491684,-2.58361688111,-1.63828313822,A,2lay,-0.168622,-0.28082007,-2.8930883031637427,-3.0054430937365018,-0.1123547905727591
S183N,1.090485719,-1.11761789513,-0.979757974625,-0.921865718842,-1.28798652458,-1.22459918404,-1.17388007355,-1.71328926017,-0.948014265604,A,2lay,-0.168622,-0.3263887,-2.8930883031637427,-3.0506569119024975,-0.1575686087387549
S183Q,1.743019952,-0.771643281937,-0.724409851074,-0.8495583915710001,-0.7772895774840001,-0.67339790535,-0.833560684204,-1.5114126273,-0.6427995608070001,A,2lay,-0.168622,-0.31932944,-2.8930883031637427,-3.0433487785200084,-0.15026047535626574
S183P,0.727134572,1.12252348862,1.29250684929,1.06028928185,1.02570412064,1.12025997734,1.11385721397,0.716666939436,1.24713905938,A,2lay,-0.168622,-0.15734513,-2.8930883031637427,-2.8787549650100663,0.014333338153676323
S183R,1.49171078,-0.7678549987790001,-0.460413368225,-0.906783473969,-0.961625480652,-0.686532423019,-0.823920248032,-1.88452596008,-0.370896733309,A,2lay,-0.168622,-0.24021776,-2.8930883031637427,-2.9646449779472714,-0.07155667478352878
S183T,1.098956339,-1.09853258057,-1.0257073307,-0.986187791824,-1.24674917412,-1.07623443222,-1.15778417397,-1.43270317093,-0.993003685018,A,2lay,-0.168622,-0.30109555,-2.8930883031637427,-3.024173062417646,-0.13108475925390328
S183W,1.199468491,-4.359417387390001,-4.664334074019999,-4.387908281330001,-4.39594421005,-4.11828851318,-4.23061185837,-5.86047323537,-5.2867197069,A,2lay,-0.168622,-0.26563066,-2.8930883031637427,-2.990474014787941,-0.09738571162419829
S183V,1.010614488,-1.7212435051,-1.77328582001,-1.8591640625,-1.84808538246,-1.47744321823,-1.64823904228,-3.87078543683,-1.73578566747,A,2lay,-0.168622,-0.31180948,-2.8930883031637427,-3.0360662305433896,-0.14297792737964699
S183Y,0.917574196,-2.18604129791,-2.19144480705,-2.19262901497,-2.36355654335,-2.13904056168,-2.04353556252,-3.54713636241,-2.73147409578,A,2lay,-0.168622,-0.2956059,-2.8930883031637427,-3.019654429937321,-0.12656612677357826
S184A,1.077888723,-1.23650971756,-1.37429313469,-1.03662770462,-1.0359051857,-1.7639702282,-0.971752334595,-1.31712196488,-2.03136365952,A,2lay,-0.23670995,-0.272858,-2.9184241136450346,-2.9565606690330193,-0.03813655538798466
S184C,0.468705008,-4.37027548294,-4.32165505981,-4.902814544680001,-4.51225183487,-4.13226907921,-3.98238689613,-4.525283284019999,-3.9694231407,A,2lay,-0.23670995,-0.39860708,-2.9184241136450346,-3.082551770324719,-0.16412765667968454
S184D,0.92077903,1.21946900291,1.04070812988,1.41107909775,1.41337495232,0.7316280174259999,1.5005548172,0.823988905322,-0.105293884547,A,2lay,-0.23670995,-0.2125884,-2.9184241136450346,-2.8939038783981985,0.02452023524683611
S184G,1.224846881,-1.57025486717,-1.71482828903,-1.31243958092,-1.45385943222,-2.00860664558,-1.36154038811,-0.572341510095,-2.51996973741,A,2lay,-0.23670995,-0.41786528,-2.9184241136450346,-3.101228496797716,-0.18280438315268155
S184F,1.103066226,-3.86737156372,-3.3214824028,-3.96658793831,-4.1223443718,-4.22230862045,-3.70413448524,-3.04882231251,-3.6587765009,A,2lay,-0.23670995,-0.33055925,-2.9184241136450346,-3.0152726966658285,-0.09684858302079391
S184I,0.8417349390000001,-3.79771691475,-3.599330791469999,-3.78264271355,-4.03968580246,-3.63137346458,-3.93555180168,-3.8967320621,-3.81186195227,A,2lay,-0.23670995,-0.33320397,-2.9184241136450346,-3.0165630276394895,-0.09813891399445485
S184H,0.462754975,-1.91137356033,-1.92957677269,-1.91994876862,-1.73801204681,-2.09458959007,-1.87474062347,-3.75145174563,-1.74300859297,A,2lay,-0.23670995,-0.31342542,-2.9184241136450346,-2.997074362237165,-0.07865024859213054
S184L,0.802335538,-2.54541110764,-2.28719555473,-2.55247805595,-2.77227327156,-2.4863024826,-2.62880617332,-3.02923003232,-2.77792196352,A,2lay,-0.23670995,-0.31575084,-2.9184241136450346,-3.000496839465825,-0.08207272582079028
S184P,0.194398279,-3.18527315178,-2.99371053886,-3.02154561043,-3.48390158653,-3.45046777725,-2.97674024582,-3.08809520118,-3.49213869711,A,2lay,-0.23670995,-0.6375082,-2.9184241136450346,-3.321490471288274,-0.4030663576432394
S184R,1.306861885,-1.94015939789,-1.96829047203,-1.79856020546,-1.95454405022,-2.03227460861,-1.94712765312,-1.22141927981,-1.83066631933,A,2lay,-0.23670995,-0.23961405,-2.9184241136450346,-2.9238884722576866,-0.005464358612651932
S184T,0.964898963,-0.117175119019,-0.0123700485229,0.0238642997742,-0.199983186722,-0.339051195145,-0.0583354644775,-0.0955924885347,-0.217520707123,A,2lay,-0.23670995,-0.2991986,-2.9184241136450346,-2.9835907822404755,-0.06516666859544085
S184W,1.083782072,-5.40656801529,-5.07893889999,-5.19953883553,-5.601323841089999,-5.78478048515,-5.36825801468,-5.57008010335,-5.78925246592,A,2lay,-0.23670995,-0.31898424,-2.9184241136450346,-3.003906245414725,-0.08548213176969055
S184V,0.941664387,-2.93050791016,-2.99110098648,-2.92197986794,-2.83950910568,-2.91101358795,-2.98893600273,-4.2484682966,-2.96097643903,A,2lay,-0.23670995,-0.37879047,-2.9184241136450346,-3.063038396579217,-0.14461428293418255
S184Y,1.515227045,-3.26140746078,-2.49592960548,-3.3941803627,-3.6065873661,-3.63398562813,-3.17635434151,-2.71313344594,-2.84292265506,A,2lay,-0.23670995,-0.35529816,-2.9184241136450346,-3.039758999540806,-0.12133488589577146
G185A,0.295663185,-5.222627828219999,-5.431824033740001,-5.407667652130001,-5.14252942848,-4.89780826759,-5.23330975914,-4.59450744116,-4.10287817039,A,2lay,0.09648868,-0.30322534,-2.599682324676898,-2.9992734409137256,-0.39959111623682775
G185C,0.378104551,-7.38994880028,-7.79167173767,-7.37676041222,-7.495817710880001,-6.75407278252,-7.531421358110001,-7.570740033410001,-6.237350687869999,A,2lay,0.09648868,-0.34328988,-2.599682324676898,-3.0399650806272493,-0.4402827559503515
G185D,0.42102237,-4.10705721664,-4.39721149254,-3.96301391792,-4.03392243576,-4.00816361618,-4.13297462082,-4.671725727619999,-3.73399104926,A,2lay,0.09648868,-0.26083678,-2.599682324676898,-2.95770682076146,-0.3580244960845622
G185M,0.450016242,-7.342032458110001,-7.46962209702,-7.236743436810001,-7.827291271210001,-6.94475230026,-7.23175318527,-7.54898236087,-5.75499526872,A,2lay,0.09648868,-0.31354403,-2.599682324676898,-3.0106995053296064,-0.41101718065270854
G185L,0.300054363,-6.58701677856,-7.05980422783,-6.82990987587,-6.58516682434,-6.17308109283,-6.28712187195,-6.73498682748,-5.11150782017,A,2lay,0.09648868,-0.30526167,-2.599682324676898,-3.0019542452061634,-0.4022719205292655
G185N,0.5139554239999999,-3.24453698044,-3.39709439468,-3.28515337372,-3.22633934593,-2.97156069756,-3.3425370903,-4.97537307302,-2.52722431247,A,2lay,0.09648868,-0.23023216,-2.599682324676898,-2.9265947636029517,-0.3269124389260538
G185S,0.355720578,-4.94317159157,-4.97002642059,-5.0612199688,-5.10708902931,-4.68623960876,-4.891282930369999,-5.86887760647,-3.59356053067,A,2lay,0.09648868,-0.28950027,-2.599682324676898,-2.9860750948037675,-0.3863927701268697
G185R,0.473883115,-5.13612996445,-5.26127742195,-5.1322811203,-5.10057885742,-4.782631235119999,-5.40388118744,-5.479405838530001,-3.4797537396,A,2lay,0.09648868,-0.25848877,-2.599682324676898,-2.9555388705109955,-0.35585654583409765
G185W,0.17919543,-8.40236223145,-9.06161551857,-7.82430445099,-8.16755514908,-8.36872149658,-8.58961454201,-9.96229617231,-8.120624517160001,A,2lay,0.09648868,-0.29191273,-2.599682324676898,-2.9879067250442377,-0.38822440036733985
G185V,0.040970298,-7.51714622536,-7.949151569369999,-7.537883115770001,-6.997028814319999,-7.076471406939999,-8.0251962204,-7.556987307969999,-5.27370032675,A,2lay,0.09648868,-0.40583315,-2.599682324676898,-3.1023884855279134,-0.5027061608510155
Q186A,1.343553825,-1.29801273689,-1.52297643089,-1.09745913506,-1.36086788559,-1.27199913979,-1.23676109314,-3.43833120307,-0.899442085467,A,2lay,-0.25458068,-0.41933593,-2.918296727328236,-3.084822747373509,-0.16652602004527273
Q186E,0.673642948,-0.205952284241,-0.428273164749,-0.32465164566,-0.176484872818,-0.150189624786,0.0498378868103,-0.909897745354,-0.8742857164810001,A,2lay,-0.25458068,-0.40383846,-2.918296727328236,-3.0683081561319936,-0.1500114288037575
Q186D,0.7492418829999999,-1.58106423645,-1.63450714111,-1.75413140106,-1.61543418503,-1.4161365509,-1.48511190414,-3.03814594168,-1.49693398664,A,2lay,-0.25458068,-0.46099535,-2.918296727328236,-3.1272365331244396,-0.20893980579620353
Q186G,0.672532943,-2.19230677567,-2.2390807991,-2.0496813488,-2.2804379921,-1.83003381729,-2.56229992104,-4.96222159779,-1.20497942954,A,2lay,-0.25458068,-0.48092037,-2.918296727328236,-3.1462119566290028,-0.2279152293007667
Q186H,0.970355774,-1.9636503891,-1.76669825745,-1.69343247986,-2.30529876709,-2.26032448578,-1.79249795532,-5.20059642103,-1.36981290172,A,2lay,-0.25458068,-0.26804325,-2.918296727328236,-2.933712735065772,-0.015416007737536042
Q186M,0.512580759,-2.54161876335,-2.60092475891,-2.44754995728,-2.71041071892,-2.2707526207,-2.67845576096,-6.36322343349,-2.78124855337,A,2lay,-0.25458068,-0.28719288,-2.918296727328236,-2.953364886488389,-0.035068159160152934
Q186L,0.538741653,-1.33829490128,-1.38158411407,-1.31027078247,-1.43571647453,-1.29378830719,-1.27011482811,-3.32986189262,-1.76241379038,A,2lay,-0.25458068,-0.18587306,-2.918296727328236,-2.8518846246701735,0.06641210265806263
Q186N,0.2984452,-1.90487937775,-1.94045354271,-1.66541850853,-2.13470261574,-1.90983485985,-1.87398736191,-3.54296132503,-1.11808333039,A,2lay,-0.25458068,-0.28960148,-2.918296727328236,-2.954798239896173,-0.03650151256793688
Q186P,0.12287693,-4.39195567474,-4.28911463356,-4.25090422821,-4.88168052864,-4.2143465538,-4.3237324295,-6.36750518065,-4.77795660445,A,2lay,-0.25458068,-0.7624534,-2.918296727328236,-3.4278247192809883,-0.5095279919527522
Q186S,0.798911714,-1.70048998375,-1.58280789185,-1.65042897034,-2.02345106697,-1.61531831741,-1.63044367218,-4.5162200944,-1.3295737364,A,2lay,-0.25458068,-0.47677174,-2.918296727328236,-3.1428621058841015,-0.22456537855586545
Q186R,1.272773627,1.1520318779,1.68288618469,1.46310074806,0.7743986511229999,0.850552967072,0.989220838547,-1.75571550243,1.14398808935,A,2lay,-0.25458068,-0.07766359,-2.918296727328236,-2.742434295581533,0.17586243174670324
Q186T,0.234903552,-1.66950454521,-1.8647098484,-1.55861230469,-1.81228569984,-1.56145787239,-1.55045700073,-3.1087621823,-1.54929499648,A,2lay,-0.25458068,-0.43408385,-2.918296727328236,-3.099943080700964,-0.18164635337272772
Q186W,1.353130552,-2.70836568947,-2.42486985588,-2.71923762512,-3.2575776329,-3.06702245712,-2.07312087631,-4.77223245613,-3.15198470736,A,2lay,-0.25458068,-0.29228634,-2.918296727328236,-2.957993767634331,-0.03969704030609478
Q186V,0.285005894,-0.694394089127,-0.7622868175509999,-0.650858083725,-0.737954055786,-0.887601024628,-0.433270463943,-3.19568318687,-1.53441073964,A,2lay,-0.25458068,-0.3955676,-2.918296727328236,-3.0619089878931733,-0.14361226056493726
Q186Y,2.203458399,-2.52565022316,-2.40911316681,-2.45856209564,-2.62933378792,-2.5776272068,-2.55361485863,-5.54889406636,-2.00918160164,A,2lay,-0.25458068,-0.26636133,-2.918296727328236,-2.928535753638375,-0.010239026310138843
R187A,0.935915056,-1.21025637589,-1.09421183014,-1.02420206833,-1.45381579399,-1.26887274742,-1.21017943954,-2.84969172813,-0.237996086161,A,2lay,-0.058054917,-0.33655685,-2.7565187703799197,-3.0357239943635044,-0.2792052239835847
R187C,0.552779669,-2.27903354683,-2.13842328835,-2.01804807472,-2.54662061119,-2.23086758423,-2.46120817566,-3.87551927147,-1.48947808999,A,2lay,-0.058054917,-0.37884322,-2.7565187703799197,-3.078224494335015,-0.32170572395509556
R187D,0.6689303670000001,-3.09754715233,-2.91698276901,-2.93647291565,-3.04541059303,-2.94983773613,-3.639031747819999,-2.8456697464,-1.56627355552,A,2lay,-0.058054917,-0.39264598,-2.7565187703799197,-3.0921540749805185,-0.33563530460059887
R187G,0.332460056,-4.498983058169999,-4.43419578743,-4.31198376274,-4.78174315834,-4.66955541801,-4.29743716431,-5.905344222209999,-3.546334070169999,A,2lay,-0.058054917,-0.41543204,-2.7565187703799197,-3.1141029809235343,-0.35758421054361467
R187F,0.91571772,-2.29812036667,-1.84066677284,-1.9227479248,-2.70388521576,-2.44319187737,-2.58011004257,-2.72638549563,-0.28787131611,A,2lay,-0.058054917,-0.29998234,-2.7565187703799197,-2.998560069813285,-0.24204129943336516
R187I,1.683243439,0.2580301548,0.296409156799,0.344393985748,0.134602186203,0.202787521362,0.311957923889,-1.02875377238,0.688814305527,A,2lay,-0.058054917,-0.3294918,-2.7565187703799197,-3.0286797635373275,-0.2721609931574078
R187H,0.986778535,-2.81051844215,-2.36439603043,-2.55705848885,-3.19214047241,-2.83068708229,-3.1083101368,-4.65761604987,-0.568154550441,A,2lay,-0.058054917,-0.33281264,-2.7565187703799197,-3.0319727751023575,-0.27545400472243786
R187L,1.020529566,-0.165511336136,-0.0268403835297,0.0889439277649,-0.39998956871,-0.352877990723,-0.136792665482,-0.901888657827,0.193941212,A,2lay,-0.058054917,-0.25001732,-2.7565187703799197,-2.948551991861585,-0.19203322148166535
R187N,1.498533972,-3.23446220856,-3.02974556923,-2.91644573212,-3.52626850319,-2.83848828888,-3.86136294937,-4.282006500290001,-1.56799612394,A,2lay,-0.058054917,-0.3237096,-2.7565187703799197,-3.0208326408786093,-0.2643138704986896
R187Q,0.633304313,-2.23118391914,-2.27727482796,-1.93764333344,-2.50817599106,-2.29106880569,-2.14175663757,-3.67390029179,-1.36976035209,A,2lay,-0.058054917,-0.16058913,-2.7565187703799197,-2.858585548683323,-0.10206677830340327
R187P,1.372245636,0.6905001300810001,0.709002761841,0.699049184799,0.60560235405,0.709287569046,0.72955878067,-0.51462290273,1.20705172099,A,2lay,-0.058054917,-0.6150304,-2.7565187703799197,-3.3135434964926382,-0.5570247261127186
R187S,0.890886649,-1.19203149033,-0.990092205048,-1.09572901917,-1.34599174881,-1.23654885674,-1.29179562187,-1.16821844922,-0.106072868212,A,2lay,-0.058054917,-0.37919396,-2.7565187703799197,-3.07792705002931,-0.3214082796493902
R187T,1.32468388,-0.120020645523,0.241760469437,0.0960560016632,-0.442894346237,-0.184922655106,-0.310102697372,-1.43655872298,1.05555477356,A,2lay,-0.058054917,-0.3221565,-2.7565187703799197,-3.0199113708437917,-0.26339260046387203
R187W,0.8248448759999999,-2.94714570541,-2.55487590218,-2.18960509872,-3.3896411953,-3.30321405029,-3.29839228058,-5.0891239089,-0.0774389098692,A,2lay,-0.058054917,-0.28138596,-2.7565187703799197,-2.9802055062409285,-0.22368673586100885
R187V,0.992885271,0.98605423851,1.10520450974,1.11354404259,0.767711215973,0.954061416626,0.989750007629,-0.0939640295692,1.41892357809,A,2lay,-0.058054917,-0.33535385,-2.7565187703799197,-3.03453207492174,-0.27801330454182027
R187Y,0.867007092,-2.04309417953,-1.83819693184,-1.46215095329,-2.63783137321,-2.00256532097,-2.27472631836,-3.32554858271,0.529967719568,A,2lay,-0.058054917,-0.32622725,-2.7565187703799197,-3.025206533637832,-0.2686877632579123
Y188H,0.090963722,-5.1663755085,-5.061843769069999,-4.98597114944,-5.436762136460001,-5.22026866913,-5.12703181839,-7.2168754898,-6.04302269275,A,2lay,0.1506602,-0.2614511,-2.472510347576645,-2.88691604466269,-0.4144056970860448
Y188D,0.057448538,-7.45367203255,-7.1467044735,-7.08776581383,-8.01578894043,-7.528486566539999,-7.48961436844,-8.98708997562,-8.28873894359,A,2lay,0.1506602,-0.611066,-2.472510347576645,-3.2370573765506574,-0.7645470289740124
Y188F,0.153582607,-1.19749111443,-1.19598485374,-1.05681826019,-1.34015150833,-1.20959918022,-1.18490176964,-3.16085772822,-1.5357086941,A,2lay,0.1506602,0.19505239,-2.472510347576645,-2.42955711489216,0.04295323268448481
F189A,0.227098952,-8.9372495388,-8.5781760807,-8.52424505615,-9.90910463715,-8.89713834,-8.77758358002,-8.48717045737,-7.275508340560001,A,2lay,0.10626558,-0.43947905,-2.5542044913142674,-3.101170694633552,-0.5469662033192848
F189I,0.058359537,-8.694469644169999,-8.51637534142,-8.572308753969999,-9.36867265892,-8.558418304439998,-8.45657316208,-8.8818007994,-7.275508340560001,A,2lay,0.10626558,-0.44376588,-2.5542044913142674,-3.1015830423797768,-0.5473785510655094
F189H,0.180127498,-7.44716058502,-7.684701091769999,-6.82395601463,-8.1151266613,-7.272354600910001,-7.3396645565,-6.60090798419,-6.05119163388,A,2lay,0.10626558,-0.2181004,-2.5542044913142674,-2.879515059663332,-0.3253105683490647
F189T,0.079562905,-10.1318545578,-9.84840931129,-10.035310751,-11.360700613,-9.85073260689,-9.56411950684,-9.80145827652,-10.25654503,A,2lay,0.10626558,-0.47392663,-2.5542044913142674,-3.134524124825985,-0.5803196335117176
F189V,0.06234471,-8.670448162460001,-8.5790404911,-8.3804406414,-9.56505506706,-8.47017412758,-8.35753048515,-8.873752981660001,-7.275508340560001,A,2lay,0.10626558,-0.4742082,-2.5542044913142674,-3.1349228949166132,-0.5807184036023458
F189Y,1.133935953,-0.284452648926,0.0536850090027,0.159120090485,-0.664954147339,-0.442649698257,-0.52746449852,-1.38451234298,0.937503763541,A,2lay,0.10626558,0.06214834,-2.5542044913142674,-2.5988082094853704,-0.04460371817110298
L190I,1.165557394,2.03314320717,1.98401840401,1.9735658989,2.03497741699,2.15466423988,2.01849007607,-0.237519158516,1.16287869449,A,2lay,-0.05155785,-0.058289386,-2.7060238965265766,-2.7115675800851538,-0.0055436835585771504
L190K,2.702899304,-2.22472939377,-2.23818616867,-1.96862613869,-2.32718161774,-2.39296975708,-2.19668328667,-4.79138592212,-2.14394122191,A,2lay,-0.05155785,-0.42207655,-2.7060238965265766,-3.077071410268286,-0.3710475137417095
L190M,0.740773308,-1.71922347832,-1.82748732185,-1.59823347282,-1.81441603279,-1.72176283646,-1.63421772766,-3.17199126619,-1.63100342275,A,2lay,-0.05155785,-0.24147367,-2.7060238965265766,-2.895896557206164,-0.1898726606795873
L190Q,0.330103331,-3.24559595795,-3.07511879158,-2.97727255249,-3.5642176342,-3.3394658947,-3.27190491676,-6.18142278865,-2.33321287087,A,2lay,-0.05155785,-0.40004006,-2.7060238965265766,-3.054359885163853,-0.34833598863727655
L190P,0.109454749,-5.442811782840001,-5.88383099556,-5.15351872826,-5.6887129612,-5.619422611240001,-4.86857361794,-9.10003936605,-7.373775326110001,A,2lay,-0.05155785,-0.69803923,-2.7060238965265766,-3.3522713541982463,-0.6462474576716697
L190R,0.6403079279999999,-2.73902040825,-2.60916413307,-2.235331707,-2.97244783211,-3.03856181908,-2.83959654999,-4.691608684369999,-1.63680776873,A,2lay,-0.05155785,-0.35775363,-2.7060238965265766,-3.011304195984688,-0.3052802994581114
L190T,0.244875204,-2.07403528633,-2.03038562775,-1.93144366455,-2.1755297718,-2.12574299049,-2.10707437706,-3.75687142881,-1.5615910618,A,2lay,-0.05155785,-0.42647243,-2.7060238965265766,-3.0800876413585145,-0.37406374483193794
L190V,0.7231992140000001,1.77710276146,1.99167450142,1.8466939106,1.6477827816,1.68467021751,1.71469239616,-1.84613585146,1.67347274644,A,2lay,-0.05155785,-0.086121336,-2.7060238965265766,-2.7392628008906694,-0.033238904364092825
N191C,0.218036908,-5.37606770325,-5.52407806778,-5.194916936869999,-5.78598336411,-5.18991119766,-5.18544894981,-5.08550827461,-4.99035879231,A,2lay,-0.08372718,-0.3163635,-2.7264529071637904,-2.9598038822893256,-0.23335097512553515
N191D,0.354226797,0.398734111023,0.468074960709,0.289894857407,0.402638267517,0.451114057541,0.381948411942,-2.2721812909,-1.30164995511,A,2lay,-0.08372718,0.014842835,-2.7264529071637904,-2.6276776298927422,0.09877527727104818
N191H,0.191104856,-3.73184442215,-3.62507956123,-3.49643429565,-3.95017121124,-3.62690546608,-3.96063157654,-2.65019248426,-1.95981326848,A,2lay,-0.08372718,-0.40258256,-2.7264529071637904,-3.0459144093253943,-0.31946150216160385
N191K,0.176948308,-5.82764739456,-5.53745894814,-5.913752151490001,-5.79539523506,-6.026194795609999,-5.865435842509999,-3.985325776969999,-4.84043341999,A,2lay,-0.08372718,-0.46609193,-2.7264529071637904,-3.1081740720852205,-0.38172116492143005
N191S,0.566387259,-3.99666426086,-3.880692014690001,-3.98574701118,-4.015215589519999,-3.974008636469999,-4.12765805244,-0.8532034251839999,-3.7666741892,A,2lay,-0.08372718,-0.29711252,-2.7264529071637904,-2.940478051932258,-0.2140251447684678
N191R,0.113358739,-6.44533498421,-6.416154394149999,-6.309034839630001,-6.69524740219,-6.26124507141,-6.54499321365,-6.20901517174,-5.28767207486,A,2lay,-0.08372718,-0.4407165,-2.7264529071637904,-3.083744198295607,-0.35729129113181646
N191T,0.080871599,-6.25300752831,-6.21787818909,-6.407908426280001,-6.2812446022,-6.001886123659999,-6.356120300290001,-4.69729965227,-5.09636532977,A,2lay,-0.08372718,-0.3635409,-2.7264529071637904,-3.0059528439027843,-0.27949993673899387
N191Y,0.118332683,-5.992007381440001,-5.83694615936,-5.563809656139999,-6.27929196358,-6.889122905730001,-5.390866222380001,-5.567198937760001,-5.12568245999,A,2lay,-0.08372718,-0.40151268,-2.7264529071637904,-3.0435694815623084,-0.31711657439851804
H192I,0.192325331,-7.859692989349999,-7.76295834541,-8.029916200639999,-7.649277297969999,-7.8636602459,-7.992652856830001,-6.928877434229999,-2.11597515341,A,2lay,-0.22491474,-0.24343482,-2.9094861307602597,-2.927158681676093,-0.017672550915833085
H192P,0.034190683,-6.05745493622,-5.741412652969999,-6.47275481987,-5.7835608902,-5.98679076767,-6.30275555038,-6.630504205009999,-1.41008280332,A,2lay,-0.22491474,-0.57546514,-2.9094861307602597,-3.2594717422184565,-0.34998561145819673
H192C,0.172244151,-8.06197584038,-7.892939689639999,-7.79274778366,-7.861923643110001,-8.04754128265,-8.71472680283,-7.4206320165,-3.889116594609999,A,2lay,-0.22491474,-0.40663058,-2.9094861307602597,-3.091543075270061,-0.18205694450980126
H192R,0.060607017,-5.02944433708,-5.02696821785,-5.358983552930001,-4.71511857605,-4.91202487183,-5.13412646675,-4.83349703357,-1.21998541862,A,2lay,-0.22491474,-0.214987,-2.9094861307602597,-2.8988890097463544,0.010597121013905308
I193A,0.692881705,-0.65784995842,-0.611369701385,-0.4914553756710001,-0.729094970703,-0.687013372421,-0.770316371918,-0.69052367215,0.36422279216,A,2lay,-0.2775578,-0.3600608,-2.979279139225484,-3.0622952276669415,-0.08301608844145747
I193C,0.841481037,-3.88895683022,-3.92379327202,-3.98681853294,-3.8871195755,-3.98059594345,-3.66645682716,-3.96201483693,-3.583251288630001,A,2lay,-0.2775578,-0.40064558,-2.979279139225484,-3.1029334866305045,-0.12365434740502046
I193G,0.89901251,-2.58235256691,-2.60652803802,-2.31479512024,-2.63309933472,-2.50161245728,-2.85572788429,-1.66985408938,-1.79454027306,A,2lay,-0.2775578,-0.44244352,-2.979279139225484,-3.144852032560331,-0.16557289333484704
I193F,0.693820276,-2.2874461483,-2.33030001259,-2.16063773537,-2.40657920647,-2.40795934677,-2.13175444031,-1.20098834831,-1.50321175293,A,2lay,-0.2775578,-0.3038014,-2.979279139225484,-3.0064683926675713,-0.027189253442087224
I193H,1.079320109,-1.9110297905,-1.89542717743,-1.85235004425,-1.97624480438,-1.84645133018,-1.98467559624,-1.70809986559,-1.46590706164,A,2lay,-0.2775578,-0.2929829,-2.979279139225484,-2.9954640074969268,-0.01618486827144272
I193K,1.494868453,-0.703089272308,-0.80102176857,-0.626199556351,-0.738486286163,-0.7253169364929999,-0.624421813965,0.520194820361,0.297717354389,A,2lay,-0.2775578,-0.19112922,-2.979279139225484,-2.893145859955043,0.08613327927044123
I193M,0.975948534,-2.55705748024,-2.59300371552,-2.39652833366,-2.80140570641,-2.5740033989,-2.42034624672,-1.70802593115,-2.09800975505,A,2lay,-0.2775578,-0.31384876,-2.979279139225484,-3.0165862230848783,-0.0373070838593943
I193L,0.96137972,-0.86227952919,-0.905259027481,-0.714165744781,-0.86545321846,-0.8837436313629999,-0.942776023865,0.470731627662,-0.297832502876,A,2lay,-0.2775578,-0.17367056,-2.979279139225484,-2.87622385762854,0.10305528159694388
I193N,1.33377755,1.21873319588,1.1885196476,1.2159923439,1.16564514351,1.35034108353,1.17316776085,1.27237038244,0.315667729707,A,2lay,-0.2775578,-0.24383493,-2.979279139225484,-2.9465820783879657,0.03269706083751833
I193P,0.28288424,-3.21410627632,-2.80440771866,-2.85602692986,-3.43150768089,-3.40347570801,-3.57511334419,-3.64850073936,-1.95630621988,A,2lay,-0.2775578,-0.5236022,-2.979279139225484,-3.2237736918377466,-0.2444945526122626
I193S,0.76141968,-0.863010702896,-0.902059495926,-0.811231782913,-0.916799314499,-0.8652822113040001,-0.819680709839,0.186576807639,-0.139936271579,A,2lay,-0.2775578,-0.34522957,-2.979279139225484,-3.047602284981834,-0.06832314575635001
I193R,0.99769525,-1.21180076714,-1.31614757919,-1.16197641373,-1.08859002495,-1.25249614906,-1.23979366875,-1.11349374871,-0.141578911732,A,2lay,-0.2775578,-0.25954476,-2.979279139225484,-2.9616458022175527,0.01763333700793135
I193T,0.983589148,-0.672844791031,-0.7227521858220001,-0.602694160461,-0.6919129238130001,-0.740438604355,-0.606426080704,-0.907633616356,-0.383535054398,A,2lay,-0.2775578,-0.28439122,-2.979279139225484,-2.9860189425338888,-0.006739803308404735
I193V,0.735393738,-0.222859856796,-0.34263341713,-0.10069587326,-0.185350217819,-0.296506269455,-0.189113506317,-1.24262903235,0.295556889507,A,2lay,-0.2775578,-0.31675252,-2.979279139225484,-3.0193017512801186,-0.04002261205463453
I193Y,1.029292251,-2.17156285324,-2.11597623253,-2.00072085571,-2.28957331657,-2.28181354904,-2.16973031235,-1.63072672556,-1.63133661115,A,2lay,-0.2775578,-0.31885973,-2.979279139225484,-3.021268995681036,-0.041989856455551866
D194A,1.802303014,-0.632209377289,-0.577607002258,-0.473701826096,-0.5613415260310001,-0.792056932449,-0.756339599609,-1.78054317413,-0.0758259437317,A,2lay,-0.15470514,-0.39051023,-2.81981212909626,-3.0557314756177147,-0.23591934652145463
D194C,1.853621022,-3.38184147377,-3.42999303627,-3.447595058440001,-3.29974279976,-3.2935627861,-3.43831368828,-4.82209405908,-2.59793338329,A,2lay,-0.15470514,-0.40684605,-2.81981212909626,-3.073164186243894,-0.25335205714763376
D194E,1.316201445,-0.381785733795,-0.3926518116,-0.238696498871,-0.433316202164,-0.50446380043,-0.339800355911,-1.69569420163,-0.232301808278,A,2lay,-0.15470514,-0.36930975,-2.81981212909626,-3.0351299625929684,-0.2153178334967083
D194G,1.237291433,-1.72376716957,-1.51449985313,-1.71253231049,-1.84424461174,-1.730560215,-1.8169988575,-2.83049299801,-1.40589332854,A,2lay,-0.15470514,-0.43194357,-2.81981212909626,-3.09722094679251,-0.2774088176962497
D194F,1.138575996,-3.95084201126,-3.96844496155,-3.44451847076,-4.27658088112,-4.132155128480001,-3.9325106144,-4.988015444019999,-3.18843182174,A,2lay,-0.15470514,-0.35904104,-2.81981212909626,-3.0254140218271117,-0.2056018927308516
D194I,1.165943121,-2.98990776482,-2.86466788864,-2.7668508625,-2.91029673576,-3.34737566948,-3.06034766769,-4.08078507069,-2.24245238073,A,2lay,-0.15470514,-0.3107169,-2.81981212909626,-2.976366271763039,-0.1565541426667787
D194H,1.460187346,-1.22223614044,-1.20100683594,-1.22955569077,-1.21522936058,-1.26446333504,-1.20092547989,-4.15708478121,-1.40579002971,A,2lay,-0.15470514,-0.36922058,-2.81981212909626,-3.034903055935421,-0.21509092683916098
D194K,2.430656901,-0.696045494461,-0.6965357284550001,-0.64902223587,-0.704571432114,-0.8550117130279999,-0.575086362839,-2.5454591061,-0.359991028728,A,2lay,-0.15470514,-0.31951895,-2.81981212909626,-2.986148545817883,-0.1663364167216228
D194L,1.198836095,-0.8353515781399999,-0.585113945007,-0.724990421295,-0.875575527191,-0.8867427272799998,-1.10433526993,-2.58684368641,-0.0531695804439,A,2lay,-0.15470514,-0.33028,-2.81981212909626,-2.996134531513644,-0.17632240241738373
D194N,1.717223013,1.34537867851,1.33430687904,1.39452526855,1.33492334366,1.11883584023,1.54430206108,-1.25389278634,0.962630877904,A,2lay,-0.15470514,-0.174088,-2.81981212909626,-2.8386843738626055,-0.018872244766345414
D194Q,1.942447821,-1.06719034081,-1.0003533268,-1.10504366875,-1.03476142311,-1.06745873642,-1.12833454895,-2.06152774999,-1.08691421828,A,2lay,-0.15470514,-0.400822,-2.81981212909626,-3.0669338884358437,-0.24712175933958358
D194P,0.16607765,-3.133555476,-2.9255594635,-2.92160384369,-3.03582649612,-3.20204729843,-3.58274027824,-5.151805074419999,-2.24347485484,A,2lay,-0.15470514,-0.6505732,-2.81981212909626,-3.315676290289676,-0.49586416119341603
D194S,1.617697497,0.660978409576,0.770732872009,0.7721258392329999,0.732619777679,0.467613258362,0.561800300598,-0.8122077803129999,1.41578795854,A,2lay,-0.15470514,-0.2540965,-2.81981212909626,-2.91558766083793,-0.09577553174166997
D194R,3.159291618,-0.522880521393,-0.6072565212250001,-0.480895521164,-0.479726928711,-0.523949766159,-0.522573869705,-2.652295999,-0.5075305047290001,A,2lay,-0.15470514,-0.2799129,-2.81981212909626,-2.94616960887966,-0.12635747978339973
D194T,1.09535668,2.12054433022,2.23204386711,2.18798985863,2.16185547066,1.9016220417,2.11921041298,0.476961936336,3.27858516527,A,2lay,-0.15470514,-0.12180178,-2.81981212909626,-2.788160172364267,0.03165195673199328
D194W,1.473870464,-5.00016593628,-4.42744193077,-4.54871584129,-5.761349443439999,-5.33687163925,-4.92645082664,-7.42007143993,-6.699199960040001,A,2lay,-0.15470514,-0.33872345,-2.81981212909626,-3.0050640902276715,-0.1852519611314114
D194V,1.031891983,-3.19283592873,-3.28311094666,-3.01667598343,-3.0333127861,-3.33886920738,-3.29221072006,-5.208345662799999,-2.52481607015,A,2lay,-0.15470514,-0.34576938,-2.81981212909626,-3.0106194221697824,-0.1908072930735223
D194Y,1.042075197,-3.86503135872,-3.82352051926,-3.55624743652,-4.26476297569,-3.9071017437,-3.77352411842,-6.260206019040001,-3.94052529506,A,2lay,-0.15470514,-0.34571528,-2.81981212909626,-3.012498193831522,-0.19268606473526173
Q195E,0.210800198,-1.5363961319,-1.69812050247,-1.45600866318,-1.60949438477,-1.49056725883,-1.42778985023,-2.30576179456,-1.27413472106,A,2lay,-0.2569249,-0.2696298,-2.9615913256122615,-2.975696576043613,-0.014105250431351468
Q195G,0.162256176,-1.25030690346,-1.16856975365,-1.29625703621,-1.2451926136,-1.25063375664,-1.29088135719,-0.944212002214,1.14026910959,A,2lay,-0.2569249,-0.17954658,-2.9615913256122615,-2.886197365287225,0.07539396032503642
Q195H,0.574979613,-1.32151167831,-1.33610869789,-1.22974724197,-1.40993608665,-1.35738075638,-1.27438560867,-0.144480456598,-1.43743802713,A,2lay,-0.2569249,-0.24880719,-2.9615913256122615,-2.9551979797020134,0.006393345910248094
Q195K,2.118778549,0.904356112671,1.01659020805,1.0611998291,0.716606149673,0.8924881248469999,0.834896251678,1.3327894751,0.7800975818800001,A,2lay,-0.2569249,-0.19600312,-2.9615913256122615,-2.9015389291312657,0.06005239648099581
Q195M,0.393983323,-3.481334211730001,-3.290282224659999,-3.68660301018,-3.39260588455,-3.49756429482,-3.53961564445,-3.62476885389,-2.88956588073,A,2lay,-0.2569249,-0.3052585,-2.9615913256122615,-3.010567539659905,-0.04897621404764374
Q195L,0.173372414,-3.77733759918,-3.61706728745,-3.68699605751,-3.79353898811,-3.87600399017,-3.91308167267,-4.38925374486,-2.84289703769,A,2lay,-0.2569249,-0.24131007,-2.9615913256122615,-2.9470544416650366,0.014536883947224855
Q195P,0.0931985319999999,-4.50447225876,-4.65757250786,-4.40102741623,-4.3242659111,-4.37676869011,-4.76272676849,-3.75409978442,-3.19457908055,A,2lay,-0.2569249,-0.7369553,-2.9615913256122615,-3.4375365140871086,-0.4759451884748471
Q195R,2.280922616,0.934400067139,1.04667142868,1.07045736694,0.8564423618320001,0.885528865814,0.8129003124240001,0.185707528144,0.5209733119759999,A,2lay,-0.2569249,-0.21241756,-2.9615913256122615,-2.9184176430655793,0.04317368254668219
Q195Y,0.275175639,-4.90196900826,-4.96513167,-5.12374240494,-4.99320135307,-4.59645066452,-4.83131894875,-5.444128522180001,-4.382180126730001,A,2lay,-0.2569249,-0.3219749,-2.9615913256122615,-3.028583490773356,-0.06699216516109452
T196A,0.557788591,-2.93195875893,-2.99390901184,-2.82819879913,-3.0634289341,-2.9548569088,-2.81940014076,-3.50759944506,-1.09267846255,A,2lay,-0.15738425,-0.22573233,-2.8333115570260783,-2.9036637148608007,-0.07035215783472237
T196C,0.777117387,-4.34794382019,-4.40197023201,-4.26620111275,-4.39192797279,-4.44889646721,-4.23072331619,-4.796737038530001,-3.79093716655,A,2lay,-0.15738425,-0.35098714,-2.8333115570260783,-3.0297638468466577,-0.19645228982057938
T196D,0.117797109,-5.41930925255,-5.29365638733,-5.45401822472,-5.53861410141,-5.73594823837,-5.074309310909999,-5.415005288550001,-2.58248260005,A,2lay,-0.15738425,-0.38955426,-2.8333115570260783,-3.0660019448906235,-0.2326903878645452
T196F,1.024077297,-4.99307954178,-4.90754680252,-5.045789005280001,-5.04714602661,-5.05529208565,-4.90962378883,-4.964067285410001,-4.08342991878,A,2lay,-0.15738425,-0.3367627,-2.8333115570260783,-3.0154444934814237,-0.18213293645534545
T196I,0.676608257,-2.34106492653,-2.4285649128,-2.28064169693,-2.37121092796,-2.37149500656,-2.25341208839,-3.103960515,-1.37162393029,A,2lay,-0.15738425,-0.34097958,-2.8333115570260783,-3.019435430624595,-0.1861238735985169
T196H,0.340780686,-4.31719513359,-4.34940024948,-4.17522514725,-4.39521835518,-4.40329874992,-4.26283316612,-5.78173515201,-2.63055510577,A,2lay,-0.15738425,-0.33409524,-2.8333115570260783,-3.012764765463133,-0.1794532084370548
T196K,0.692250843,-1.72704737473,-1.68645138741,-1.71185694695,-1.77960196877,-1.71061599159,-1.74671057892,-4.016836490019999,-0.564329375881,A,2lay,-0.15738425,-0.25317392,-2.8333115570260783,-2.9314472124255873,-0.09813565539950897
T196M,0.767985557,-3.8354023056,-4.036687919619999,-3.67805774498,-3.81581076241,-3.92777921104,-3.71867588997,-4.93930449709,-2.90976509867,A,2lay,-0.15738425,-0.32500035,-2.8333115570260783,-3.0031125100125564,-0.16980095298647813
T196L,0.8998275840000001,-3.121844123459999,-3.17575741005,-3.11284871292,-3.28118011665,-3.16741686821,-2.87201750946,-3.4130605231,-1.91779770894,A,2lay,-0.15738425,-0.35039,-2.8333115570260783,-3.0286717456036807,-0.1953601885776024
T196N,0.6620369629999999,-3.7943680809,-3.86872054672,-3.82384908295,-3.91515425301,-3.78655212021,-3.577564401630001,-5.668076372409999,-2.7882812685,A,2lay,-0.15738425,-0.29210046,-2.8333115570260783,-2.9696286549952893,-0.136317097969211
T196P,0.188857146,-6.77779916229,-7.27033867645,-6.566059148790001,-6.475300928119999,-6.913709981919999,-6.66358707619,-7.294595864600001,-5.67826243225,A,2lay,-0.15738425,-0.7775095,-2.8333115570260783,-3.455916333607674,-0.6226047765815959
T196S,0.760399357,-1.57623187027,-1.57666880226,-1.55151205635,-1.55972859764,-1.63868966675,-1.55456022835,-1.46013808751,-1.52409517164,A,2lay,-0.15738425,-0.11616714,-2.8333115570260783,-2.7932240660030705,0.04008749102300779
T196R,1.261572505,-1.84439349556,-1.80029161072,-1.80851924896,-1.9083475399,-1.88036514854,-1.82444392967,-3.48330131732,-0.907304617833,A,2lay,-0.15738425,-0.24124506,-2.8333115570260783,-2.919599510953929,-0.08628795392785049
T197S,0.481269323,-3.06855680008,-2.99271739578,-3.00289515114,-3.07524759293,-3.24744791412,-3.02447594643,-4.78687774378,-0.380110500526,A,2lay,-0.24631372,-0.3967722,-2.916620736523067,-3.0672966462970934,-0.15067590977402645
T197R,0.092289806,-5.924686469269999,-6.072018573759999,-5.90247953033,-6.22474159431,-5.96419244576,-5.460000202180001,-5.422829410759999,-3.07883738529,A,2lay,-0.24631372,-0.4542529,-2.916620736523067,-3.124572346499863,-0.20795160997679618
T197N,0.0837202059999999,-4.6374177269,-4.72286078835,-4.54758520889,-4.95060920525,-4.43758136559,-4.52845206642,-4.99026426557,-4.01223044176,A,2lay,-0.24631372,-0.41969925,-2.916620736523067,-3.0895164363567433,-0.17289569983367636
T198A,0.457146955,-4.26750172462,-4.14266561508,-4.03763483047,-4.591014125819999,-4.39127184486,-4.17492220688,-5.4896201794,-2.88951997575,A,2lay,-0.2821254,-0.39557517,-2.9561430851120414,-3.071093634355397,-0.11495054924335557
T198E,0.327952431,-5.553489080429999,-5.424521287919999,-5.14147485542,-5.88170984077,-5.71714492798,-5.60259449005,-7.954563391860001,-4.64733861275,A,2lay,-0.2821254,-0.31713206,-2.9561430851120414,-2.9907507972159646,-0.034607712103923216
T198G,0.3834474470000001,-5.62078158607,-5.52075522041,-5.06253331947,-5.83611296272,-5.78086974907,-5.9036366787,-7.29867009283,-5.981884981749999,A,2lay,-0.2821254,-0.5381237,-2.9561430851120414,-3.2132132422838255,-0.25707015717178416
T198K,0.165330598,-6.147551591109999,-6.26504844284,-5.490756259919999,-6.74620656967,-6.07550405312,-6.16024263,-6.300017288069999,-3.23537358691,A,2lay,-0.2821254,-0.35819227,-2.9561430851120414,-3.032377328693376,-0.07623424358133457
T198M,0.203469551,-6.391455775830001,-6.506254478450001,-5.87049489403,-6.353119501109999,-6.868706811900001,-6.358703193659999,-6.65533177974,-4.07477856217,A,2lay,-0.2821254,-0.27538508,-2.9561430851120414,-2.9500977921957463,0.006045292916295075
T198N,0.380181572,-5.336690345,-5.32202704811,-5.05608468246,-5.65045556831,-5.46002861977,-5.19485580635,-7.426416273230001,-5.690823749550001,A,2lay,-0.2821254,-0.19254592,-2.9561430851120414,-2.867163601239718,0.08897948387232324
T198Q,1.436759988,-1.38447940369,-1.11321990585,-0.893746543884,-1.98248671532,-1.44261928558,-1.49032456779,-2.50624640472,-0.147078723563,A,2lay,-0.2821254,-0.32757694,-2.9561430851120414,-3.0024755197323163,-0.04633243462027492
T198P,0.207137978,-7.43803626633,-7.230075254439999,-7.500812774660001,-7.293890531539999,-7.743651782989999,-7.421750988010001,-8.778279589260002,-7.388420030830001,A,2lay,-0.2821254,-0.75183,-2.9561430851120414,-3.427297231329673,-0.47115414621763163
T198S,0.6889133479999999,-1.09239614182,-0.981611085892,-0.899801376343,-1.28213829041,-1.18121126938,-1.11721868706,-1.07282351935,-0.4662384211559999,A,2lay,-0.2821254,-0.18843701,-2.9561430851120414,-2.8641961966878653,0.09194688842417609
T198R,0.439849736,-4.962650877,-4.64411497688,-4.34965559959,-5.55801447105,-5.14864061546,-5.112828722,-5.43189532915,-1.87770013522,A,2lay,-0.2821254,-0.3207365,-2.9561430851120414,-2.994985642264073,-0.03884255715203144
T198W,0.53335865,-6.76565325127,-6.73170149803,-6.383134355549999,-7.1642930069,-6.86235357475,-6.68678382111,-8.01299582468,-6.63345089556,A,2lay,-0.2821254,-0.31039977,-2.9561430851120414,-2.984557175393789,-0.028414090281747573
Q200A,0.947362798,-1.45707921524,-1.42690606499,-1.28236796951,-1.44208749962,-1.45896058083,-1.67507396126,-5.513523193080001,-1.19746287229,A,2lay,-0.23313889,-0.30777892,-2.9417234416125146,-3.0178386870291742,-0.0761152454166596
Q200E,0.454173482,1.3439109726,1.28206225204,1.49109007645,1.28064762688,1.37517271042,1.29058219719,-0.321052697138,2.12783244873,A,2lay,-0.23313889,-0.15553126,-2.9417234416125146,-2.8638931450872653,0.07783029652524931
Q200D,0.655563639,0.597723169708,0.5609185752870001,0.704201263428,0.581086750031,0.631503583908,0.510905675888,-0.759667885257,1.32076372346,A,2lay,-0.23313889,-0.31579965,-2.9417234416125146,-3.0255733057422605,-0.08384986412974582
Q200G,0.8963757720000001,-2.8717589859,-3.02398996162,-2.77169516182,-3.04438739777,-2.68626606369,-2.8324563446,-4.86792693741,-2.84162075599,A,2lay,-0.23313889,-0.4394837,-2.9417234416125146,-3.149286958688147,-0.20756351707563248
Q200H,1.397860963,-0.620610666275,-0.606527763367,-0.4570748519899999,-0.494545679092,-0.677751434326,-0.8671536026000001,-0.923072030768,-0.631363583541,A,2lay,-0.23313889,-0.26871026,-2.9417234416125146,-2.9772865784984117,-0.03556313688589707
Q200K,0.563799529,-0.242592631149,-0.339192581177,-0.117168821335,-0.190770648956,-0.200519367218,-0.365311737061,-2.57529771212,0.0514343563027,A,2lay,-0.23313889,-0.18772727,-2.9417234416125146,-2.897120889142544,0.04460255246997047
Q200M,0.732776084,-1.64640150681,-1.87237561226,-1.73828354263,-1.60994028282,-1.56374232483,-1.44766577148,-4.66769597144,-2.18896432506,A,2lay,-0.23313889,-0.253938,-2.9417234416125146,-2.963138502645323,-0.021415061032808325
Q200L,0.540865251,0.398605741882,0.333016597748,0.156772222519,0.457720273972,0.351220563889,0.694299051285,-3.02388711157,-0.225476938991,A,2lay,-0.23313889,-0.286734,-2.9417234416125146,-2.99544825529256,-0.05372481368004545
Q200N,1.268605223,-0.0515782482147,-0.12054986763,-0.0602274551392,-0.0792448959351,0.0339935951233,-0.0318626174927,-2.38137119007,-0.234153924241,A,2lay,-0.23313889,-0.3026305,-2.9417234416125146,-3.012409451016397,-0.07068600940388237
Q200P,0.043327539,-4.26579639282,-4.48605579948,-4.041403671259999,-4.16356798172,-4.29467990494,-4.343274606700001,-7.411108391589999,-6.393279346440001,A,2lay,-0.23313889,-0.56103045,-2.9417234416125146,-3.269807022209113,-0.32808358059659826
Q200S,0.795291869,-0.349086253357,-0.393095832825,-0.241476688385,-0.315964586258,-0.403143072128,-0.391751087189,-2.70064052264,-0.33111012007,A,2lay,-0.23313889,-0.2827426,-2.9417234416125146,-2.9929195918065887,-0.051196150194074086
Q200R,1.368045172,-0.947262434387,-1.02456903267,-0.77207507515,-0.878075914383,-0.949895957947,-1.11169619179,-4.52885072911,-1.21044256907,A,2lay,-0.23313889,-0.1991472,-2.9417234416125146,-2.9086183741660254,0.03310506744648922
Q200T,0.6938325409999999,0.8558078132629999,0.908029815674,0.8752834072110001,0.8439869823459999,0.875759645462,0.7759792156219999,-1.47210362926,1.11461889755,A,2lay,-0.23313889,-0.24348274,-2.9417234416125146,-2.952326302726177,-0.010602861113662154
Q200W,0.924825944,-3.19287632828,-3.48578935814,-3.22514014816,-3.084582304,-3.09069539833,-3.07817443275,-5.84880325454,-4.12273553049,A,2lay,-0.23313889,-0.2958177,-2.9417234416125146,-3.0057316932647207,-0.06400825165220603
Q200Y,0.896513949,-1.23961573296,-1.53660611153,-1.29954765701,-1.1332270298,-1.18542659569,-1.04327127075,-2.98333583097,-1.81945981808,A,2lay,-0.23313889,-0.29302892,-2.9417234416125146,-3.0018224622292227,-0.06009902061670802
D201A,0.704252764,-4.8003272934,-3.96669880867,-4.05259447479,-5.3487665062,-5.29015063858,-5.343426038740001,-6.58652093413,-1.4039754666,A,2lay,0.057943184,-0.4531806,-2.603874944813761,-3.1169124714151626,-0.5130375266014018
D201E,0.254635298,-4.45212200279,-4.23140764046,-4.232454067230001,-4.955744627,-4.52387851334,-4.31712516594,-8.38255631365,-2.62154653089,A,2lay,0.057943184,-0.23513179,-2.603874944813761,-2.897360760790571,-0.2934858159768101
D201G,0.35020723,-7.087267198180001,-6.41893582344,-6.407140497209999,-8.044768768310002,-7.19739361954,-7.368097282410001,-10.1191694634,-5.53227445194,A,2lay,0.057943184,-0.5694731,-2.603874944813761,-3.2328155290353173,-0.6289405842215565
D201I,0.337056451,-5.999179704279999,-5.041011335369999,-4.923539079669999,-6.550649951930001,-6.87993938828,-6.60075876617,-7.6075403404,-1.98381247262,A,2lay,0.057943184,-0.31796068,-2.603874944813761,-2.9820984566783384,-0.3782235118645776
D201H,0.6983961879999999,-1.57921551018,-1.36427993774,-1.24085977173,-1.86178681755,-1.69141724586,-1.737733778,-4.875778978690001,-0.232085115481,A,2lay,0.057943184,-0.28829324,-2.603874944813761,-2.952213160400625,-0.3483382155868644
D201K,0.760826085,-3.5810595211,-2.63102939606,-2.84115638161,-4.29745637894,-4.07515774155,-4.06049770737,-6.690016995650001,-0.114690889889,A,2lay,0.057943184,-0.44576016,-2.603874944813761,-3.1099668716440125,-0.5060919268302517
D201N,0.5382918520000001,-3.82282879601,-3.61830709076,-3.64178879547,-4.27816638565,-3.9718946991,-3.60398700905,-4.60666603595,-1.65159722013,A,2lay,0.057943184,-0.18883693,-2.603874944813761,-2.8523629599926115,-0.24848801517885066
D201Q,0.385890772,-6.81885809212,-6.025744617459999,-5.49622632408,-8.197844081880001,-7.365412431719999,-7.00906300545,-8.61668988972,-3.07093279041,A,2lay,0.057943184,-0.39076564,-2.603874944813761,-3.0540856360630437,-0.4502106912492829
D201P,0.499124674,-2.89689258461,-2.12024298477,-2.15603862,-3.68299297714,-3.27719638062,-3.24799196053,-5.484125522899999,-0.263155194526,A,2lay,0.057943184,-0.4906109,-2.603874944813761,-3.1508657403703872,-0.5469907955566264
D201S,0.534497322,-4.77853944321,-3.99808423805,-4.3164188118,-5.74730149651,-5.17204702187,-4.65884564781,-8.632043574939999,-2.47991520455,A,2lay,0.057943184,-0.4064805,-2.603874944813761,-3.0695988636358953,-0.4657239188221345
D201T,0.386769319,-6.48974669533,-5.98857130051,-5.88075108337,-7.04829792786,-6.60474092674,-6.926372238160001,-9.03519585775,-3.47947594259,A,2lay,0.057943184,-0.42315522,-2.603874944813761,-3.0846736418641916,-0.48079869705043077
D201V,0.63881394,-6.09652765236,-5.15930226135,-5.354855886459999,-6.548626770019999,-5.885944654459999,-7.5339086895,-7.82174799079,-1.90249657032,A,2lay,0.057943184,-0.33446077,-2.603874944813761,-2.9987524373751326,-0.39487749256137183
D201Y,0.617182283,-6.329341485980001,-6.05759533119,-5.54762698936,-7.329244411469999,-6.73976975822,-5.97247093964,-8.96094549261,-3.19568114102,A,2lay,0.057943184,-0.32599083,-2.603874944813761,-2.9888509787630935,-0.38497603394933266
P202A,0.0557903809999999,-9.63254230652,-9.82308995819,-9.56882459259,-9.61014755821,-9.56514222908,-9.59550719452,-9.31150679465,-12.2911241578,A,2lay,-0.051668912,-0.33296928,-2.6999641657406723,-2.9775086658864773,-0.277544500145805
P202H,0.08686077,-8.58423420334,-8.600638242719999,-8.50121810532,-8.58837624931,-8.5770712738,-8.65386714554,-7.663607281869999,-7.81426088888,A,2lay,-0.051668912,-0.39838487,-2.6999641657406723,-3.047862532159406,-0.34789836641873384
P202Q,0.069048133,-9.66069011421,-9.85911755943,-9.58623927689,-9.68669485092,-9.57914155579,-9.59225732803,-9.31150679465,-12.2911241578,A,2lay,-0.051668912,-0.40222645,-2.6999641657406723,-3.0498504813772787,-0.3498863156366063
P202S,0.041908444,-8.741215273669999,-8.798645891189999,-8.66289504623,-8.823010534289999,-8.71859495926,-8.70292993736,-8.65106773138,-9.01744154917,A,2lay,-0.051668912,-0.39061075,-2.6999641657406723,-3.037962875181716,-0.3379987094410435
P202R,0.240944946,-9.65730930901,-9.83377623558,-9.49715997696,-9.78651096916,-9.621620903019998,-9.54747846031,-9.31150679465,-12.2911241578,A,2lay,-0.051668912,-0.3742676,-2.6999641657406723,-3.0234897234988316,-0.3235255577581593
P202W,0.0674981509999999,-9.71946141357,-9.887352005,-9.63689912796,-9.73202012253,-9.71152042198,-9.6295153904,-9.31150679465,-12.2911241578,A,2lay,-0.051668912,-0.3468166,-2.6999641657406723,-2.9947562106366443,-0.294792044895972
R203C,0.157368182,,,,,,,,,A,2lay,-0.0688921,-0.39578745,-2.761679165346866,-3.090015375053618,-0.32833620970675215
R203D,0.138660892,,,,,,,,,A,2lay,-0.0688921,-0.41588116,-2.761679165346866,-3.1099815357256175,-0.34830237037875156
R203G,0.150522964,,,,,,,,,A,2lay,-0.0688921,-0.40211716,-2.761679165346866,-3.0949235901016126,-0.3332444247547466
R203H,0.124026967,,,,,,,,,A,2lay,-0.0688921,-0.25045013,-2.761679165346866,-2.941050565790817,-0.17937140044395106
R203P,0.061894785,,,,,,,,,A,2lay,-0.0688921,-0.6582151,-2.761679165346866,-3.3502608091380344,-0.5885816437911684
R203S,0.167860387,,,,,,,,,A,2lay,-0.0688921,-0.40866083,-2.761679165346866,-3.100904468768099,-0.3392253034212329
