mutant,linear,mutation_effect_prediction_vae_ensemble,mutation_effect_prediction_vae_1,mutation_effect_prediction_vae_2,mutation_effect_prediction_vae_3,mutation_effect_prediction_vae_4,mutation_effect_prediction_vae_5,mutation_effect_prediction_pairwise,mutation_effect_prediction_independent,chain,wt_pdb,log_p_wt,log_p_mt,log_p_mt__minus__log_p_wt
D170C,1.08657274,,,,,,,,,A,2lay,-2.6118636,-4.367509,-1.7556453
D170E,1.449640362,,,,,,,,,A,2lay,-2.6118636,-2.545824,0.06603956
D170G,1.586071832,,,,,,,,,A,2lay,-2.6118636,-2.781443,-0.1695795
D170F,1.390984458,,,,,,,,,A,2lay,-2.6118636,-3.7553477,-1.1434841
D170I,1.510918047,,,,,,,,,A,2lay,-2.6118636,-3.3978565,-0.78599286
D170H,1.082612035,,,,,,,,,A,2lay,-2.6118636,-3.87943,-1.2675664
D170K,1.986607392,,,,,,,,,A,2lay,-2.6118636,-2.662892,-0.05102849
D170L,1.757548039,,,,,,,,,A,2lay,-2.6118636,-3.2351334,-0.6232698
D170N,1.191825583,,,,,,,,,A,2lay,-2.6118636,-3.2115283,-0.5996647
D170Q,1.612474668,,,,,,,,,A,2lay,-2.6118636,-3.2704902,-0.65862656
D170P,2.502210796,,,,,,,,,A,2lay,-2.6118636,-2.6798756,-0.068012
D170S,1.238792683,,,,,,,,,A,2lay,-2.6118636,-2.193068,0.4187956
D170R,2.470139561,,,,,,,,,A,2lay,-2.6118636,-2.9016304,-0.2897668
D170T,1.867418334,,,,,,,,,A,2lay,-2.6118636,-2.7982593,-0.18639565
D170V,1.9505742,,,,,,,,,A,2lay,-2.6118636,-3.0148983,-0.4030347
D170Y,1.135424459,,,,,,,,,A,2lay,-2.6118636,-3.8905933,-1.2787297
V171A,1.298013126,,,,,,,,,A,2lay,-2.8881078,-2.4312186,0.45688915
V171E,1.397016889,,,,,,,,,A,2lay,-2.8881078,-2.2168403,0.6712675
V171D,1.860249175,,,,,,,,,A,2lay,-2.8881078,-2.4051712,0.48293662
V171G,1.974818609,,,,,,,,,A,2lay,-2.8881078,-3.2363229,-0.3482151
V171F,1.127986667,,,,,,,,,A,2lay,-2.8881078,-3.737051,-0.84894323
V171I,1.199341502,,,,,,,,,A,2lay,-2.8881078,-3.1978154,-0.30970764
V171H,2.200604356,,,,,,,,,A,2lay,-2.8881078,-3.4448857,-0.55677795
V171M,1.323938731,,,,,,,,,A,2lay,-2.8881078,-4.284027,-1.3959193
V171L,1.583837055,,,,,,,,,A,2lay,-2.8881078,-2.564962,0.32314587
V171N,2.749499045,,,,,,,,,A,2lay,-2.8881078,-3.0684042,-0.18029642
V171P,2.75929815,,,,,,,,,A,2lay,-2.8881078,-4.754504,-1.8663964
V171S,1.833689529,,,,,,,,,A,2lay,-2.8881078,-2.4917114,0.3963964
V171R,3.462110809,,,,,,,,,A,2lay,-2.8881078,-2.9854712,-0.09736347
V171T,0.963624688,,,,,,,,,A,2lay,-2.8881078,-2.8526204,0.035487413
V171Y,1.198164072,,,,,,,,,A,2lay,-2.8881078,-3.531054,-0.64294624
P172A,1.185524545,,,,,,,,,A,2lay,-0.9184617,-3.220179,-2.3017173
P172E,0.808047348,,,,,,,,,A,2lay,-0.9184617,-2.8634315,-1.9449698
P172G,1.646431217,,,,,,,,,A,2lay,-0.9184617,-4.310934,-3.3924723
P172F,0.5264220279999999,,,,,,,,,A,2lay,-0.9184617,-3.7146091,-2.7961473
P172I,1.081574506,,,,,,,,,A,2lay,-0.9184617,-3.9191506,-3.000689
P172H,0.981326217,,,,,,,,,A,2lay,-0.9184617,-4.1155925,-3.1971307
P172K,1.34184025,,,,,,,,,A,2lay,-0.9184617,-2.9896095,-2.071148
P172L,0.917905338,,,,,,,,,A,2lay,-0.9184617,-3.0038116,-2.08535
P172Q,0.97954644,,,,,,,,,A,2lay,-0.9184617,-3.5408778,-2.622416
P172S,1.326588984,,,,,,,,,A,2lay,-0.9184617,-3.2625751,-2.3441133
P172R,1.396370152,,,,,,,,,A,2lay,-0.9184617,-3.1467946,-2.228333
P172T,1.101012436,,,,,,,,,A,2lay,-0.9184617,-3.0684886,-2.1500268
L173F,0.581268889,-7.554934761810001,-7.587551664349999,-7.644634805680001,-7.64485080528,-7.64895726204,-7.248679271699999,-8.60603497038,-7.2470434536,A,2lay,-2.418365,-1.5415078,0.87685716
L173H,0.268812135,-8.68901145554,-8.627835031510001,-9.36916431618,-8.66910058212,-8.675935543060001,-8.10302180481,-10.5647691958,-11.7214877956,A,2lay,-2.418365,-3.7229323,-1.3045673
L173M,1.08444462,-4.50608036041,-4.48145533943,-4.56545691681,-4.640613376619999,-4.52754572296,-4.31533044624,-4.59508201829,-4.41727750256,A,2lay,-2.418365,-3.292561,-0.87419605
L173Q,0.227748626,-8.61269953995,-8.69184640121,-9.04276239395,-8.64947562218,-8.55957844543,-8.11983483696,-10.5647691958,-11.7214877956,A,2lay,-2.418365,-2.915303,-0.496938
L173P,0.271741785,-8.57225341415,-8.55936054993,-9.03409790611,-8.68030702019,-8.53381593895,-8.05368565559,-10.5647691958,-11.7214877956,A,2lay,-2.418365,-5.100377,-2.682012
L173R,0.165804027,-8.49595784683,-8.581775489810001,-8.827396158220001,-8.5340959549,-8.520760255810002,-8.01576137543,-10.5647691958,-11.7214877956,A,2lay,-2.418365,-2.919107,-0.50074196
L173T,0.207538415,-8.48503920631,-8.61160159302,-8.78864849663,-8.448605669019999,-8.4512473774,-8.12509289551,-10.5647691958,-11.7214877956,A,2lay,-2.418365,-2.778013,-0.359648
L173W,0.242428955,-8.066549732210001,-8.15879490089,-8.29171336746,-8.18919197083,-8.0985909977,-7.59445742416,-8.80383438081,-7.94777970592,A,2lay,-2.418365,-4.257356,-1.8389912
L173V,0.567276852,-5.299455711359999,-5.16356827164,-5.29247371101,-5.37280581856,-5.15395998001,-5.5144707756,-7.386039988139999,-4.94673285051,A,2lay,-2.418365,-2.661904,-0.2435391
P174A,0.398852739,-5.11105708046,-5.00792250443,-5.321542530059999,-5.125075160980001,-5.074976270680001,-5.02576893616,-6.52129900595,-4.80684826368,A,2lay,-0.23713882,-4.1055202,-3.8683815
P174G,0.827341338,-6.453157217030001,-6.40719911385,-6.62154055214,-6.44329071617,-6.48208031654,-6.31167538643,-7.03943803906,-6.02358420753,A,2lay,-0.23713882,-4.0774584,-3.8403196
P174L,0.327942052,-6.10185346489,-6.07017274857,-6.26312244987,-6.115095340730001,-6.00594818306,-6.05492860222,-7.298930340910001,-5.86140404847,A,2lay,-0.23713882,-4.0625954,-3.8254566
P174Q,0.422146169,-7.346967175669999,-7.271997817989999,-7.566211605069999,-7.348414205549999,-7.268016225810001,-7.280196023939999,-8.195217495780001,-6.959759654910001,A,2lay,-0.23713882,-4.5632772,-4.3261385
P174S,0.323615345,-6.07046352921,-6.03315034866,-6.178983688350001,-6.056978837969999,-6.02497977638,-6.05822499466,-7.177991489410001,-5.771650311139999,A,2lay,-0.23713882,-4.40569,-4.1685514
P174R,0.241634365,-8.4524918148,-8.536300493239999,-8.71211495972,-8.39382429314,-8.30213022041,-8.31808910751,-10.1162186961,-11.2594897546,A,2lay,-0.23713882,-4.343247,-4.106108
P174T,0.366025411,-7.32728231964,-7.253535524369999,-7.60934298897,-7.24954963493,-7.30176721382,-7.22221623611,-7.977661959360001,-7.11000226228,A,2lay,-0.23713882,-4.7540197,-4.516881
P174V,0.210093649,-7.954395035169999,-7.965485424039999,-8.17475757599,-7.88166485977,-7.83238003159,-7.91768728447,-9.12042771687,-8.03713113489,A,2lay,-0.23713882,-4.596979,-4.3598404
A175C,0.567995705,-3.40335440331,-3.52457234383,-3.3297118969,-3.5433535862,-3.28004414177,-3.339090047840001,-3.35735686013,-3.741388059090001,A,2lay,-2.3003194,-4.445489,-2.1451695
A175E,0.515129895,0.149615171051,0.266940433502,0.283883382797,-0.0144652118683,0.0487701683043999,0.16294708252,-0.792924881098,0.408368690786,A,2lay,-2.3003194,-2.3731384,-0.072818995
A175D,0.7604143259999999,-0.17049595108,-0.150379512787,-0.0755294761658,-0.306716592789,-0.23360279274,-0.0862513809203999,-0.855706003611,-0.138252356729,A,2lay,-2.3003194,-3.0117967,-0.7114773
A175G,0.8145548,-2.68551692505,-2.63265040779,-2.69833921814,-2.94940324211,-2.55819319916,-2.58899855804,-3.74573498231,-2.61468297179,A,2lay,-2.3003194,-3.7485588,-1.4482393
A175F,0.964681089,-1.30103988304,-1.68078310585,-1.37113776779,-1.29105054665,-1.05307501602,-1.1091529789,-2.89028406062,-1.80714161245,A,2lay,-2.3003194,-4.077941,-1.7776215
A175I,0.910499307,-2.45900816422,-2.59683945465,-2.43983697701,-2.54988718605,-2.31510626793,-2.39337093544,-3.01587430027,-2.79940754341,A,2lay,-2.3003194,-3.0706425,-0.77032304
A175H,0.827176602,-1.23383697739,-1.36304914665,-1.24784692764,-1.27048875618,-1.04247546959,-1.24532458687,-1.99603738089,-1.50198986789,A,2lay,-2.3003194,-3.8861725,-1.5858531
A175L,1.516725344,-1.01557178307,-1.20818854332,-1.06203447533,-1.10274785805,-0.861428625107,-0.8434594135279999,-1.27340559301,-1.37572443263,A,2lay,-2.3003194,-2.6593835,-0.3590641
A175N,0.8943938109999999,-1.4169179718,-1.48725219345,-1.40550216675,-1.52612875175,-1.34741112137,-1.31829562569,-2.03807418386,-1.39462594721,A,2lay,-2.3003194,-3.161256,-0.86093664
A175Q,0.988666084,-1.17285356674,-1.10807452202,-1.03374862289,-1.37501693153,-1.17560176277,-1.17182599449,-2.19299759238,-1.08005395133,A,2lay,-2.3003194,-2.8946478,-0.5943284
A175P,1.044997548,1.17080594673,1.28740823555,1.3596594696,0.972370128632,1.09128413582,1.14330776405,0.421730655129,1.3266636979,A,2lay,-2.3003194,-4.601092,-2.3007724
A175S,0.989783576,-0.192048451614,-0.240758424759,-0.176550430298,-0.273443180084,-0.127251117706,-0.142239105225,-1.1600085824,-0.228912655224,A,2lay,-2.3003194,-2.2688386,0.03148079
A175R,1.061490662,-1.19948572044,-1.24398031235,-1.14914392281,-1.26122769737,-1.25627984238,-1.08679682732,-2.48417578044,-1.23973240516,A,2lay,-2.3003194,-2.393677,-0.09335756
A175T,1.142308557,-1.11277912827,-1.22029372597,-1.09557937431,-1.25749966431,-1.06054621315,-0.929976663589,-1.18527607713,-1.20674233667,A,2lay,-2.3003194,-3.121713,-0.8213935
A175V,0.965049014,-1.41079137383,-1.53540192032,-1.43730601501,-1.43042595291,-1.31955463791,-1.33126834297,-2.34278975439,-1.69889446522,A,2lay,-2.3003194,-2.821344,-0.52102447
A175Y,1.042880663,-0.3704867401120001,-0.67320316124,-0.44046439743,-0.37239276886,-0.189986103058,-0.176387269974,-1.53549495165,-0.8736428546799999,A,2lay,-2.3003194,-3.9786282,-1.6783087
G176A,0.305118117,-5.26078162155,-5.510463539119999,-5.11601474762,-5.34569425583,-5.30906957054,-5.02266599464,-6.090910885720001,-4.524193702230001,A,2lay,-1.5357258,-3.5527663,-2.0170405
G176C,0.486401264,-7.017564165880001,-7.09090735435,-6.98748339844,-7.20741283798,-7.00453814125,-6.79747909737,-7.87498708512,-7.009949213960001,A,2lay,-1.5357258,-4.80989,-3.274164
G176D,0.251223,-3.65369479485,-3.83405031776,-3.48191375542,-3.77159467316,-3.74209825325,-3.43881697464,-4.47106811441,-2.14791794774,A,2lay,-1.5357258,-1.5991082,-0.06338239
G176F,0.752134089,-5.25656111794,-5.40131006622,-5.19841994286,-5.349860715869999,-5.21840078545,-5.11481407928,-6.371654651830001,-4.831028738450001,A,2lay,-1.5357258,-3.9890628,-2.453337
G176H,0.527199829,-4.10455903358,-4.293078062059999,-3.97405864716,-4.20396479225,-4.12738527107,-3.92430839539,-4.98437953764,-3.40753287938,A,2lay,-1.5357258,-3.19081,-1.6550841
G176N,0.448460273,-2.73573176498,-2.8076612606,-2.63824574661,-2.77310154152,-2.71778164864,-2.74186862755,-3.39755515219,-2.16860903429,A,2lay,-1.5357258,-2.179504,-0.6437781
G176P,0.309664437,-3.85252398567,-4.0441886158,-3.63724973106,-4.216973304750001,-4.01409059143,-3.35011768532,-5.33088289411,-2.7203462395,A,2lay,-1.5357258,-4.931036,-3.3953102
G176S,0.348624146,-4.8313323597,-4.9423471508,-4.69041962433,-4.99220139694,-4.9533541584,-4.578339468,-6.00968995434,-3.87114026514,A,2lay,-1.5357258,-2.8449998,-1.309274
G176R,0.556189368,-5.1030686924,-5.18259175682,-4.96417892075,-5.172441268919999,-5.19471562576,-5.001415889740001,-6.48190015019,-4.510236110969999,A,2lay,-1.5357258,-3.5417697,-2.006044
G176T,0.024831598,-5.587122981259999,-5.617339365009999,-5.33952785873,-5.867722826000001,-5.73276777649,-5.37825708008,-6.348680892259999,-4.395956717280001,A,2lay,-1.5357258,-2.7606905,-1.2249646
G176V,0.077724409,-6.320675398250001,-6.403650943759999,-6.17240609741,-6.31106035995,-6.697241167070001,-6.019018423080001,-6.681323701749999,-5.100950242190001,A,2lay,-1.5357258,-4.3870697,-2.8513439
W177C,0.076296645,-6.25721594276,-6.417088293080001,-6.13001904488,-6.4254751339,-6.17914660835,-6.13435063362,-4.878827503469999,-6.350173619980001,A,2lay,-1.733752,-4.2584257,-2.5246737
W177G,0.092662767,-8.9642297348,-9.10474803925,-9.11088815689,-8.9531115818,-8.86292210007,-8.78947879601,-8.64758069266,-11.5570291419,A,2lay,-1.733752,-4.9549603,-3.2212083
W177F,0.487386029,-5.21585455475,-5.32340105247,-5.19012753105,-5.332452331540001,-5.084202304840001,-5.149089553830001,-4.80085711018,-5.51778588132,A,2lay,-1.733752,-1.8079178,-0.07416582
W177L,0.111221239,-7.516334265139999,-7.767152620319999,-7.43548652267,-7.5860387249,-7.49093212509,-7.3020613327,-6.44687425415,-7.760543826760001,A,2lay,-1.733752,-1.6091204,0.12463164
W177S,0.104129987,-9.07230641937,-8.949746936799999,-9.28802715492,-9.26423742104,-9.12042269897,-8.73909788513,-8.57933760231,-11.141409012,A,2lay,-1.733752,-4.3570333,-2.6232812
W177R,0.192193379,-8.58654571838,-8.51311123848,-8.64742853165,-8.768963628769999,-8.66812238121,-8.335102811810001,-8.09133735945,-9.15842122713,A,2lay,-1.733752,-4.0228705,-2.2891185
W177Y,0.4956754,-4.377474049,-4.57598314095,-4.343604927059999,-4.45567206573,-4.2994664669,-4.21264364433,-3.50089099049,-4.6924527912,A,2lay,-1.733752,-1.6610005,0.07275152
E178A,1.317981452,-3.74351919136,-3.94945950508,-3.79971434975,-3.5712056675,-3.88971803856,-3.507498395919999,-3.87908638641,-2.32750087177,A,2lay,-2.837005,-3.0423198,-0.20531487
E178D,1.233934247,-2.90569169464,-2.98172387123,-2.89208128738,-2.8337077961,-2.96294217491,-2.85800334358,-2.60434231302,-2.6485285379,A,2lay,-2.837005,-3.1616201,-0.32461524
E178G,2.099319313,-5.17448200645,-5.22186320496,-5.102517786030001,-5.13568401909,-5.330723423,-5.0816215992,-6.376086357519999,-3.55161682019,A,2lay,-2.837005,-1.8629606,0.9740443
E178H,0.254198134,-6.03392951202,-6.19752933502,-6.34322999382,-6.011904331209999,-6.114543071749999,-5.50244082832,-5.51283228211,-3.10009937231,A,2lay,-2.837005,-4.4695797,-1.6325748
E178K,0.371603412,-4.68564775352,-4.795736063000001,-4.78201256752,-4.497657648090001,-4.82890522575,-4.52392726326,-5.48343305057,-1.22902171525,A,2lay,-2.837005,-4.2383647,-1.4013598
E178N,0.615290013,-5.872529740519999,-6.066589263919999,-5.62278637505,-5.68970069885,-6.36398643303,-5.61958593178,-5.945870815780001,-3.807053702280001,A,2lay,-2.837005,-1.7063932,1.1306117
E178Q,1.052193487,-2.93197524719,-3.13843318176,-2.944916679379999,-2.88657335281,-3.00426982117,-2.68568320084,-2.47841068421,-1.41991757765,A,2lay,-2.837005,-2.4428225,0.39418244
E178S,1.063714333,-2.96693069954,-3.02702483749,-2.95128118324,-2.7766192112,-3.34209301949,-2.73763524628,-2.28447606694,-1.68260036949,A,2lay,-2.837005,-2.9233956,-0.08639073
E178T,0.8994679109999999,-3.52240391579,-3.6160600853,-3.5540467205,-3.33610617638,-3.95255524445,-3.15325135231,-4.1721804915,-1.22074353738,A,2lay,-2.837005,-2.6958795,0.14112544
E178V,0.187600785,-4.96248951797,-4.89146123505,-5.26375624275,-4.68551534271,-5.0699685173,-4.90174625206,-6.032664607509999,-1.3759694949,A,2lay,-2.837005,-2.425181,0.411824
M179A,0.904025472,-0.944547313309,-0.342258281708,-0.469261734009,-1.55267227364,-1.20724484062,-1.15129943657,-3.74795245833,0.91207187309,A,2lay,-3.8242824,-3.8405628,-0.016280413
M179E,2.207094488,0.0841179748534999,0.43840681839,0.436642770767,-0.161626602173,-0.148572288513,-0.144260824203,-2.36655114451,1.56973588919,A,2lay,-3.8242824,-2.2499506,1.5743318
M179G,0.981945121,-4.79185710411,-3.814908638,-4.55517697906,-5.761581666950001,-5.02326605034,-4.8043521862,-6.33682127157,-3.20821139723,A,2lay,-3.8242824,-5.1907344,-1.366452
M179F,0.358852909,-3.28772577324,-3.21659399223,-3.02980590439,-3.30107590294,-3.43031365967,-3.460839406969999,-7.18797811773,-2.35809972431,A,2lay,-3.8242824,-4.5053825,-0.68110013
M179I,0.664678427,-0.7848817695620001,-0.7792457561489999,-0.670914003372,-0.883429105759,-0.7348736248019999,-0.855946357727,-2.08425459825,-0.435096355166,A,2lay,-3.8242824,-2.1128228,1.7114596
M179K,1.102560146,-0.601563820267,-0.468692960739,-0.380762432098,-0.8618668727869999,-0.526877820969,-0.7696190147399999,-3.05419227108,0.4423605452800001,A,2lay,-3.8242824,-3.6243553,0.19992709
M179L,0.722382863,-1.69640132332,-1.68345270538,-1.6554825573,-1.87523880768,-1.68091103172,-1.58692151451,-2.44331758772,-0.929674141653,A,2lay,-3.8242824,-1.8172362,2.0070462
M179Q,1.372680411,-0.467873797607,-0.316642623901,-0.294593378067,-0.604565032959,-0.553147073746,-0.570420879364,-2.49275695009,0.322260553408,A,2lay,-3.8242824,-3.3938732,0.4304092
M179S,1.243032612,-2.04649171066,-1.5286483593,-1.80763830185,-2.41095687866,-2.24082235336,-2.24439266014,-3.22948461398,-0.125940506399,A,2lay,-3.8242824,-3.4850833,0.33919907
M179R,0.838388039,-0.719091365051,-0.413027692795,-0.373847969055,-1.17310445976,-0.720994977951,-0.914481725693,-3.76493952889,0.23890646557,A,2lay,-3.8242824,-3.2333744,0.59090805
M179T,0.8511735840000001,-2.00281466179,-1.76916833115,-1.6833730278,-2.06525317192,-2.11815306091,-2.37812571716,-4.19195018383,-0.453415886712,A,2lay,-3.8242824,-2.8155627,1.0087197
M179W,0.5689954070000001,-3.56632039909,-3.442545492169999,-3.30692054749,-3.81910516739,-3.25094752121,-4.01208326721,-5.4907985758,-2.63181375984,A,2lay,-3.8242824,-4.7361903,-0.9119079
M179V,0.891775799,-0.565261113739,-0.42178046608,-0.38937471199,-0.8227701377869999,-0.545517290115,-0.6468629627229999,-2.01675011776,0.209914926942,A,2lay,-3.8242824,-1.3497968,2.4744856
A180D,0.331963069,-3.57893201828,-3.36892650414,-3.56514193726,-3.62762200165,-3.74037759018,-3.59259205818,-4.40925071551,-3.44456296902,A,2lay,-4.0651674,-4.4226704,-0.35750294
A180G,0.4751676420000001,-1.28785402565,-1.33656804466,-1.25811617279,-1.32976482391,-1.32070429039,-1.19411679649,-1.64380249358,-1.67130038475,A,2lay,-4.0651674,-5.454146,-1.3889785
A180I,0.113718614,-3.7332333252,-3.39626199341,-3.3440696907,-4.42851699448,-3.78601535225,-3.71130259514,-2.89242787636,-1.44309126845,A,2lay,-4.0651674,-3.0832417,0.9819257
A180P,0.058152164,-5.63383279114,-5.862699445720001,-5.75980680847,-5.78656542587,-5.37825755882,-5.381834716799999,-7.01198802073,-6.481153884689999,A,2lay,-4.0651674,-5.500033,-1.4348655
A180S,0.833029462,-2.06277745323,-2.05209237099,-1.89340249443,-2.0345176487,-2.24406585884,-2.0898088932,-2.39262920711,-1.89367943367,A,2lay,-4.0651674,-4.633058,-0.56789064
A180R,2.040908081,0.0639684741974,0.536205877304,0.438827327728,-0.345248815536,-0.15360002327,-0.156341995239,-0.31624852703,0.111246856003,A,2lay,-4.0651674,-3.7465901,0.3185773
A180T,0.4494907420000001,-3.1272053997,-3.07405372429,-3.09339375877,-3.31811372948,-3.12451809883,-3.02594768715,-2.55251718103,-1.87966289625,A,2lay,-4.0651674,-4.2422905,-0.17712307
A180V,0.103345078,-2.43266181221,-2.32489643478,-2.20494936943,-2.86903195,-2.35380842972,-2.41062287712,-2.08358340594,-0.444185708094,A,2lay,-4.0651674,-2.2217011,1.8434663
K181A,0.6802250470000001,-1.23617512169,-1.12740919304,-1.17366430283,-1.48662018585,-1.17250926399,-1.22067266273,-2.91550584941,-1.59777795773,A,2lay,-3.2186012,-3.6634545,-0.4448533
K181E,0.821717574,-0.962162136459,-1.02100314522,-0.7724620704649999,-1.35242727661,-0.7347794342039999,-0.930138755798,-1.39314252883,-0.924135525203,A,2lay,-3.2186012,-3.047977,0.17062426
K181D,0.529622291,-2.1761044117,-2.43041021919,-2.15761877632,-2.41661747932,-1.74044264412,-2.13543293953,-3.29393178225,-1.99532229933,A,2lay,-3.2186012,-3.316978,-0.09837675
K181I,0.63669881,0.468409222031,0.511142938614,0.428548288345,0.465253868103,0.437660757065,0.499440258026,-0.360738379881,-0.353409053763,A,2lay,-3.2186012,-1.8277333,1.390868
K181H,0.970298873,-1.1032209156,-1.09726499367,-1.19752429962,-0.885798410416,-1.01552593613,-1.31999093819,-1.77397351107,-1.6631651051,A,2lay,-3.2186012,-3.7444484,-0.5258472
K181M,0.7325612970000001,-0.5921879905699999,-0.652785364151,-0.550477949142,-0.599830461502,-0.531584230423,-0.626261947632,-1.21924086288,-1.25974041472,A,2lay,-3.2186012,-3.6811929,-0.46259165
K181L,0.911169915,0.481756129074,0.327132137299,0.416676504135,0.461223773956,0.590946540833,0.612801689148,0.382127117366,-0.143073155655,A,2lay,-3.2186012,-1.5285972,1.690004
K181N,0.688156381,-2.52971113968,-2.92742863083,-2.4254691124,-2.50488000107,-2.26866631889,-2.52211163521,-3.10044530081,-2.64094141904,A,2lay,-3.2186012,-3.0896611,0.1289401
K181Q,0.823065802,-0.466656842041,-0.465938642502,-0.43160345459,-0.658753993988,-0.432751787186,-0.34423633194,-0.975603897125,-0.820288265008,A,2lay,-3.2186012,-3.3670533,-0.14845204
K181P,0.061267341,-2.54172599754,-2.62136872292,-2.34497409058,-2.650533535,-2.5012458725,-2.59050776672,-3.61130304798,-2.80982992118,A,2lay,-3.2186012,-4.9039607,-1.6853595
K181S,0.917196172,-0.7706527408600001,-0.7968334655760001,-0.7521591148379999,-0.583505386353,-1.05094944,-0.669816297531,-0.909585211892,-1.55996443031,A,2lay,-3.2186012,-3.851436,-0.6328347
K181R,0.89982034,0.276315326309,0.28092414856,0.20895724678,0.34983224678,0.104244831085,0.43761815834,-0.0911106262356,-0.540039862571,A,2lay,-3.2186012,-2.9474196,0.27118158
K181T,0.7907033,0.603130113602,0.5708714027399999,0.722125957489,0.530318424225,0.51934431839,0.672990465164,0.519544346724,0.0485033389364,A,2lay,-3.2186012,-3.4529738,-0.23437262
K181V,0.331431807,1.12224314728,1.10254507065,1.09657394028,1.13226956367,1.12153017044,1.15829699135,1.21770480648,0.23036277184,A,2lay,-3.2186012,-2.2404838,0.97811747
K181Y,0.551845251,0.668556464005,0.411662021637,0.558183408737,1.00449873161,0.676363046646,0.692075111389,0.223884521984,-0.000131979310017,A,2lay,-3.2186012,-3.2506886,-0.032087326
T182A,0.658983784,-1.72347106705,-1.62057044983,-1.64148418808,-1.86370874214,-1.7957722187,-1.69581973648,-3.30238052644,-1.06532869641,A,2lay,-2.5937867,-3.6683853,-1.0745986
T182I,0.428832973,-5.48929663315,-5.42362200546,-5.466916095730001,-5.52084691811,-5.30054341125,-5.73455473518,-6.916813176130001,-5.3181812798,A,2lay,-2.5937867,-3.8581443,-1.2643576
T182H,0.084955766,-2.59080517082,-2.51409992599,-2.65298974037,-2.74919033241,-2.65807315826,-2.37967269707,-4.32267639716,-1.55544207195,A,2lay,-2.5937867,-2.8588233,-0.26503658
T182M,0.705413423,-4.38961070824,-4.36647296143,-4.239376636509999,-4.53404746437,-4.44116008568,-4.3669963932,-4.88714138643,-4.10364678811,A,2lay,-2.5937867,-4.0241866,-1.4303999
T182L,0.470943215,-4.19426629982,-4.02943304062,-4.21554264069,-4.57014427948,-4.0473673687,-4.108844169619999,-5.85226045153,-3.87459585473,A,2lay,-2.5937867,-2.1322267,0.46156
T182N,0.388788006,-2.68186807785,-2.57399144554,-2.64433949852,-2.75084337997,-2.79980561066,-2.64036045456,-3.3411900925,-1.80678682194,A,2lay,-2.5937867,-2.977875,-0.38408828
T182P,0.087387674,-5.338724719619999,-4.97801821899,-5.33849680328,-5.70272723579,-5.4897683239,-5.18461301613,-6.36340985133,-4.13765832976,A,2lay,-2.5937867,-5.512679,-2.9188924
T182S,0.492115261,-1.76813465576,-1.73465071678,-1.78585342789,-1.75749462128,-1.8455884552,-1.71708605766,-1.71093526413,-0.11615732031,A,2lay,-2.5937867,-2.1227455,0.4710412
T182V,0.528226935,-4.45214425163,-4.5505543766,-4.514713764190001,-4.54273839951,-4.32430783844,-4.32840687943,-4.5049677405,-3.933114467180001,A,2lay,-2.5937867,-2.9789279,-0.38514113
T182Y,0.8672892759999999,-6.09808953781,-6.0435422802,-6.09407745171,-6.83423027611,-6.05174642181,-5.466851259229999,-6.96580707119,-5.052273305880001,A,2lay,-2.5937867,-2.767421,-0.17363429
S183A,1.486004561,0.0844846740723,0.14108615303,0.240940353394,-0.0920884037017999,0.016011674881,0.116473592758,0.603009075683,0.204875231734,A,2lay,-2.3958316,-2.1559498,0.23988175
S183C,0.27890144,-4.45661402054,-4.53424705505,-4.52075968742,-4.6960094223,-4.2720292511,-4.26002468681,-5.98549978569,-5.4670897826,A,2lay,-2.3958316,-4.8188295,-2.422998
S183E,0.725349624,0.31025872612,0.251152025223,0.13165873909,0.326005308151,0.432657581329,0.4098199768069999,0.476153621916,0.571644603121,A,2lay,-2.3958316,-2.5568502,-0.16101861
S183D,0.454053546,-0.108306540298,-0.227981401443,-0.131191320419,-0.0897280578613,-0.143492435455,0.0508605136871,-1.2430340643,0.0879460907857,A,2lay,-2.3958316,-3.0210898,-0.6252582
S183G,1.104197754,-1.11788727951,-1.05440701485,-1.06049598885,-1.322319664,-1.0821008625,-1.07011286736,-3.17152647511,-1.11894485344,A,2lay,-2.3958316,-3.8549123,-1.4590807
S183F,0.814794351,-2.08745664978,-2.25052338409,-2.0772677002,-2.1904827652,-2.08501237679,-1.83399702263,-2.78315124614,-2.78686649605,A,2lay,-2.3958316,-4.232217,-1.8363853
S183I,1.19217961,-2.38810098038,-2.3599534111,-2.69450703812,-2.47997129059,-1.97195787811,-2.43411528397,-3.3958813271,-2.52512162745,A,2lay,-2.3958316,-3.1599736,-0.76414204
S183H,1.416064987,-1.64062168427,-1.56726696396,-1.55231941414,-1.73820429039,-1.64843484688,-1.69688290596,-2.98250950151,-1.55368764427,A,2lay,-2.3958316,-4.1115294,-1.7156978
S183K,1.888502247,-0.594997618866,-0.5701103858950001,-0.665437263489,-0.7017163257600001,-0.506899839401,-0.530824279785,-0.158648726763,-0.236331768947,A,2lay,-2.3958316,-2.4760432,-0.08021164
S183M,0.7169909809999999,-3.03334977989,-3.11615622902,-3.05584437561,-3.20699743843,-2.74525025558,-3.04250060081,-3.81549350009,-3.29832633049,A,2lay,-2.3958316,-4.2828016,-1.88697
S183L,0.692028368,-1.33158752518,-1.39676052094,-1.61423834419,-1.35063708496,-1.04797675896,-1.24832491684,-2.58361688111,-1.63828313822,A,2lay,-2.3958316,-2.7399511,-0.34411955
S183N,1.090485719,-1.11761789513,-0.979757974625,-0.921865718842,-1.28798652458,-1.22459918404,-1.17388007355,-1.71328926017,-0.948014265604,A,2lay,-2.3958316,-3.6283104,-1.2324789
S183Q,1.743019952,-0.771643281937,-0.724409851074,-0.8495583915710001,-0.7772895774840001,-0.67339790535,-0.833560684204,-1.5114126273,-0.6427995608070001,A,2lay,-2.3958316,-3.3601975,-0.96436596
S183P,0.727134572,1.12252348862,1.29250684929,1.06028928185,1.02570412064,1.12025997734,1.11385721397,0.716666939436,1.24713905938,A,2lay,-2.3958316,-2.047276,0.34855556
S183R,1.49171078,-0.7678549987790001,-0.460413368225,-0.906783473969,-0.961625480652,-0.686532423019,-0.823920248032,-1.88452596008,-0.370896733309,A,2lay,-2.3958316,-2.7627852,-0.3669536
S183T,1.098956339,-1.09853258057,-1.0257073307,-0.986187791824,-1.24674917412,-1.07623443222,-1.15778417397,-1.43270317093,-0.993003685018,A,2lay,-2.3958316,-2.795352,-0.3995204
S183W,1.199468491,-4.359417387390001,-4.664334074019999,-4.387908281330001,-4.39594421005,-4.11828851318,-4.23061185837,-5.86047323537,-5.2867197069,A,2lay,-2.3958316,-4.570176,-2.1743445
S183V,1.010614488,-1.7212435051,-1.77328582001,-1.8591640625,-1.84808538246,-1.47744321823,-1.64823904228,-3.87078543683,-1.73578566747,A,2lay,-2.3958316,-2.8602805,-0.46444893
S183Y,0.917574196,-2.18604129791,-2.19144480705,-2.19262901497,-2.36355654335,-2.13904056168,-2.04353556252,-3.54713636241,-2.73147409578,A,2lay,-2.3958316,-4.2552123,-1.8593807
S184A,1.077888723,-1.23650971756,-1.37429313469,-1.03662770462,-1.0359051857,-1.7639702282,-0.971752334595,-1.31712196488,-2.03136365952,A,2lay,-2.0291862,-2.477054,-0.44786787
S184C,0.468705008,-4.37027548294,-4.32165505981,-4.902814544680001,-4.51225183487,-4.13226907921,-3.98238689613,-4.525283284019999,-3.9694231407,A,2lay,-2.0291862,-4.4527974,-2.4236112
S184D,0.92077903,1.21946900291,1.04070812988,1.41107909775,1.41337495232,0.7316280174259999,1.5005548172,0.823988905322,-0.105293884547,A,2lay,-2.0291862,-2.7330918,-0.7039056
S184G,1.224846881,-1.57025486717,-1.71482828903,-1.31243958092,-1.45385943222,-2.00860664558,-1.36154038811,-0.572341510095,-2.51996973741,A,2lay,-2.0291862,-3.0712087,-1.0420225
S184F,1.103066226,-3.86737156372,-3.3214824028,-3.96658793831,-4.1223443718,-4.22230862045,-3.70413448524,-3.04882231251,-3.6587765009,A,2lay,-2.0291862,-3.5928135,-1.5636272
S184I,0.8417349390000001,-3.79771691475,-3.599330791469999,-3.78264271355,-4.03968580246,-3.63137346458,-3.93555180168,-3.8967320621,-3.81186195227,A,2lay,-2.0291862,-3.64162,-1.6124337
S184H,0.462754975,-1.91137356033,-1.92957677269,-1.91994876862,-1.73801204681,-2.09458959007,-1.87474062347,-3.75145174563,-1.74300859297,A,2lay,-2.0291862,-3.8470626,-1.8178763
S184L,0.802335538,-2.54541110764,-2.28719555473,-2.55247805595,-2.77227327156,-2.4863024826,-2.62880617332,-3.02923003232,-2.77792196352,A,2lay,-2.0291862,-2.7341967,-0.7050104
S184P,0.194398279,-3.18527315178,-2.99371053886,-3.02154561043,-3.48390158653,-3.45046777725,-2.97674024582,-3.08809520118,-3.49213869711,A,2lay,-2.0291862,-5.482028,-3.4528418
S184R,1.306861885,-1.94015939789,-1.96829047203,-1.79856020546,-1.95454405022,-2.03227460861,-1.94712765312,-1.22141927981,-1.83066631933,A,2lay,-2.0291862,-2.6019404,-0.57275414
S184T,0.964898963,-0.117175119019,-0.0123700485229,0.0238642997742,-0.199983186722,-0.339051195145,-0.0583354644775,-0.0955924885347,-0.217520707123,A,2lay,-2.0291862,-2.094831,-0.06564474
S184W,1.083782072,-5.40656801529,-5.07893889999,-5.19953883553,-5.601323841089999,-5.78478048515,-5.36825801468,-5.57008010335,-5.78925246592,A,2lay,-2.0291862,-4.578742,-2.5495558
S184V,0.941664387,-2.93050791016,-2.99110098648,-2.92197986794,-2.83950910568,-2.91101358795,-2.98893600273,-4.2484682966,-2.96097643903,A,2lay,-2.0291862,-3.3346877,-1.3055015
S184Y,1.515227045,-3.26140746078,-2.49592960548,-3.3941803627,-3.6065873661,-3.63398562813,-3.17635434151,-2.71313344594,-2.84292265506,A,2lay,-2.0291862,-3.5574634,-1.5282772
G185A,0.295663185,-5.222627828219999,-5.431824033740001,-5.407667652130001,-5.14252942848,-4.89780826759,-5.23330975914,-4.59450744116,-4.10287817039,A,2lay,-0.07693426,-5.5056453,-5.428711
G185C,0.378104551,-7.38994880028,-7.79167173767,-7.37676041222,-7.495817710880001,-6.75407278252,-7.531421358110001,-7.570740033410001,-6.237350687869999,A,2lay,-0.07693426,-5.6742306,-5.597296
G185D,0.42102237,-4.10705721664,-4.39721149254,-3.96301391792,-4.03392243576,-4.00816361618,-4.13297462082,-4.671725727619999,-3.73399104926,A,2lay,-0.07693426,-5.680477,-5.603543
G185M,0.450016242,-7.342032458110001,-7.46962209702,-7.236743436810001,-7.827291271210001,-6.94475230026,-7.23175318527,-7.54898236087,-5.75499526872,A,2lay,-0.07693426,-5.661096,-5.5841618
G185L,0.300054363,-6.58701677856,-7.05980422783,-6.82990987587,-6.58516682434,-6.17308109283,-6.28712187195,-6.73498682748,-5.11150782017,A,2lay,-0.07693426,-5.556197,-5.479263
G185N,0.5139554239999999,-3.24453698044,-3.39709439468,-3.28515337372,-3.22633934593,-2.97156069756,-3.3425370903,-4.97537307302,-2.52722431247,A,2lay,-0.07693426,-5.533771,-5.4568367
G185S,0.355720578,-4.94317159157,-4.97002642059,-5.0612199688,-5.10708902931,-4.68623960876,-4.891282930369999,-5.86887760647,-3.59356053067,A,2lay,-0.07693426,-5.450055,-5.373121
G185R,0.473883115,-5.13612996445,-5.26127742195,-5.1322811203,-5.10057885742,-4.782631235119999,-5.40388118744,-5.479405838530001,-3.4797537396,A,2lay,-0.07693426,-5.5926433,-5.515709
G185W,0.17919543,-8.40236223145,-9.06161551857,-7.82430445099,-8.16755514908,-8.36872149658,-8.58961454201,-9.96229617231,-8.120624517160001,A,2lay,-0.07693426,-5.704131,-5.627197
G185V,0.040970298,-7.51714622536,-7.949151569369999,-7.537883115770001,-6.997028814319999,-7.076471406939999,-8.0251962204,-7.556987307969999,-5.27370032675,A,2lay,-0.07693426,-5.606042,-5.5291076
Q186A,1.343553825,-1.29801273689,-1.52297643089,-1.09745913506,-1.36086788559,-1.27199913979,-1.23676109314,-3.43833120307,-0.899442085467,A,2lay,-3.154522,-3.7780724,-0.6235504
Q186E,0.673642948,-0.205952284241,-0.428273164749,-0.32465164566,-0.176484872818,-0.150189624786,0.0498378868103,-0.909897745354,-0.8742857164810001,A,2lay,-3.154522,-2.9065373,0.24798465
Q186D,0.7492418829999999,-1.58106423645,-1.63450714111,-1.75413140106,-1.61543418503,-1.4161365509,-1.48511190414,-3.03814594168,-1.49693398664,A,2lay,-3.154522,-3.4284592,-0.27393723
Q186G,0.672532943,-2.19230677567,-2.2390807991,-2.0496813488,-2.2804379921,-1.83003381729,-2.56229992104,-4.96222159779,-1.20497942954,A,2lay,-3.154522,-5.048718,-1.894196
Q186H,0.970355774,-1.9636503891,-1.76669825745,-1.69343247986,-2.30529876709,-2.26032448578,-1.79249795532,-5.20059642103,-1.36981290172,A,2lay,-3.154522,-2.8605196,0.2940023
Q186M,0.512580759,-2.54161876335,-2.60092475891,-2.44754995728,-2.71041071892,-2.2707526207,-2.67845576096,-6.36322343349,-2.78124855337,A,2lay,-3.154522,-3.8727112,-0.71818924
Q186L,0.538741653,-1.33829490128,-1.38158411407,-1.31027078247,-1.43571647453,-1.29378830719,-1.27011482811,-3.32986189262,-1.76241379038,A,2lay,-3.154522,-2.4302845,0.72423744
Q186N,0.2984452,-1.90487937775,-1.94045354271,-1.66541850853,-2.13470261574,-1.90983485985,-1.87398736191,-3.54296132503,-1.11808333039,A,2lay,-3.154522,-3.213056,-0.058534145
Q186P,0.12287693,-4.39195567474,-4.28911463356,-4.25090422821,-4.88168052864,-4.2143465538,-4.3237324295,-6.36750518065,-4.77795660445,A,2lay,-3.154522,-5.543784,-2.3892622
Q186S,0.798911714,-1.70048998375,-1.58280789185,-1.65042897034,-2.02345106697,-1.61531831741,-1.63044367218,-4.5162200944,-1.3295737364,A,2lay,-3.154522,-3.6787708,-0.52424884
Q186R,1.272773627,1.1520318779,1.68288618469,1.46310074806,0.7743986511229999,0.850552967072,0.989220838547,-1.75571550243,1.14398808935,A,2lay,-3.154522,-2.531984,0.62253785
Q186T,0.234903552,-1.66950454521,-1.8647098484,-1.55861230469,-1.81228569984,-1.56145787239,-1.55045700073,-3.1087621823,-1.54929499648,A,2lay,-3.154522,-3.3024955,-0.14797354
Q186W,1.353130552,-2.70836568947,-2.42486985588,-2.71923762512,-3.2575776329,-3.06702245712,-2.07312087631,-4.77223245613,-3.15198470736,A,2lay,-3.154522,-3.5082238,-0.35370183
Q186V,0.285005894,-0.694394089127,-0.7622868175509999,-0.650858083725,-0.737954055786,-0.887601024628,-0.433270463943,-3.19568318687,-1.53441073964,A,2lay,-3.154522,-2.3638072,0.79071474
Q186Y,2.203458399,-2.52565022316,-2.40911316681,-2.45856209564,-2.62933378792,-2.5776272068,-2.55361485863,-5.54889406636,-2.00918160164,A,2lay,-3.154522,-2.169413,0.98510885
R187A,0.935915056,-1.21025637589,-1.09421183014,-1.02420206833,-1.45381579399,-1.26887274742,-1.21017943954,-2.84969172813,-0.237996086161,A,2lay,-2.6256518,-3.1835237,-0.5578718
R187C,0.552779669,-2.27903354683,-2.13842328835,-2.01804807472,-2.54662061119,-2.23086758423,-2.46120817566,-3.87551927147,-1.48947808999,A,2lay,-2.6256518,-4.4851537,-1.8595018
R187D,0.6689303670000001,-3.09754715233,-2.91698276901,-2.93647291565,-3.04541059303,-2.94983773613,-3.639031747819999,-2.8456697464,-1.56627355552,A,2lay,-2.6256518,-2.066203,0.5594487
R187G,0.332460056,-4.498983058169999,-4.43419578743,-4.31198376274,-4.78174315834,-4.66955541801,-4.29743716431,-5.905344222209999,-3.546334070169999,A,2lay,-2.6256518,-4.8887243,-2.2630725
R187F,0.91571772,-2.29812036667,-1.84066677284,-1.9227479248,-2.70388521576,-2.44319187737,-2.58011004257,-2.72638549563,-0.28787131611,A,2lay,-2.6256518,-3.556713,-0.93106127
R187I,1.683243439,0.2580301548,0.296409156799,0.344393985748,0.134602186203,0.202787521362,0.311957923889,-1.02875377238,0.688814305527,A,2lay,-2.6256518,-3.610396,-0.9847441
R187H,0.986778535,-2.81051844215,-2.36439603043,-2.55705848885,-3.19214047241,-2.83068708229,-3.1083101368,-4.65761604987,-0.568154550441,A,2lay,-2.6256518,-3.6645217,-1.0388699
R187L,1.020529566,-0.165511336136,-0.0268403835297,0.0889439277649,-0.39998956871,-0.352877990723,-0.136792665482,-0.901888657827,0.193941212,A,2lay,-2.6256518,-2.5047038,0.120948076
R187N,1.498533972,-3.23446220856,-3.02974556923,-2.91644573212,-3.52626850319,-2.83848828888,-3.86136294937,-4.282006500290001,-1.56799612394,A,2lay,-2.6256518,-1.8677633,0.75788856
R187Q,0.633304313,-2.23118391914,-2.27727482796,-1.93764333344,-2.50817599106,-2.29106880569,-2.14175663757,-3.67390029179,-1.36976035209,A,2lay,-2.6256518,-3.0736737,-0.4480219
R187P,1.372245636,0.6905001300810001,0.709002761841,0.699049184799,0.60560235405,0.709287569046,0.72955878067,-0.51462290273,1.20705172099,A,2lay,-2.6256518,-5.239972,-2.6143203
R187S,0.890886649,-1.19203149033,-0.990092205048,-1.09572901917,-1.34599174881,-1.23654885674,-1.29179562187,-1.16821844922,-0.106072868212,A,2lay,-2.6256518,-2.673225,-0.04757309
R187T,1.32468388,-0.120020645523,0.241760469437,0.0960560016632,-0.442894346237,-0.184922655106,-0.310102697372,-1.43655872298,1.05555477356,A,2lay,-2.6256518,-2.837072,-0.21142006
R187W,0.8248448759999999,-2.94714570541,-2.55487590218,-2.18960509872,-3.3896411953,-3.30321405029,-3.29839228058,-5.0891239089,-0.0774389098692,A,2lay,-2.6256518,-3.3544025,-0.7287507
R187V,0.992885271,0.98605423851,1.10520450974,1.11354404259,0.767711215973,0.954061416626,0.989750007629,-0.0939640295692,1.41892357809,A,2lay,-2.6256518,-3.5792727,-0.9536209
R187Y,0.867007092,-2.04309417953,-1.83819693184,-1.46215095329,-2.63783137321,-2.00256532097,-2.27472631836,-3.32554858271,0.529967719568,A,2lay,-2.6256518,-3.2734323,-0.6477804
Y188H,0.090963722,-5.1663755085,-5.061843769069999,-4.98597114944,-5.436762136460001,-5.22026866913,-5.12703181839,-7.2168754898,-6.04302269275,A,2lay,-1.1182306,-3.6805236,-2.562293
Y188D,0.057448538,-7.45367203255,-7.1467044735,-7.08776581383,-8.01578894043,-7.528486566539999,-7.48961436844,-8.98708997562,-8.28873894359,A,2lay,-1.1182306,-4.830444,-3.7122133
Y188F,0.153582607,-1.19749111443,-1.19598485374,-1.05681826019,-1.34015150833,-1.20959918022,-1.18490176964,-3.16085772822,-1.5357086941,A,2lay,-1.1182306,-1.4657427,-0.34751213
F189A,0.227098952,-8.9372495388,-8.5781760807,-8.52424505615,-9.90910463715,-8.89713834,-8.77758358002,-8.48717045737,-7.275508340560001,A,2lay,-1.8151658,-4.450923,-2.6357572
F189I,0.058359537,-8.694469644169999,-8.51637534142,-8.572308753969999,-9.36867265892,-8.558418304439998,-8.45657316208,-8.8818007994,-7.275508340560001,A,2lay,-1.8151658,-3.8580585,-2.0428927
F189H,0.180127498,-7.44716058502,-7.684701091769999,-6.82395601463,-8.1151266613,-7.272354600910001,-7.3396645565,-6.60090798419,-6.05119163388,A,2lay,-1.8151658,-3.7127414,-1.8975756
F189T,0.079562905,-10.1318545578,-9.84840931129,-10.035310751,-11.360700613,-9.85073260689,-9.56411950684,-9.80145827652,-10.25654503,A,2lay,-1.8151658,-3.1187725,-1.3036067
F189V,0.06234471,-8.670448162460001,-8.5790404911,-8.3804406414,-9.56505506706,-8.47017412758,-8.35753048515,-8.873752981660001,-7.275508340560001,A,2lay,-1.8151658,-4.286897,-2.4717314
F189Y,1.133935953,-0.284452648926,0.0536850090027,0.159120090485,-0.664954147339,-0.442649698257,-0.52746449852,-1.38451234298,0.937503763541,A,2lay,-1.8151658,-1.5493708,0.265795
L190I,1.165557394,2.03314320717,1.98401840401,1.9735658989,2.03497741699,2.15466423988,2.01849007607,-0.237519158516,1.16287869449,A,2lay,-1.1755824,-1.4918191,-0.31623673
L190K,2.702899304,-2.22472939377,-2.23818616867,-1.96862613869,-2.32718161774,-2.39296975708,-2.19668328667,-4.79138592212,-2.14394122191,A,2lay,-1.1755824,-3.8269455,-2.6513631
L190M,0.740773308,-1.71922347832,-1.82748732185,-1.59823347282,-1.81441603279,-1.72176283646,-1.63421772766,-3.17199126619,-1.63100342275,A,2lay,-1.1755824,-3.2411551,-2.0655727
L190Q,0.330103331,-3.24559595795,-3.07511879158,-2.97727255249,-3.5642176342,-3.3394658947,-3.27190491676,-6.18142278865,-2.33321287087,A,2lay,-1.1755824,-3.6560905,-2.480508
L190P,0.109454749,-5.442811782840001,-5.88383099556,-5.15351872826,-5.6887129612,-5.619422611240001,-4.86857361794,-9.10003936605,-7.373775326110001,A,2lay,-1.1755824,-5.5541563,-4.378574
L190R,0.6403079279999999,-2.73902040825,-2.60916413307,-2.235331707,-2.97244783211,-3.03856181908,-2.83959654999,-4.691608684369999,-1.63680776873,A,2lay,-1.1755824,-3.0101266,-1.8345442
L190T,0.244875204,-2.07403528633,-2.03038562775,-1.93144366455,-2.1755297718,-2.12574299049,-2.10707437706,-3.75687142881,-1.5615910618,A,2lay,-1.1755824,-3.9843667,-2.8087842
L190V,0.7231992140000001,1.77710276146,1.99167450142,1.8466939106,1.6477827816,1.68467021751,1.71469239616,-1.84613585146,1.67347274644,A,2lay,-1.1755824,-1.888258,-0.7126756
N191C,0.218036908,-5.37606770325,-5.52407806778,-5.194916936869999,-5.78598336411,-5.18991119766,-5.18544894981,-5.08550827461,-4.99035879231,A,2lay,-0.5713602,-3.6062207,-3.0348606
N191D,0.354226797,0.398734111023,0.468074960709,0.289894857407,0.402638267517,0.451114057541,0.381948411942,-2.2721812909,-1.30164995511,A,2lay,-0.5713602,-2.4504063,-1.8790462
N191H,0.191104856,-3.73184442215,-3.62507956123,-3.49643429565,-3.95017121124,-3.62690546608,-3.96063157654,-2.65019248426,-1.95981326848,A,2lay,-0.5713602,-4.5316834,-3.9603233
N191K,0.176948308,-5.82764739456,-5.53745894814,-5.913752151490001,-5.79539523506,-6.026194795609999,-5.865435842509999,-3.985325776969999,-4.84043341999,A,2lay,-0.5713602,-3.8189492,-3.247589
N191S,0.566387259,-3.99666426086,-3.880692014690001,-3.98574701118,-4.015215589519999,-3.974008636469999,-4.12765805244,-0.8532034251839999,-3.7666741892,A,2lay,-0.5713602,-2.206473,-1.635113
N191R,0.113358739,-6.44533498421,-6.416154394149999,-6.309034839630001,-6.69524740219,-6.26124507141,-6.54499321365,-6.20901517174,-5.28767207486,A,2lay,-0.5713602,-3.0784662,-2.507106
N191T,0.080871599,-6.25300752831,-6.21787818909,-6.407908426280001,-6.2812446022,-6.001886123659999,-6.356120300290001,-4.69729965227,-5.09636532977,A,2lay,-0.5713602,-4.3262925,-3.7549324
N191Y,0.118332683,-5.992007381440001,-5.83694615936,-5.563809656139999,-6.27929196358,-6.889122905730001,-5.390866222380001,-5.567198937760001,-5.12568245999,A,2lay,-0.5713602,-5.353656,-4.7822957
H192I,0.192325331,-7.859692989349999,-7.76295834541,-8.029916200639999,-7.649277297969999,-7.8636602459,-7.992652856830001,-6.928877434229999,-2.11597515341,A,2lay,-4.469426,-3.492997,0.9764292
H192P,0.034190683,-6.05745493622,-5.741412652969999,-6.47275481987,-5.7835608902,-5.98679076767,-6.30275555038,-6.630504205009999,-1.41008280332,A,2lay,-4.469426,-5.350616,-0.8811898
H192C,0.172244151,-8.06197584038,-7.892939689639999,-7.79274778366,-7.861923643110001,-8.04754128265,-8.71472680283,-7.4206320165,-3.889116594609999,A,2lay,-4.469426,-4.606715,-0.13728905
H192R,0.060607017,-5.02944433708,-5.02696821785,-5.358983552930001,-4.71511857605,-4.91202487183,-5.13412646675,-4.83349703357,-1.21998541862,A,2lay,-4.469426,-1.6076105,2.8618157
I193A,0.692881705,-0.65784995842,-0.611369701385,-0.4914553756710001,-0.729094970703,-0.687013372421,-0.770316371918,-0.69052367215,0.36422279216,A,2lay,-3.0172813,-2.5837348,0.43354654
I193C,0.841481037,-3.88895683022,-3.92379327202,-3.98681853294,-3.8871195755,-3.98059594345,-3.66645682716,-3.96201483693,-3.583251288630001,A,2lay,-3.0172813,-4.854329,-1.8370478
I193G,0.89901251,-2.58235256691,-2.60652803802,-2.31479512024,-2.63309933472,-2.50161245728,-2.85572788429,-1.66985408938,-1.79454027306,A,2lay,-3.0172813,-3.6576226,-0.6403413
I193F,0.693820276,-2.2874461483,-2.33030001259,-2.16063773537,-2.40657920647,-2.40795934677,-2.13175444031,-1.20098834831,-1.50321175293,A,2lay,-3.0172813,-3.8461094,-0.8288281
I193H,1.079320109,-1.9110297905,-1.89542717743,-1.85235004425,-1.97624480438,-1.84645133018,-1.98467559624,-1.70809986559,-1.46590706164,A,2lay,-3.0172813,-3.6187196,-0.6014383
I193K,1.494868453,-0.703089272308,-0.80102176857,-0.626199556351,-0.738486286163,-0.7253169364929999,-0.624421813965,0.520194820361,0.297717354389,A,2lay,-3.0172813,-2.056994,0.96028733
I193M,0.975948534,-2.55705748024,-2.59300371552,-2.39652833366,-2.80140570641,-2.5740033989,-2.42034624672,-1.70802593115,-2.09800975505,A,2lay,-3.0172813,-4.3258657,-1.3085845
I193L,0.96137972,-0.86227952919,-0.905259027481,-0.714165744781,-0.86545321846,-0.8837436313629999,-0.942776023865,0.470731627662,-0.297832502876,A,2lay,-3.0172813,-2.5527442,0.46453714
I193N,1.33377755,1.21873319588,1.1885196476,1.2159923439,1.16564514351,1.35034108353,1.17316776085,1.27237038244,0.315667729707,A,2lay,-3.0172813,-3.0425577,-0.025276423
I193P,0.28288424,-3.21410627632,-2.80440771866,-2.85602692986,-3.43150768089,-3.40347570801,-3.57511334419,-3.64850073936,-1.95630621988,A,2lay,-3.0172813,-5.3681154,-2.3508341
I193S,0.76141968,-0.863010702896,-0.902059495926,-0.811231782913,-0.916799314499,-0.8652822113040001,-0.819680709839,0.186576807639,-0.139936271579,A,2lay,-3.0172813,-3.2423835,-0.22510219
I193R,0.99769525,-1.21180076714,-1.31614757919,-1.16197641373,-1.08859002495,-1.25249614906,-1.23979366875,-1.11349374871,-0.141578911732,A,2lay,-3.0172813,-2.0219326,0.9953487
I193T,0.983589148,-0.672844791031,-0.7227521858220001,-0.602694160461,-0.6919129238130001,-0.740438604355,-0.606426080704,-0.907633616356,-0.383535054398,A,2lay,-3.0172813,-3.1339762,-0.11669493
I193V,0.735393738,-0.222859856796,-0.34263341713,-0.10069587326,-0.185350217819,-0.296506269455,-0.189113506317,-1.24262903235,0.295556889507,A,2lay,-3.0172813,-2.460432,0.55684924
I193Y,1.029292251,-2.17156285324,-2.11597623253,-2.00072085571,-2.28957331657,-2.28181354904,-2.16973031235,-1.63072672556,-1.63133661115,A,2lay,-3.0172813,-3.537534,-0.5202527
D194A,1.802303014,-0.632209377289,-0.577607002258,-0.473701826096,-0.5613415260310001,-0.792056932449,-0.756339599609,-1.78054317413,-0.0758259437317,A,2lay,-2.6471133,-4.3540735,-1.7069602
D194C,1.853621022,-3.38184147377,-3.42999303627,-3.447595058440001,-3.29974279976,-3.2935627861,-3.43831368828,-4.82209405908,-2.59793338329,A,2lay,-2.6471133,-5.0431604,-2.396047
D194E,1.316201445,-0.381785733795,-0.3926518116,-0.238696498871,-0.433316202164,-0.50446380043,-0.339800355911,-1.69569420163,-0.232301808278,A,2lay,-2.6471133,-4.314954,-1.6678405
D194G,1.237291433,-1.72376716957,-1.51449985313,-1.71253231049,-1.84424461174,-1.730560215,-1.8169988575,-2.83049299801,-1.40589332854,A,2lay,-2.6471133,-5.0149565,-2.3678432
D194F,1.138575996,-3.95084201126,-3.96844496155,-3.44451847076,-4.27658088112,-4.132155128480001,-3.9325106144,-4.988015444019999,-3.18843182174,A,2lay,-2.6471133,-4.2696524,-1.622539
D194I,1.165943121,-2.98990776482,-2.86466788864,-2.7668508625,-2.91029673576,-3.34737566948,-3.06034766769,-4.08078507069,-2.24245238073,A,2lay,-2.6471133,-5.268127,-2.6210136
D194H,1.460187346,-1.22223614044,-1.20100683594,-1.22955569077,-1.21522936058,-1.26446333504,-1.20092547989,-4.15708478121,-1.40579002971,A,2lay,-2.6471133,-3.83521,-1.1880968
D194K,2.430656901,-0.696045494461,-0.6965357284550001,-0.64902223587,-0.704571432114,-0.8550117130279999,-0.575086362839,-2.5454591061,-0.359991028728,A,2lay,-2.6471133,-4.393833,-1.7467198
D194L,1.198836095,-0.8353515781399999,-0.585113945007,-0.724990421295,-0.875575527191,-0.8867427272799998,-1.10433526993,-2.58684368641,-0.0531695804439,A,2lay,-2.6471133,-4.0913835,-1.4442701
D194N,1.717223013,1.34537867851,1.33430687904,1.39452526855,1.33492334366,1.11883584023,1.54430206108,-1.25389278634,0.962630877904,A,2lay,-2.6471133,-3.195431,-0.5483177
D194Q,1.942447821,-1.06719034081,-1.0003533268,-1.10504366875,-1.03476142311,-1.06745873642,-1.12833454895,-2.06152774999,-1.08691421828,A,2lay,-2.6471133,-4.7128377,-2.0657244
D194P,0.16607765,-3.133555476,-2.9255594635,-2.92160384369,-3.03582649612,-3.20204729843,-3.58274027824,-5.151805074419999,-2.24347485484,A,2lay,-2.6471133,-5.380084,-2.7329707
D194S,1.617697497,0.660978409576,0.770732872009,0.7721258392329999,0.732619777679,0.467613258362,0.561800300598,-0.8122077803129999,1.41578795854,A,2lay,-2.6471133,-2.015254,0.6318593
D194R,3.159291618,-0.522880521393,-0.6072565212250001,-0.480895521164,-0.479726928711,-0.523949766159,-0.522573869705,-2.652295999,-0.5075305047290001,A,2lay,-2.6471133,-4.226861,-1.5797477
D194T,1.09535668,2.12054433022,2.23204386711,2.18798985863,2.16185547066,1.9016220417,2.11921041298,0.476961936336,3.27858516527,A,2lay,-2.6471133,-0.5586268,2.0884867
D194W,1.473870464,-5.00016593628,-4.42744193077,-4.54871584129,-5.761349443439999,-5.33687163925,-4.92645082664,-7.42007143993,-6.699199960040001,A,2lay,-2.6471133,-4.9744425,-2.3273292
D194V,1.031891983,-3.19283592873,-3.28311094666,-3.01667598343,-3.0333127861,-3.33886920738,-3.29221072006,-5.208345662799999,-2.52481607015,A,2lay,-2.6471133,-5.4044805,-2.7573671
D194Y,1.042075197,-3.86503135872,-3.82352051926,-3.55624743652,-4.26476297569,-3.9071017437,-3.77352411842,-6.260206019040001,-3.94052529506,A,2lay,-2.6471133,-3.8453362,-1.1982229
Q195E,0.210800198,-1.5363961319,-1.69812050247,-1.45600866318,-1.60949438477,-1.49056725883,-1.42778985023,-2.30576179456,-1.27413472106,A,2lay,-2.6153,-3.079076,-0.4637761
Q195G,0.162256176,-1.25030690346,-1.16856975365,-1.29625703621,-1.2451926136,-1.25063375664,-1.29088135719,-0.944212002214,1.14026910959,A,2lay,-2.6153,-2.5768926,0.038407326
Q195H,0.574979613,-1.32151167831,-1.33610869789,-1.22974724197,-1.40993608665,-1.35738075638,-1.27438560867,-0.144480456598,-1.43743802713,A,2lay,-2.6153,-3.0375314,-0.42223144
Q195K,2.118778549,0.904356112671,1.01659020805,1.0611998291,0.716606149673,0.8924881248469999,0.834896251678,1.3327894751,0.7800975818800001,A,2lay,-2.6153,-2.206776,0.40852404
Q195M,0.393983323,-3.481334211730001,-3.290282224659999,-3.68660301018,-3.39260588455,-3.49756429482,-3.53961564445,-3.62476885389,-2.88956588073,A,2lay,-2.6153,-3.8583539,-1.2430539
Q195L,0.173372414,-3.77733759918,-3.61706728745,-3.68699605751,-3.79353898811,-3.87600399017,-3.91308167267,-4.38925374486,-2.84289703769,A,2lay,-2.6153,-3.066695,-0.45139503
Q195P,0.0931985319999999,-4.50447225876,-4.65757250786,-4.40102741623,-4.3242659111,-4.37676869011,-4.76272676849,-3.75409978442,-3.19457908055,A,2lay,-2.6153,-5.4440947,-2.8287947
Q195R,2.280922616,0.934400067139,1.04667142868,1.07045736694,0.8564423618320001,0.885528865814,0.8129003124240001,0.185707528144,0.5209733119759999,A,2lay,-2.6153,-2.233539,0.38176084
Q195Y,0.275175639,-4.90196900826,-4.96513167,-5.12374240494,-4.99320135307,-4.59645066452,-4.83131894875,-5.444128522180001,-4.382180126730001,A,2lay,-2.6153,-3.583527,-0.96822715
T196A,0.557788591,-2.93195875893,-2.99390901184,-2.82819879913,-3.0634289341,-2.9548569088,-2.81940014076,-3.50759944506,-1.09267846255,A,2lay,-0.93902284,-3.5876775,-2.6486547
T196C,0.777117387,-4.34794382019,-4.40197023201,-4.26620111275,-4.39192797279,-4.44889646721,-4.23072331619,-4.796737038530001,-3.79093716655,A,2lay,-0.93902284,-4.9026766,-3.9636538
T196D,0.117797109,-5.41930925255,-5.29365638733,-5.45401822472,-5.53861410141,-5.73594823837,-5.074309310909999,-5.415005288550001,-2.58248260005,A,2lay,-0.93902284,-4.5421133,-3.6030905
T196F,1.024077297,-4.99307954178,-4.90754680252,-5.045789005280001,-5.04714602661,-5.05529208565,-4.90962378883,-4.964067285410001,-4.08342991878,A,2lay,-0.93902284,-4.93119,-3.9921672
T196I,0.676608257,-2.34106492653,-2.4285649128,-2.28064169693,-2.37121092796,-2.37149500656,-2.25341208839,-3.103960515,-1.37162393029,A,2lay,-0.93902284,-3.794843,-2.8558202
T196H,0.340780686,-4.31719513359,-4.34940024948,-4.17522514725,-4.39521835518,-4.40329874992,-4.26283316612,-5.78173515201,-2.63055510577,A,2lay,-0.93902284,-4.428833,-3.4898102
T196K,0.692250843,-1.72704737473,-1.68645138741,-1.71185694695,-1.77960196877,-1.71061599159,-1.74671057892,-4.016836490019999,-0.564329375881,A,2lay,-0.93902284,-2.1641285,-1.2251058
T196M,0.767985557,-3.8354023056,-4.036687919619999,-3.67805774498,-3.81581076241,-3.92777921104,-3.71867588997,-4.93930449709,-2.90976509867,A,2lay,-0.93902284,-5.097221,-4.158198
T196L,0.8998275840000001,-3.121844123459999,-3.17575741005,-3.11284871292,-3.28118011665,-3.16741686821,-2.87201750946,-3.4130605231,-1.91779770894,A,2lay,-0.93902284,-3.833569,-2.8945463
T196N,0.6620369629999999,-3.7943680809,-3.86872054672,-3.82384908295,-3.91515425301,-3.78655212021,-3.577564401630001,-5.668076372409999,-2.7882812685,A,2lay,-0.93902284,-4.29383,-3.3548071
T196P,0.188857146,-6.77779916229,-7.27033867645,-6.566059148790001,-6.475300928119999,-6.913709981919999,-6.66358707619,-7.294595864600001,-5.67826243225,A,2lay,-0.93902284,-5.531809,-4.592786
T196S,0.760399357,-1.57623187027,-1.57666880226,-1.55151205635,-1.55972859764,-1.63868966675,-1.55456022835,-1.46013808751,-1.52409517164,A,2lay,-0.93902284,-1.9976425,-1.0586197
T196R,1.261572505,-1.84439349556,-1.80029161072,-1.80851924896,-1.9083475399,-1.88036514854,-1.82444392967,-3.48330131732,-0.907304617833,A,2lay,-0.93902284,-2.740405,-1.8013823
T197S,0.481269323,-3.06855680008,-2.99271739578,-3.00289515114,-3.07524759293,-3.24744791412,-3.02447594643,-4.78687774378,-0.380110500526,A,2lay,-3.480178,-3.551442,-0.07126379
T197R,0.092289806,-5.924686469269999,-6.072018573759999,-5.90247953033,-6.22474159431,-5.96419244576,-5.460000202180001,-5.422829410759999,-3.07883738529,A,2lay,-3.480178,-4.6678495,-1.1876714
T197N,0.0837202059999999,-4.6374177269,-4.72286078835,-4.54758520889,-4.95060920525,-4.43758136559,-4.52845206642,-4.99026426557,-4.01223044176,A,2lay,-3.480178,-4.5600557,-1.0798776
T198A,0.457146955,-4.26750172462,-4.14266561508,-4.03763483047,-4.591014125819999,-4.39127184486,-4.17492220688,-5.4896201794,-2.88951997575,A,2lay,-2.5694056,-4.2418036,-1.6723981
T198E,0.327952431,-5.553489080429999,-5.424521287919999,-5.14147485542,-5.88170984077,-5.71714492798,-5.60259449005,-7.954563391860001,-4.64733861275,A,2lay,-2.5694056,-1.7663597,0.80304587
T198G,0.3834474470000001,-5.62078158607,-5.52075522041,-5.06253331947,-5.83611296272,-5.78086974907,-5.9036366787,-7.29867009283,-5.981884981749999,A,2lay,-2.5694056,-5.1307416,-2.561336
T198K,0.165330598,-6.147551591109999,-6.26504844284,-5.490756259919999,-6.74620656967,-6.07550405312,-6.16024263,-6.300017288069999,-3.23537358691,A,2lay,-2.5694056,-4.294194,-1.7247887
T198M,0.203469551,-6.391455775830001,-6.506254478450001,-5.87049489403,-6.353119501109999,-6.868706811900001,-6.358703193659999,-6.65533177974,-4.07477856217,A,2lay,-2.5694056,-3.955131,-1.3857255
T198N,0.380181572,-5.336690345,-5.32202704811,-5.05608468246,-5.65045556831,-5.46002861977,-5.19485580635,-7.426416273230001,-5.690823749550001,A,2lay,-2.5694056,-3.6713932,-1.1019876
T198Q,1.436759988,-1.38447940369,-1.11321990585,-0.893746543884,-1.98248671532,-1.44261928558,-1.49032456779,-2.50624640472,-0.147078723563,A,2lay,-2.5694056,-3.0931954,-0.5237899
T198P,0.207137978,-7.43803626633,-7.230075254439999,-7.500812774660001,-7.293890531539999,-7.743651782989999,-7.421750988010001,-8.778279589260002,-7.388420030830001,A,2lay,-2.5694056,-5.407712,-2.8383064
T198S,0.6889133479999999,-1.09239614182,-0.981611085892,-0.899801376343,-1.28213829041,-1.18121126938,-1.11721868706,-1.07282351935,-0.4662384211559999,A,2lay,-2.5694056,-3.1821275,-0.6127219
T198R,0.439849736,-4.962650877,-4.64411497688,-4.34965559959,-5.55801447105,-5.14864061546,-5.112828722,-5.43189532915,-1.87770013522,A,2lay,-2.5694056,-4.0636773,-1.4942718
T198W,0.53335865,-6.76565325127,-6.73170149803,-6.383134355549999,-7.1642930069,-6.86235357475,-6.68678382111,-8.01299582468,-6.63345089556,A,2lay,-2.5694056,-4.060691,-1.4912853
Q200A,0.947362798,-1.45707921524,-1.42690606499,-1.28236796951,-1.44208749962,-1.45896058083,-1.67507396126,-5.513523193080001,-1.19746287229,A,2lay,-2.5294166,-2.8491158,-0.3196993
Q200E,0.454173482,1.3439109726,1.28206225204,1.49109007645,1.28064762688,1.37517271042,1.29058219719,-0.321052697138,2.12783244873,A,2lay,-2.5294166,-1.8272251,0.7021915
Q200D,0.655563639,0.597723169708,0.5609185752870001,0.704201263428,0.581086750031,0.631503583908,0.510905675888,-0.759667885257,1.32076372346,A,2lay,-2.5294166,-2.7351863,-0.20576978
Q200G,0.8963757720000001,-2.8717589859,-3.02398996162,-2.77169516182,-3.04438739777,-2.68626606369,-2.8324563446,-4.86792693741,-2.84162075599,A,2lay,-2.5294166,-4.1625547,-1.6331382
Q200H,1.397860963,-0.620610666275,-0.606527763367,-0.4570748519899999,-0.494545679092,-0.677751434326,-0.8671536026000001,-0.923072030768,-0.631363583541,A,2lay,-2.5294166,-3.7334874,-1.2040708
Q200K,0.563799529,-0.242592631149,-0.339192581177,-0.117168821335,-0.190770648956,-0.200519367218,-0.365311737061,-2.57529771212,0.0514343563027,A,2lay,-2.5294166,-2.7074904,-0.17807388
Q200M,0.732776084,-1.64640150681,-1.87237561226,-1.73828354263,-1.60994028282,-1.56374232483,-1.44766577148,-4.66769597144,-2.18896432506,A,2lay,-2.5294166,-3.9364076,-1.406991
Q200L,0.540865251,0.398605741882,0.333016597748,0.156772222519,0.457720273972,0.351220563889,0.694299051285,-3.02388711157,-0.225476938991,A,2lay,-2.5294166,-2.374222,0.15519452
Q200N,1.268605223,-0.0515782482147,-0.12054986763,-0.0602274551392,-0.0792448959351,0.0339935951233,-0.0318626174927,-2.38137119007,-0.234153924241,A,2lay,-2.5294166,-3.4748483,-0.9454317
Q200P,0.043327539,-4.26579639282,-4.48605579948,-4.041403671259999,-4.16356798172,-4.29467990494,-4.343274606700001,-7.411108391589999,-6.393279346440001,A,2lay,-2.5294166,-5.496481,-2.9670644
Q200S,0.795291869,-0.349086253357,-0.393095832825,-0.241476688385,-0.315964586258,-0.403143072128,-0.391751087189,-2.70064052264,-0.33111012007,A,2lay,-2.5294166,-3.0404053,-0.5109887
Q200R,1.368045172,-0.947262434387,-1.02456903267,-0.77207507515,-0.878075914383,-0.949895957947,-1.11169619179,-4.52885072911,-1.21044256907,A,2lay,-2.5294166,-2.663996,-0.13457942
Q200T,0.6938325409999999,0.8558078132629999,0.908029815674,0.8752834072110001,0.8439869823459999,0.875759645462,0.7759792156219999,-1.47210362926,1.11461889755,A,2lay,-2.5294166,-2.7447376,-0.21532106
Q200W,0.924825944,-3.19287632828,-3.48578935814,-3.22514014816,-3.084582304,-3.09069539833,-3.07817443275,-5.84880325454,-4.12273553049,A,2lay,-2.5294166,-4.7878957,-2.258479
Q200Y,0.896513949,-1.23961573296,-1.53660611153,-1.29954765701,-1.1332270298,-1.18542659569,-1.04327127075,-2.98333583097,-1.81945981808,A,2lay,-2.5294166,-3.5996895,-1.0702729
D201A,0.704252764,-4.8003272934,-3.96669880867,-4.05259447479,-5.3487665062,-5.29015063858,-5.343426038740001,-6.58652093413,-1.4039754666,A,2lay,-0.33959976,-5.071186,-4.7315865
D201E,0.254635298,-4.45212200279,-4.23140764046,-4.232454067230001,-4.955744627,-4.52387851334,-4.31712516594,-8.38255631365,-2.62154653089,A,2lay,-0.33959976,-3.6584663,-3.3188665
D201G,0.35020723,-7.087267198180001,-6.41893582344,-6.407140497209999,-8.044768768310002,-7.19739361954,-7.368097282410001,-10.1191694634,-5.53227445194,A,2lay,-0.33959976,-5.381583,-5.0419836
D201I,0.337056451,-5.999179704279999,-5.041011335369999,-4.923539079669999,-6.550649951930001,-6.87993938828,-6.60075876617,-7.6075403404,-1.98381247262,A,2lay,-0.33959976,-4.966632,-4.6270323
D201H,0.6983961879999999,-1.57921551018,-1.36427993774,-1.24085977173,-1.86178681755,-1.69141724586,-1.737733778,-4.875778978690001,-0.232085115481,A,2lay,-0.33959976,-4.9918513,-4.6522517
D201K,0.760826085,-3.5810595211,-2.63102939606,-2.84115638161,-4.29745637894,-4.07515774155,-4.06049770737,-6.690016995650001,-0.114690889889,A,2lay,-0.33959976,-4.8932805,-4.553681
D201N,0.5382918520000001,-3.82282879601,-3.61830709076,-3.64178879547,-4.27816638565,-3.9718946991,-3.60398700905,-4.60666603595,-1.65159722013,A,2lay,-0.33959976,-1.9977434,-1.6581436
D201Q,0.385890772,-6.81885809212,-6.025744617459999,-5.49622632408,-8.197844081880001,-7.365412431719999,-7.00906300545,-8.61668988972,-3.07093279041,A,2lay,-0.33959976,-4.9121666,-4.572567
D201P,0.499124674,-2.89689258461,-2.12024298477,-2.15603862,-3.68299297714,-3.27719638062,-3.24799196053,-5.484125522899999,-0.263155194526,A,2lay,-0.33959976,-5.3940783,-5.0544786
D201S,0.534497322,-4.77853944321,-3.99808423805,-4.3164188118,-5.74730149651,-5.17204702187,-4.65884564781,-8.632043574939999,-2.47991520455,A,2lay,-0.33959976,-4.2842717,-3.9446719
D201T,0.386769319,-6.48974669533,-5.98857130051,-5.88075108337,-7.04829792786,-6.60474092674,-6.926372238160001,-9.03519585775,-3.47947594259,A,2lay,-0.33959976,-5.059211,-4.719611
D201V,0.63881394,-6.09652765236,-5.15930226135,-5.354855886459999,-6.548626770019999,-5.885944654459999,-7.5339086895,-7.82174799079,-1.90249657032,A,2lay,-0.33959976,-4.980291,-4.6406913
D201Y,0.617182283,-6.329341485980001,-6.05759533119,-5.54762698936,-7.329244411469999,-6.73976975822,-5.97247093964,-8.96094549261,-3.19568114102,A,2lay,-0.33959976,-5.1701193,-4.8305197
P202A,0.0557903809999999,-9.63254230652,-9.82308995819,-9.56882459259,-9.61014755821,-9.56514222908,-9.59550719452,-9.31150679465,-12.2911241578,A,2lay,-0.33898252,-3.3417993,-3.0028167
P202H,0.08686077,-8.58423420334,-8.600638242719999,-8.50121810532,-8.58837624931,-8.5770712738,-8.65386714554,-7.663607281869999,-7.81426088888,A,2lay,-0.33898252,-4.9249105,-4.585928
P202Q,0.069048133,-9.66069011421,-9.85911755943,-9.58623927689,-9.68669485092,-9.57914155579,-9.59225732803,-9.31150679465,-12.2911241578,A,2lay,-0.33898252,-4.7094374,-4.370455
P202S,0.041908444,-8.741215273669999,-8.798645891189999,-8.66289504623,-8.823010534289999,-8.71859495926,-8.70292993736,-8.65106773138,-9.01744154917,A,2lay,-0.33898252,-4.2163377,-3.877355
P202R,0.240944946,-9.65730930901,-9.83377623558,-9.49715997696,-9.78651096916,-9.621620903019998,-9.54747846031,-9.31150679465,-12.2911241578,A,2lay,-0.33898252,-3.803369,-3.4643865
P202W,0.0674981509999999,-9.71946141357,-9.887352005,-9.63689912796,-9.73202012253,-9.71152042198,-9.6295153904,-9.31150679465,-12.2911241578,A,2lay,-0.33898252,-4.2798824,-3.9408998
R203C,0.157368182,,,,,,,,,A,2lay,-1.7523746,-4.461239,-2.7088642
R203D,0.138660892,,,,,,,,,A,2lay,-1.7523746,-4.1372733,-2.3848987
R203G,0.150522964,,,,,,,,,A,2lay,-1.7523746,-4.4449267,-2.692552
R203H,0.124026967,,,,,,,,,A,2lay,-1.7523746,-4.4715166,-2.719142
R203P,0.061894785,,,,,,,,,A,2lay,-1.7523746,-5.245749,-3.4933743
R203S,0.167860387,,,,,,,,,A,2lay,-1.7523746,-3.6627793,-1.9104047
