Unnamed: 0,pdbid,chainid,variant,score,esm1v_t33_650M_UR90S_1,esm1v_t33_650M_UR90S_2,esm1v_t33_650M_UR90S_3,esm1v_t33_650M_UR90S_4,esm1v_t33_650M_UR90S_5,avg_pred_ddg
0.0,1BVC,A,E4A,0.625,-4.6242780685424805,-5.079522609710693,-4.613616943359375,-3.939695358276367,-4.0608391761779785,-4.463590431213379
1.0,1BVC,A,W7F,0.6,2.070591926574707,1.4982106685638428,-3.092345714569092,-2.8002636432647705,-3.357466459274292,-1.136254644393921
2.0,1BVC,A,Q8G,0.565,-4.528305530548096,-4.081912040710449,-4.6104350090026855,-5.146240234375,-4.439961910247803,-4.561370944976806
3.0,1BVC,A,Q8A,-0.98,-3.4782190322875977,-2.826517105102539,-3.5879085063934326,-4.223146438598633,-3.1041464805603027,-3.443987512588501
4.0,1BVC,A,L9A,0.41,-4.147455215454102,-2.3876161575317383,-3.901571989059448,-4.090847015380859,-3.400585651397705,-3.5856152057647703
5.0,1BVC,A,L11A,0.55,-5.989411354064941,-5.390435695648193,-2.3212294578552246,-4.138821125030518,-5.042099475860596,-4.576399421691894
6.0,1BVC,A,V13A,0.05,-2.386960744857788,-3.1722843647003174,-3.411233425140381,-2.5439164638519287,-2.8328564167022705,-2.8694502830505373
7.0,1BVC,A,W14F,0.733333333333,-6.265183448791504,-8.005836486816406,-6.280986785888672,-6.352291584014893,-5.82609748840332,-6.546079158782959
8.0,1BVC,A,A15L,-0.15,-6.698109149932861,-7.474287986755371,-7.1820268630981445,-7.120271682739258,-8.225622177124023,-7.340063571929932
9.0,1BVC,A,E18A,0.6,-6.114272117614746,-8.432578086853027,-4.95421028137207,-4.681386470794678,-5.665077209472656,-5.9695048332214355
10.0,1BVC,A,G23A,1.12,-2.468716621398926,-2.501209259033203,-2.948167085647583,-2.41178035736084,-1.837437391281128,-2.433462142944336
11.0,1BVC,A,H24V,0.26,-4.063763618469238,-7.427038669586182,-2.2416958808898926,-3.148993730545044,-3.6401848793029785,-4.104335355758667
12.0,1BVC,A,I28M,0.56,-4.920010089874268,-4.685514450073242,-4.379518985748291,-5.197802543640137,-3.289846897125244,-4.494538593292236
13.0,1BVC,A,I28A,0.99,-2.4585518836975098,-4.770408630371094,-2.5606722831726074,-3.5486857891082764,-4.68273401260376,-3.6042105197906493
14.0,1BVC,A,I28L,0.55,-3.9846653938293457,-2.668976306915283,-3.4446840286254883,-4.360909461975098,-3.6496968269348153,-3.6217864036560057
15.0,1BVC,A,I28V,-0.04,-1.8659086227416992,-1.8499817848205569,-2.5784502029418945,-2.372807502746582,-3.681654930114746,-2.469760608673096
16.0,1BVC,A,L29A,0.24,-8.9736967086792,-8.89236068725586,-8.54146671295166,-10.124151229858398,-9.199254035949709,-9.146185874938965
17.0,1BVC,A,L29I,1.12,-6.469874858856201,-5.574287414550781,-6.825233459472656,-6.457387447357178,-6.055755615234375,-6.276507759094239
18.0,1BVC,A,L29M,-0.12,-7.024101734161377,-6.906912803649902,-6.511842727661133,-6.590901374816895,-6.299496650695801,-6.666651058197021
19.0,1BVC,A,L29V,1.72,-6.628837585449219,-5.7965850830078125,-7.084689617156982,-7.460736274719238,-6.960483551025391,-6.786266422271728
20.0,1BVC,A,I30A,0.845,-4.387515544891357,-5.288315296173096,-4.101962566375732,-4.4368767738342285,-5.3114333152771,-4.705220699310303
21.0,1BVC,A,L32A,1.025,-8.349700927734375,-9.663981437683104,-6.213911056518555,-8.018106460571289,-10.226930618286133,-8.49452610015869
22.0,1BVC,A,H36Q,0.65,-5.558271884918213,-8.97384262084961,-5.834809303283691,-5.921145915985107,-7.173202991485596,-6.692254543304443
23.0,1BVC,A,D44A,0.175,-1.2805306911468506,-2.62940526008606,-2.0704846382141118,-2.200536727905273,-1.7861294746398926,-1.9934173583984376
24.0,1BVC,A,H48Q,0.31,-4.7780866622924805,-7.82651424407959,-4.014195442199707,-4.316195964813232,-4.668366432189941,-5.12067174911499
25.0,1BVC,A,L49I,0.8,-4.81190299987793,-7.146121501922607,-4.3105878829956055,-5.497678756713867,-6.072049140930176,-5.567668056488037
26.0,1BVC,A,T51A,1.41,-6.492247581481934,-7.50852108001709,-5.386064052581787,-6.340531349182129,-6.771644592285156,-6.499801731109619
27.0,1BVC,A,K56A,0.225,-3.9841718673706055,-3.7377214431762695,-3.867577314376831,-3.5703859329223637,-3.111002206802368,-3.6541717529296873
28.0,1BVC,A,D60A,0.125,-3.799563646316528,-6.873730182647705,-5.496480464935303,-3.2670490741729736,-4.808332443237305,-4.849031162261963
29.0,1BVC,A,H64Q,0.225,-7.215907573699951,-9.411893844604492,-8.024063110351562,-8.849193572998047,-9.49635887145996,-8.599483394622803
30.0,1BVC,A,V66A,-0.75,-2.418025016784668,-2.477985382080078,-3.207854986190796,-2.694520950317383,-2.5706355571746826,-2.6738043785095216
31.0,1BVC,A,T67A,0.26,-3.8707220554351807,-6.282999515533447,-3.102803468704224,-4.624259948730469,-5.649613857269287,-4.706079769134521
32.0,1BVC,A,V68T,0.4,-5.889402389526367,-8.474237442016602,-7.810948848724365,-7.884660243988037,-8.593035697937012,-7.730456924438476
33.0,1BVC,A,L69V,0.1,-5.695902347564697,-4.566643238067627,-6.1180033683776855,-5.035458564758301,-7.87166166305542,-5.8575338363647464
34.0,1BVC,A,L69A,1.18,-7.22657299041748,-6.970274925231934,-7.340597629547119,-7.441566467285156,-9.541686058044434,-7.704139614105225
35.0,1BVC,A,L69I,0.02,-4.901706695556641,-5.805865287780762,-5.359405994415283,-4.666763782501221,-6.831097602844238,-5.512967872619629
36.0,1BVC,A,L69M,0.0,-3.261129379272461,-2.6328020095825195,-2.3816680908203125,-1.901785373687744,-2.963189125061035,-2.6281147956848145
37.0,1BVC,A,K77A,0.035,-5.005368232727051,-9.056675910949709,-4.525924682617188,-5.799309253692627,-5.626132488250732,-6.002682113647461
38.0,1BVC,A,H82Q,0.025,-2.813807964324951,-9.361517906188965,-3.018274545669556,-2.9433822631835938,-3.834694385528565,-4.394335412979126
39.0,1BVC,A,P88A,-0.59,-2.5287299156188965,-6.2342376708984375,-1.1367206573486328,-3.178546667098999,-2.848109245300293,-3.185268831253052
40.0,1BVC,A,H93G,-0.02,-11.84129524230957,-15.212018966674805,-10.6362943649292,-12.143879890441896,-11.410725593566896,-12.248842811584472
41.0,1BVC,A,H97Q,0.055,-7.257539749145508,-9.467671394348145,-4.785330772399902,-7.480916023254394,-6.952594757080078,-7.188810539245606
42.0,1BVC,A,F106A,0.45,-3.7037549018859854,-6.918093204498291,-4.575594902038574,-4.052863121032715,-3.983194351196289,-4.646700096130371
43.0,1BVC,A,E109A,-0.265,-4.872311592102051,-7.344752788543701,-5.978546142578125,-4.8265910148620605,-6.018192768096924,-5.808078861236572
44.0,1BVC,A,E109G,0.925,-4.371322154998779,-6.654758453369141,-5.704671382904053,-4.287006855010986,-5.679407119750977,-5.339433193206787
45.0,1BVC,A,I111M,1.14,-4.078836917877197,-7.755425453186035,-4.875652313232422,-4.832437515258789,-7.271200180053711,-5.762710475921631
46.0,1BVC,A,I111A,1.84,-5.0128021240234375,-9.544175148010254,-7.002715110778809,-6.252690315246582,-9.348264694213867,-7.4321294784545895
47.0,1BVC,A,I111L,0.64,-2.151866912841797,-5.754513263702393,-2.6966824531555176,-2.9911580085754395,-5.539315223693848,-3.8267071723937987
48.0,1BVC,A,H113Q,0.13,-2.3444366455078125,-1.8630412817001345,-3.082087993621826,-2.9011688232421875,-4.015056610107422,-2.8411582708358765
49.0,1BVC,A,V114A,1.45,-3.363881826400757,-7.847486972808838,-4.596672534942627,-5.018886566162109,-6.313886642456055,-5.428162908554077
50.0,1BVC,A,L115A,1.2,-5.890525817871094,-7.058793544769287,-7.652999401092529,-6.667022705078125,-7.278006553649902,-6.9094696044921875
51.0,1BVC,A,H116A,-0.16,-0.6986653804779053,0.4634616374969482,0.0371327400207519,0.157217264175415,1.978173017501831,0.38746385574340814
52.0,1BVC,A,S117A,0.26,-3.353370189666748,-3.0891451835632324,-2.4558279514312744,-2.755868911743164,-2.704893112182617,-2.871821069717407
53.0,1BVC,A,H119F,0.34,-0.9290609359741212,-2.2833375930786133,-0.7396552562713623,0.4287590980529785,-4.215624809265137,-1.547783899307251
54.0,1BVC,A,F123A,0.7,-7.72272777557373,-10.091326713562012,-6.825902462005615,-6.83294677734375,-10.690396308898926,-8.432660007476807
55.0,1BVC,A,F123K,1.4,-10.326861381530762,-12.698439598083496,-8.009980201721191,-9.661654472351074,-13.505697250366213,-10.840526580810547
56.0,1BVC,A,F123T,3.5,-8.574231147766113,-11.056218147277832,-8.09909439086914,-7.942144393920898,-11.311570167541504,-9.396651649475098
57.0,1BVC,A,A125L,-0.5,-7.043551921844482,-6.632914066314697,-6.568232536315918,-6.707034587860107,-6.959715843200684,-6.782289791107178
58.0,1BVC,A,G129A,-1.05,-0.9430614113807678,-1.2636847496032717,-0.7120251655578613,-1.081590175628662,-0.5708675980567932,-0.9142458200454712
59.0,1BVC,A,A130L,2.3,-6.636473178863525,-10.80581283569336,-8.58520793914795,-10.984445571899414,-10.520333290100098,-9.506454563140869
60.0,1BVC,A,A130K,3.7,-7.082028388977051,-10.86275863647461,-7.56421947479248,-13.48493194580078,-11.629791259765623,-10.124745941162109
61.0,1BVC,A,M131A,1.46666666667,-5.1564483642578125,-8.877681732177734,-5.927437782287598,-4.109013557434082,-7.371325492858887,-6.2883813858032225
62.0,1BVC,A,L135A,1.25,-6.033441543579102,-10.913890838623049,-7.904469490051269,-5.873958587646484,-7.595147132873535,-7.664181518554687
63.0,1BVC,A,L135I,1.54,-4.276610374450684,-5.985913276672363,-5.412257671356201,-4.329232215881348,-5.25920295715332,-5.052643299102783
64.0,1BVC,A,L135M,0.79,-5.084624290466309,-6.943687438964844,-5.918963432312012,-4.681443214416504,-5.407502174377441,-5.6072441101074215
65.0,1BVC,A,L135V,2.25,-4.449851989746094,-7.644339561462402,-5.882475852966309,-4.415396213531494,-5.494808197021484,-5.577374362945557
66.0,1BVC,A,L137A,0.2,-2.7788987159729004,-6.762975692749023,-3.202023983001709,-5.201381206512451,-5.856961727142334,-4.760448265075683
67.0,1BVC,A,K140A,-0.475,-2.1836977005004883,-1.1838173866271973,-2.729256629943848,-3.7191414833068848,-2.763613224029541,-2.5159052848815917
68.0,1BVC,A,I142M,-0.93,-4.53887414932251,-2.435750961303711,-3.3855466842651367,-3.592759132385254,-5.807437896728516,-3.9520737648010256
69.0,1BVC,A,I142V,0.12,-3.2638604640960693,-4.46743106842041,-4.72398042678833,-4.020238399505615,-5.3086137771606445,-4.356824827194214
70.0,1BVC,A,I142L,-0.63,-2.886732578277588,-1.8970918655395508,-3.134223461151123,-1.6452860832214355,-4.881616592407227,-2.888990116119385
71.0,1BVC,A,I142A,1.51,-5.444084644317627,-6.965986728668213,-6.924784660339356,-6.272593021392822,-8.596085548400879,-6.840706920623779
72.0,1BVC,A,A144L,-0.25,-6.3087663650512695,-6.063669681549072,-6.288038730621338,-5.688843727111816,-5.208600997924805,-5.91158390045166
73.0,1BVC,A,L149A,1.6,-2.8010246753692627,-3.222577810287476,-3.485443115234375,-7.317008972167969,-4.678247928619385,-4.300860500335693
0.0,1LZ1,A,K1A,0.597514340344,1.0317633152008057,-2.264068603515625,-2.45774507522583,-1.7102646827697754,2.0256235599517822,-0.6749382972717285
1.0,1LZ1,A,K1M,0.119502868069,2.693387508392334,0.7548247575759888,-0.3520560264587402,0.7783474326133728,2.759779930114746,1.3268567204475403
2.0,1LZ1,A,V2A,1.5057361376700005,-4.216845989227295,-2.767505884170532,-3.506094455718994,-2.050577163696289,-4.46256685256958,-3.400718069076538
3.0,1LZ1,A,V2D,1.43403441683,-6.7607598304748535,-4.175832271575928,-4.998894214630127,-4.587811470031738,-6.582443714141846,-5.421148300170898
4.0,1LZ1,A,V2F,0.860420650096,-6.224315643310547,-4.361704349517822,-6.269704818725586,-4.982448101043701,-4.559490203857422,-5.279532623291016
5.0,1LZ1,A,V2G,2.29445506692,-5.674145698547363,-2.776840209960937,-3.717906951904297,-3.673835515975952,-4.87486457824707,-4.143518590927124
6.0,1LZ1,A,V2I,-1.09942638623,-4.783607482910156,-4.144213199615479,-5.0087571144104,-4.420584201812744,-3.935346364974976,-4.458501672744751
7.0,1LZ1,A,V2M,0.310707456979,-5.517847061157227,-4.742792129516602,-5.412323951721191,-5.22393274307251,-4.92296314239502,-5.16397180557251
8.0,1LZ1,A,V2N,1.33843212237,-7.304935455322266,-4.01816463470459,-4.892502307891846,-4.691506385803223,-5.750856399536133,-5.331593036651611
9.0,1LZ1,A,V2R,0.38240917782,-6.031718730926514,-2.402254343032837,-3.0763943195343018,-3.919498682022095,-4.343029022216797,-3.9545790195465087
10.0,1LZ1,A,V2S,1.41013384321,-5.463007926940918,-2.887529134750366,-4.550437450408936,-3.352884531021118,-5.0083842277526855,-4.252448654174804
11.0,1LZ1,A,V2L,0.0478011472275,-3.7831897735595694,-3.5462419986724854,-4.516714096069336,-4.2730631828308105,-3.3199901580810547,-3.887839841842651
12.0,1LZ1,A,V2Y,0.358508604207,-7.036035537719727,-4.642938613891602,-6.275152206420898,-4.950404167175293,-5.461269855499268,-5.673160076141357
13.0,1LZ1,A,E7Q,0.764818355641,-4.77708625793457,-4.665859699249268,-5.035155296325684,-4.844674110412598,-6.299158096313477,-5.1243866920471195
14.0,1LZ1,A,L8T,3.72848948375,-10.985854148864746,-11.19374179840088,-10.456554412841797,-10.918475151062012,-11.20784854888916,-10.952494812011718
15.0,1LZ1,A,A9S,0.0239005736138,-6.906272888183594,-8.550662994384766,-5.15899133682251,-7.702398300170898,-7.983355522155762,-7.260336208343506
16.0,1LZ1,A,G16A,1.3862332696000002,-7.21119213104248,-10.315170288085938,-9.29592514038086,-8.589208602905273,-9.400676727294922,-8.962434577941895
17.0,1LZ1,A,D18N,1.11137667304,-5.920619010925293,-6.6590447425842285,-4.948610305786133,-5.699313640594482,-6.753678321838379,-5.996253204345703
18.0,1LZ1,A,G19A,1.7686424474200002,-6.176913261413574,-7.521592140197754,-8.158307075500488,-8.408912658691406,-8.233495712280273,-7.699844169616699
19.0,1LZ1,A,Y20F,0.501912045889,-4.715033054351807,-5.331601619720459,-4.302715301513672,-5.119441032409668,-4.50432825088501,-4.794623851776123
20.0,1LZ1,A,R21A,-1.31453154876,-5.174770832061768,-4.740433216094971,-5.301827430725098,-4.891096115112305,-3.961676597595215,-4.813960838317871
21.0,1LZ1,A,R21G,-1.14722753346,-6.599974632263184,-5.634091377258301,-5.813900947570801,-4.893111228942871,-5.08929967880249,-5.606075572967529
22.0,1LZ1,A,G22A,1.79254302103,-8.077446937561035,-8.792004585266113,-7.337162494659424,-9.54714298248291,-7.012677192687988,-8.153286838531494
23.0,1LZ1,A,I23V,0.358508604207,-3.3905510902404785,-3.664472818374634,-2.892099142074585,-2.7709288597106934,-1.534936547279358,-2.85059769153595
24.0,1LZ1,A,I23A,2.53346080306,-4.458733558654785,-5.990480899810791,-5.041264533996582,-5.251553535461426,-3.421743869781494,-4.832755279541016
25.0,1LZ1,A,A32S,0.334608030593,-7.542424201965332,-8.20429515838623,-7.572751045227051,-7.161945819854736,-8.523603439331055,-7.801003932952881
26.0,1LZ1,A,A32L,0.0956022944551,-6.412496089935303,-8.077011108398438,-9.619447708129885,-8.1576509475708,-8.146162986755371,-8.08255376815796
27.0,1LZ1,A,E35L,0.525812619503,-10.623401641845703,-13.919279098510742,-8.879415512084961,-15.648475646972656,-13.582138061523438,-12.5305419921875
28.0,1LZ1,A,G37Q,0.860420650096,-6.690352916717529,-7.5151591300964355,-5.9813337326049805,-7.355128288269043,-6.175868034362793,-6.743568420410156
29.0,1LZ1,A,G37A,0.286806883365,-5.365537643432617,-6.44465446472168,-5.286433219909668,-5.342207908630371,-5.621180534362793,-5.612002754211426
30.0,1LZ1,A,Y38G,2.31835564054,-7.696774959564209,-10.047414779663086,-6.28265905380249,-7.688216209411621,-10.388458251953123,-8.420704650878907
31.0,1LZ1,A,Y38A,2.48565965583,-9.81869125366211,-10.86978816986084,-8.483541488647461,-8.453926086425781,-11.218010902404783,-9.768791580200196
32.0,1LZ1,A,Y38F,0.19120458891,-4.146886348724365,-3.086162567138672,-2.9130821228027344,-3.4489259719848637,-2.831307411193848,-3.2852728843688963
33.0,1LZ1,A,Y45F,-0.0717017208413,-4.842784881591797,-5.531018257141113,-4.944263458251953,-3.940885543823242,-4.166920185089111,-4.685174465179443
34.0,1LZ1,A,A47P,-1.1,-5.452181816101074,-2.9503731727600098,-4.407270431518555,-4.129858016967773,-1.67260479927063,-3.7224576473236084
35.0,1LZ1,A,G48A,-0.454110898662,-1.3297812938690186,-3.606438636779785,-3.577153444290161,-3.070035696029663,-3.5161356925964355,-3.0199089527130125
36.0,1LZ1,A,D49N,0.501912045889,-2.494719982147217,-3.5075230598449707,-4.86850118637085,-3.319677829742432,-4.397475242614746,-3.717579460144043
37.0,1LZ1,A,R50A,-0.430210325048,-4.472742080688477,-6.554913520812988,-5.615453720092773,-5.578706741333008,-6.091285705566406,-5.66262035369873
38.0,1LZ1,A,R50G,-0.525812619503,1.656230926513672,-2.5258302688598637,-1.2133808135986328,0.8689517378807068,-0.5641235709190369,-0.35563039779663086
39.0,1LZ1,A,Y54F,0.956022944551,-4.918960094451904,-7.116652011871338,-5.169187068939209,-6.603611946105957,-6.54075813293457,-6.069833850860595
40.0,1LZ1,A,I56T,6.66826003824,-9.63988208770752,-10.182059288024902,-10.60684871673584,-9.81981086730957,-10.202939987182615,-10.09030818939209
41.0,1LZ1,A,I56A,3.70458891013,-9.501391410827637,-9.811806678771973,-8.897134780883789,-10.39200210571289,-9.363749504089355,-9.593216896057129
42.0,1LZ1,A,I56F,4.0869980879500005,-8.45898723602295,-9.114781379699709,-9.169509887695312,-8.566362380981445,-8.609175682067871,-8.783763313293457
43.0,1LZ1,A,I56L,0.0956022944551,-3.216352939605713,-5.529884338378906,-4.5227227210998535,-5.085275173187256,-4.291460990905762,-4.529139232635498
44.0,1LZ1,A,I56M,1.7686424474200002,-7.358261108398437,-8.671658515930176,-8.625502586364746,-7.26120138168335,-7.422181129455566,-7.867760944366455
45.0,1LZ1,A,I56V,1.19502868069,-5.901493072509766,-7.023395538330078,-5.959970951080322,-6.959894180297852,-6.848720550537109,-6.538694858551025
46.0,1LZ1,A,Q58A,-0.908221797323,-13.159374237060549,-12.557077407836914,-13.250001907348633,-12.446495056152344,-14.48003387451172,-13.178596496582031
47.0,1LZ1,A,Q58G,-2.05544933078,-13.034496307373049,-15.158894538879396,-10.948440551757812,-13.225555419921877,-14.251245498657228,-13.323726463317872
48.0,1LZ1,A,I59Y,3.7762906309800006,-14.87919807434082,-14.679710388183594,-12.8478422164917,-15.471296310424805,-14.84317111968994,-14.544243621826173
49.0,1LZ1,A,I59F,0.812619502868,-10.843411445617676,-10.6719331741333,-9.992457389831545,-9.070307731628418,-11.804357528686523,-10.476493453979492
50.0,1LZ1,A,I59G,3.8240917782,-15.664665222167969,-15.867507934570312,-13.602709770202637,-15.251245498657228,-16.459686279296875,-15.369162940979004
51.0,1LZ1,A,I59L,0.0,-8.105310440063477,-8.110029220581055,-6.734393119812012,-7.444058418273926,-6.919480323791504,-7.462654304504395
52.0,1LZ1,A,I59M,1.29063097514,-9.406221389770508,-9.826884269714355,-7.697559833526611,-8.667853355407715,-9.466476440429688,-9.012999057769775
53.0,1LZ1,A,I59S,3.5850860420699995,-13.210124969482422,-14.280176162719728,-11.957656860351562,-13.664941787719728,-12.404866218566896,-13.103553199768067
54.0,1LZ1,A,I59V,1.09942638623,-7.662506580352783,-7.673981189727783,-7.514078617095947,-7.1159539222717285,-8.682294845581055,-7.729763031005859
55.0,1LZ1,A,I59T,2.22275334608,-10.71995735168457,-11.32505989074707,-9.979375839233398,-11.363965034484863,-10.35242748260498,-10.748157119750976
56.0,1LZ1,A,I59A,1.7208413001900005,-12.350287437438965,-13.150943756103516,-10.789212226867676,-11.872859001159668,-13.87838077545166,-12.408336639404297
57.0,1LZ1,A,Y63F,0.239005736138,-6.200675964355469,-5.113905429840088,-4.755343914031982,-4.784853935241699,-7.033165454864502,-5.577588939666748
58.0,1LZ1,A,D67N,1.11137667304,-4.3639326095581055,-2.610424041748047,-4.006125926971436,-6.418752193450928,-6.155473232269287,-4.71094160079956
59.0,1LZ1,A,D67H,4.541108986619999,-6.31342363357544,-7.386641502380371,-6.184954643249512,-7.61694860458374,-7.471978187561035,-6.99478931427002
60.0,1LZ1,A,G68A,0.119502868069,-6.61968994140625,-8.261868476867676,-5.544952392578125,-6.973202705383301,-6.751395225524902,-6.83022174835205
61.0,1LZ1,A,P71G,1.2,-7.426910400390625,-7.732959747314453,-3.984389781951904,-6.458052158355713,-6.426407814025879,-6.405743980407715
62.0,1LZ1,A,G72A,0.358508604207,-4.787062644958496,-5.1117329597473145,-3.771663427352905,-4.932183265686035,-6.746368408203125,-5.069802141189575
63.0,1LZ1,A,V74A,0.358508604207,-4.387347221374512,-3.113037586212158,-1.775655746459961,-1.2743924856185913,-0.7995938062667847,-2.2700053691864013
64.0,1LZ1,A,V74Y,0.239005736138,-3.672162771224976,-5.732590198516846,-3.4069926738739014,-4.60673189163208,-4.473842144012451,-4.378463935852051
65.0,1LZ1,A,V74S,0.38240917782,-4.889105796813965,-4.38065242767334,-2.5993194580078125,-1.2045100927352903,-1.5727075338363647,-2.9292590618133545
66.0,1LZ1,A,V74D,0.430210325048,-6.145111560821533,-5.896882057189941,-3.77002215385437,-3.64302921295166,-3.2063841819763184,-4.532285833358765
67.0,1LZ1,A,V74N,0.334608030593,-5.030668258666992,-4.500886917114258,-2.508228063583374,-2.910179615020752,-2.648895740509033,-3.5197717189788817
68.0,1LZ1,A,V74F,0.286806883365,-5.530181884765625,-6.4215922355651855,-4.9319682121276855,-5.343358993530273,-5.71705436706543,-5.58883113861084
69.0,1LZ1,A,V74G,0.215105162524,-6.054285526275635,-4.821361064910889,-2.6519229412078857,-2.0118422508239746,-2.233949661254883,-3.554672288894653
70.0,1LZ1,A,V74I,-0.454110898662,-4.051911354064941,-4.85698127746582,-4.685785293579102,-4.931178092956543,-4.6738128662109375,-4.639933776855469
71.0,1LZ1,A,V74M,-0.6453154875720001,-5.397258758544922,-5.509753227233887,-4.496510028839111,-4.430531978607178,-4.780327796936035,-4.922876358032227
72.0,1LZ1,A,V74L,-0.19120458891,-4.854674339294434,-4.329201698303223,-3.810303449630737,-3.984908580780029,-3.7952585220336914,-4.154869318008423
73.0,1LZ1,A,V74R,0.0717017208413,-1.5191121101379397,-2.4218971729278564,-0.3730594515800476,-0.7826294898986816,-0.1790344715118408,-1.055146539211273
74.0,1LZ1,A,H78A,0.1434034416829999,-5.734729766845703,-5.502644062042236,-3.962921142578125,-6.513228416442871,-3.657874822616577,-5.074279642105102
75.0,1LZ1,A,H78G,0.525812619503,-2.4594006538391118,-2.654147148132324,-2.0861403942108154,-5.726195335388184,-1.812334060668945,-2.947643518447876
76.0,1LZ1,A,I89V,0.478011472275,-5.321315288543701,-3.5714948177337646,-5.221923828125,-4.286637306213379,-4.905468463897705,-4.66136794090271
77.0,1LZ1,A,I89A,2.70076481836,-9.607162475585938,-5.679477691650391,-8.071737289428711,-7.608818531036377,-7.46669864654541,-7.686778926849366
78.0,1LZ1,A,D91P,0.8,-8.266538619995117,-6.40922737121582,-5.369064807891846,-3.574822425842285,-6.261149883270264,-5.976160621643066
79.0,1LZ1,A,A92S,-0.812619502868,-2.946872472763061,-3.784494400024414,-3.5972375869750977,-3.9640297889709473,-5.065090179443359,-3.871544885635376
80.0,1LZ1,A,V93T,0.669216061185,-6.784298419952393,-7.4312028884887695,-5.813989639282227,-6.557358264923096,-8.005941390991211,-6.918558120727539
81.0,1LZ1,A,V93A,0.7409177820270001,-5.656715393066406,-6.643767833709717,-6.211109161376953,-4.78298282623291,-5.981569766998291,-5.855228996276855
82.0,1LZ1,A,A96M,-0.0239005736138,-9.794029235839844,-8.52286148071289,-7.67373514175415,-11.146516799926758,-8.648578643798828,-9.157144260406493
83.0,1LZ1,A,A96S,1.00382409178,-7.76978874206543,-8.479182243347168,-7.249030113220215,-7.054834365844727,-7.009571075439453,-7.512481307983398
84.0,1LZ1,A,V99A,0.979923518164,-6.851577281951904,-9.38947868347168,-7.436065673828125,-7.018035411834717,-7.901528835296631,-7.7193371772766115
85.0,1LZ1,A,V99T,0.501912045889,-5.460722923278809,-8.195462226867676,-6.072973728179932,-6.45698356628418,-7.537336349487305,-6.74469575881958
86.0,1LZ1,A,V100F,1.64913957935,-9.087482452392578,-9.759028434753418,-7.756886005401611,-10.337058067321776,-10.743054389953612,-9.536701869964599
87.0,1LZ1,A,V100T,0.286806883365,-7.390515327453613,-6.127053260803223,-7.394456386566162,-7.646056175231934,-7.923041820526123,-7.296224594116211
88.0,1LZ1,A,V100A,0.262906309751,-6.722916603088379,-5.673755645751953,-6.464298248291016,-7.087306022644043,-6.067316055297852,-6.403118515014649
89.0,1LZ1,A,D102N,0.0717017208413,-4.8634138107299805,-7.462939739227295,-4.836016178131104,-4.581718444824219,-5.125154972076416,-5.373848628997803
90.0,1LZ1,A,P103G,0.0,-5.837718963623047,-6.736338138580322,-3.639497756958008,-6.642416000366211,-8.233335494995117,-6.217861270904541
91.0,1LZ1,A,G105A,0.621414913958,-6.422006607055664,-9.913519859313965,-9.248811721801758,-6.650865077972412,-10.01372241973877,-8.449785137176514
92.0,1LZ1,A,I106A,0.932122370937,-5.863749504089356,-5.516340255737305,-4.072474956512451,-6.2613630294799805,-7.641617298126221,-5.8711090087890625
93.0,1LZ1,A,I106V,0.717017208413,-3.9330263137817374,-4.626242160797119,-3.1746621131896973,-4.570246696472168,-5.2044525146484375,-4.301725959777832
94.0,1LZ1,A,V110Y,0.1434034416829999,-2.6573028564453125,-2.9774060249328613,-3.9528980255126953,-5.2770867347717285,-2.957420587539673,-3.564422845840454
95.0,1LZ1,A,V110R,-0.884321223709,-2.3435983657836914,-4.921306610107422,-2.3689870834350586,-3.558008909225464,-3.619127511978149,-3.362205696105957
96.0,1LZ1,A,V110P,-2.4,-4.642753601074219,-4.277195453643799,-5.587887763977051,-4.512146472930908,-5.229776859283447,-4.849952030181885
97.0,1LZ1,A,V110M,-0.525812619503,-4.087957382202148,-5.977800369262695,-4.748186111450195,-3.4677839279174805,-3.797804117202759,-4.415906381607056
98.0,1LZ1,A,V110L,-0.0717017208413,-3.7190539836883545,-4.696191787719727,-4.054413318634033,-1.713951587677002,-3.379632472991944,-3.5126486301422117
99.0,1LZ1,A,V110N,-0.0717017208413,-2.447388172149658,-4.405290603637695,-2.2990822792053223,-3.7428090572357178,-3.679516553878784,-3.3148173332214355
100.0,1LZ1,A,V110G,-0.478011472275,-3.075183868408203,-5.233431339263916,-3.596060276031494,-3.9254400730133057,-4.337544918060303,-4.0335320949554445
101.0,1LZ1,A,V110F,0.0478011472275,-4.162041664123535,-5.109807014465332,-5.844356536865234,-4.260147571563721,-3.608696222305298,-4.597009801864624
102.0,1LZ1,A,V110D,-0.167304015296,-4.011767387390137,-4.489560127258301,-3.940939903259277,-5.749969005584717,-4.080953121185303,-4.454637908935547
103.0,1LZ1,A,V110A,-0.525812619503,-1.9360206127166748,-3.498711109161377,-3.1727452278137207,-3.625286817550659,-3.503905773162842,-3.1473339080810545
104.0,1LZ1,A,V110I,-0.860420650096,-4.270047187805176,-4.673991680145264,-2.810316562652588,-3.375230312347412,-3.519855260848999,-3.7298882007598877
105.0,1LZ1,A,N118A,-0.19120458891,-6.096149921417236,-5.974238872528076,-3.609384298324585,-4.120849132537842,-6.289777755737305,-5.218079996109009
106.0,1LZ1,A,N118G,-0.0478011472275,-3.889440298080444,-2.0676770210266118,-1.584242820739746,0.2796311378479004,-0.7248525619506836,-1.597316312789917
107.0,1LZ1,A,D120N,0.0836520076482,-4.95750093460083,-5.542081832885742,-4.096153736114502,-3.1697864532470703,-3.5527539253234863,-4.263655376434326
108.0,1LZ1,A,V121A,1.43403441683,-4.964978218078613,-7.10015869140625,-5.554518222808838,-5.581747055053711,-6.262117385864258,-5.892703914642334
109.0,1LZ1,A,Y124F,0.358508604207,-4.526341438293457,-4.515921592712402,-5.553652286529541,-3.488464832305908,-5.225729942321777,-4.6620220184326175
110.0,1LZ1,A,V125A,1.31453154876,-5.202010631561279,-5.992156982421875,-6.413203716278076,-6.148229598999023,-5.3197407722473145,-5.815068340301513
111.0,1LZ1,A,G127A,0.5497131931170001,-2.9140899181365967,-6.725144386291504,-2.699946165084839,-7.065450668334961,-7.263941287994385,-5.333714485168457
112.0,1LZ1,A,G129A,-0.1434034416829999,-3.2659482955932617,-4.178397178649902,-2.33215856552124,-3.603682041168213,-4.668159484863281,-3.6096691131591796
113.0,1LZ1,A,V130A,0.8365200764820001,-3.5869808197021484,-3.330444574356079,-3.969943046569824,-3.2723562717437744,-3.792716264724731,-3.5904881954193115
0.0,2CI2,I,K3A,1.04,-5.506800174713135,-3.197973251342773,-4.78103494644165,-3.9907522201538086,-4.330826759338379,-4.361477470397949
1.0,2CI2,I,K3M,0.73,-6.927337646484375,-5.68602180480957,-6.341475009918213,-5.694817543029785,-6.18540096282959,-6.1670105934143065
2.0,2CI2,I,T4A,0.85,-3.5887093544006348,-4.756144046783447,-3.256819725036621,-3.712471008300781,-4.174492835998535,-3.897727394104004
3.0,2CI2,I,T4G,1.16,-3.764147996902466,-4.66596794128418,-3.517645359039306,-2.73811149597168,-3.1221301555633545,-3.561600589752197
4.0,2CI2,I,T4V,0.32,-5.460216522216797,-5.541357040405273,-4.379566192626953,-4.471857070922852,-5.3009467124938965,-5.030788707733154
5.0,2CI2,I,P7A,-3.4,-7.466271877288818,-8.184762001037598,-8.577598571777344,-9.716744422912598,-9.695061683654783,-8.72808771133423
6.0,2CI2,I,E8A,1.03,-5.7148213386535645,-6.220608234405518,-5.956676483154297,-6.5058207511901855,-8.604029655456543,-6.600391292572022
7.0,2CI2,I,E8Q,0.57,-5.531789779663086,-5.02790117263794,-5.800060272216797,-5.4549665451049805,-7.5477190017700195,-5.872487354278564
8.0,2CI2,I,L9A,1.91,-8.256505966186523,-10.369824409484863,-8.263128280639648,-8.284905433654785,-8.653914451599121,-8.765655708312988
9.0,2CI2,I,K12A,1.2,-7.837211608886719,-7.083922386169434,-7.757589340209961,-7.673724174499512,-6.594505310058594,-7.389390563964843
10.0,2CI2,I,S13A,1.02,-6.548203945159912,-6.295766830444336,-5.889596939086914,-6.668887138366699,-6.054295539855957,-6.291350078582764
11.0,2CI2,I,S13G,0.06,-5.533558368682861,-7.009695053100586,-5.796113967895508,-5.412022590637207,-5.141027450561523,-5.778483486175537
12.0,2CI2,I,E15D,0.77,-3.8107059001922607,-4.229804039001465,-4.865857124328613,-4.197580814361572,-3.716910123825073,-4.164171600341797
13.0,2CI2,I,E15N,0.28,-5.43339729309082,-6.646523475646973,-6.888312816619873,-6.29665470123291,-5.207586288452148,-6.094494915008545
14.0,2CI2,I,E15Q,0.4,-4.807331562042236,-6.7475433349609375,-6.506583213806152,-5.901558876037598,-5.708091735839844,-5.9342217445373535
15.0,2CI2,I,E16D,-0.36,-4.703427314758301,-5.305759906768799,-4.375977516174316,-5.002537727355957,-5.020303726196289,-4.881601238250733
16.0,2CI2,I,E16N,0.08,-7.197206020355225,-7.762617588043213,-7.166666030883789,-7.46981954574585,-7.346288681030273,-7.38851957321167
17.0,2CI2,I,E16Q,0.68,-5.401215553283691,-5.900444984436035,-5.220189094543457,-5.611604690551758,-5.411890983581543,-5.5090690612792965
18.0,2CI2,I,A17G,1.41,-7.877379417419434,-6.284900665283203,-8.664983749389648,-8.0597562789917,-7.771907806396484,-7.731785583496094
19.0,2CI2,I,K18A,1.13,-6.289717674255371,-6.868666648864746,-5.711057186126709,-7.31380558013916,-5.360567569732666,-6.308762931823731
20.0,2CI2,I,K18G,2.01,-7.46571159362793,-8.111629486083984,-7.239278793334961,-7.797833919525146,-6.496682167053223,-7.422227191925049
21.0,2CI2,I,K19A,0.99,-4.13419246673584,-3.654689073562622,-3.9564108848571777,-3.450145483016968,-3.5101380348205566,-3.741115188598633
22.0,2CI2,I,K19G,1.58,-6.563470840454102,-6.132989406585693,-7.239369869232178,-5.849671840667725,-5.767952919006348,-6.310690975189209
23.0,2CI2,I,V20A,0.03,-3.834120988845825,-4.722350597381592,-3.8087801933288574,-4.158587455749512,-4.078735828399658,-4.120515012741089
24.0,2CI2,I,I21L,1.96,-4.488947868347168,-6.24565315246582,-4.475436210632324,-6.38613748550415,-5.802188873291016,-5.4796727180480955
25.0,2CI2,I,I21V,1.0166666666700002,-3.877784252166748,-4.98958158493042,-4.146164894104004,-5.807836055755615,-5.664696216583252,-4.8972126007080075
26.0,2CI2,I,L22A,1.21,-3.9821701049804688,-5.004467487335205,-5.190889358520508,-4.2689208984375,-4.720273494720459,-4.633344268798828
27.0,2CI2,I,L22G,2.09,-5.7877044677734375,-6.665550231933594,-7.424564361572266,-6.931484699249268,-7.160775184631348,-6.794015789031983
28.0,2CI2,I,Q23G,0.92,-4.741125106811523,-5.34975528717041,-5.164980411529541,-5.228359699249268,-5.040919303894043,-5.105027961730957
29.0,2CI2,I,Q23A,0.54,-2.6003267765045166,-4.399272918701172,-2.756430387496948,-3.3481221199035645,-2.466085910797119,-3.114047622680664
30.0,2CI2,I,D24A,1.05,-4.073853492736816,-4.51291561126709,-3.141110420227051,-3.700258016586304,-4.929387092590332,-4.071504926681518
31.0,2CI2,I,K25A,1.245,-5.030219078063965,-7.012674808502197,-3.832186698913574,-5.234148025512695,-6.889527320861816,-5.59975118637085
32.0,2CI2,I,K25G,3.49,-6.927427768707275,-9.234893798828123,-7.9092183113098145,-9.202722549438477,-9.108013153076172,-8.476455116271973
33.0,2CI2,I,P26A,1.575,-6.198400497436523,-5.808566570281982,-6.833045959472656,-7.704916954040527,-6.957145690917969,-6.700415134429932
34.0,2CI2,I,E27A,0.675,-5.146687030792236,-3.6748337745666495,-6.049851894378662,-6.178048133850098,-5.163918495178223,-5.242667865753174
35.0,2CI2,I,I30A,3.4,-2.952970504760742,-2.599470615386963,-2.704599618911743,-1.817517161369324,-2.11289119720459,-2.4374898195266725
36.0,2CI2,I,I30V,0.75,-1.8759300708770752,-2.5431203842163086,-1.8894140720367432,-2.109001636505127,-2.3645782470703125,-2.1564088821411134
37.0,2CI2,I,I31V,-0.08,-2.6487512588500977,-3.5671706199646,-3.0217576026916504,-3.117305994033813,-3.606536388397217,-3.1923043727874756
38.0,2CI2,I,I31T,1.34,-2.5849814414978027,-4.059638023376465,-2.2590227127075195,-4.826613426208496,-4.702361106872559,-3.6865233421325683
39.0,2CI2,I,I31G,3.52,-3.445096969604492,-6.682616233825684,-3.8873424530029297,-7.328828811645508,-7.862355709075928,-5.841248035430908
40.0,2CI2,I,I31A,2.12,-3.002599239349365,-5.191295146942139,-2.7730631828308105,-5.320239543914795,-5.846663475036621,-4.426772117614746
41.0,2CI2,I,L33A,1.74,-3.333425998687744,-4.649288654327393,-4.819419860839844,-8.051762580871582,-6.547377109527588,-5.48025484085083
42.0,2CI2,I,L33I,1.01,-3.815156936645508,-5.500600337982178,-3.1016054153442383,-6.026582717895508,-3.865268707275391,-4.461842823028564
43.0,2CI2,I,L33V,1.02,-3.15090012550354,-4.608304023742676,-3.201324701309204,-6.01155424118042,-3.803455352783203,-4.155107688903809
44.0,2CI2,I,P34A,0.58,-5.239435195922852,-8.425423622131348,-5.4606709480285645,-6.125554084777832,-6.528164386749268,-6.355849647521973
45.0,2CI2,I,V35A,0.635,-1.932497501373291,-4.7107014656066895,-1.5194284915924072,-2.097520589828491,-1.6454429626464844,-2.3811182022094726
46.0,2CI2,I,V35G,2.43,-3.649703502655029,-7.113919258117676,-3.663115978240967,-3.5695481300354004,-2.8130788803100586,-4.161873149871826
47.0,2CI2,I,V35T,1.03,-3.5663886070251465,-5.463306427001953,-3.463890552520752,-3.407921314239502,-3.5252647399902344,-3.8853543281555174
48.0,2CI2,I,T37V,1.57,-5.180856227874756,-7.711020469665527,-5.211996555328369,-7.64459228515625,-7.037424087524414,-6.557177925109864
49.0,2CI2,I,T37A,1.42,-4.19010066986084,-5.884837627410889,-2.572305917739868,-4.497440338134766,-4.639070510864258,-4.356751012802124
50.0,2CI2,I,T37S,0.98,-3.361456871032715,-2.4157776832580566,-3.2037062644958496,-2.6438522338867188,-2.834383487701416,-2.8918353080749513
51.0,2CI2,I,I38A,1.28,-3.252640724182129,-3.015463352203369,-3.363436698913574,-2.663285255432129,-3.4073362350463867,-3.1404324531555177
52.0,2CI2,I,V39A,0.67,-6.6158318519592285,-6.235561847686768,-5.886430740356445,-5.350790977478027,-4.928216457366943,-5.803366374969483
53.0,2CI2,I,T40A,0.68,-8.538165092468262,-7.096890449523926,-6.912045478820801,-8.946793556213379,-9.975223541259766,-8.293823623657227
54.0,2CI2,I,T40D,0.04,-9.860407829284668,-6.370606422424316,-6.786405563354492,-8.883831024169922,-11.300731658935549,-8.64039649963379
55.0,2CI2,I,E42A,1.09,-7.342209339141846,-6.81873893737793,-8.416017532348633,-8.438337326049805,-9.18240737915039,-8.039542102813721
56.0,2CI2,I,R44A,1.02,-8.554143905639648,-7.649798393249512,-7.840208053588867,-7.897617816925049,-10.16913890838623,-8.422181415557862
57.0,2CI2,I,D46A,1.02,-8.478790283203125,-7.485414981842041,-9.076889038085938,-7.835125923156738,-7.807984352111816,-8.136840915679931
58.0,2CI2,I,V48A,4.97,-7.312894344329834,-9.418020248413086,-8.290472030639648,-7.754137992858887,-7.638909339904785,-8.082886791229248
59.0,2CI2,I,R49A,1.305,-6.742125988006592,-11.205204010009766,-7.607181072235107,-11.702567100524902,-12.44900894165039,-9.941217422485352
60.0,2CI2,I,L50A,3.56,-5.465005397796631,-5.678080081939697,-6.402399063110352,-6.486992835998535,-6.250235557556152,-6.056542587280274
61.0,2CI2,I,F51A,3.21,-4.794621467590332,-7.613652229309082,-4.622117042541504,-8.155572891235352,-8.49493408203125,-6.736179542541504
62.0,2CI2,I,F51L,1.92,-3.241501808166504,-5.043295860290527,-3.3623242378234863,-4.044736862182617,-7.130162715911865,-4.564404296875
63.0,2CI2,I,F51V,1.41,-2.955229997634888,-6.602696895599365,-3.434828281402588,-5.020898818969727,-8.3596773147583,-5.274666261672974
64.0,2CI2,I,V52A,1.13,-5.841098308563232,-7.953639984130859,-7.005976676940918,-6.896773338317871,-6.826029777526856,-6.904703617095947
65.0,2CI2,I,D53A,3.14,-10.368574142456056,-12.098236083984377,-11.419736862182615,-9.830639839172363,-9.855843544006348,-10.714606094360352
66.0,2CI2,I,K54N,1.21,-4.055211544036865,-5.454187870025635,-4.324738025665283,-3.8864047527313232,-3.436950445175171,-4.231498527526855
67.0,2CI2,I,N57D,1.51,-6.576464653015137,-6.558474540710449,-8.31765079498291,-6.907158851623535,-6.346965789794922,-6.94134292602539
68.0,2CI2,I,N57A,1.22,-5.825026988983154,-5.099000930786133,-7.263725757598877,-6.081159591674805,-4.903547286987305,-5.834492111206055
69.0,2CI2,I,I58A,4.09,-6.117388725280762,-6.342101573944092,-8.213472366333008,-7.113548278808594,-6.059980869293213,-6.769298362731933
70.0,2CI2,I,I58V,0.08,-1.7229223251342771,-0.5646757483482361,-2.5943470001220703,-1.6964077949523926,-0.8974899649620056,-1.4951685667037964
71.0,2CI2,I,A59G,1.88,-5.41033935546875,-4.943774223327637,-5.686002731323242,-5.508744239807129,-5.764522075653076,-5.462676525115967
72.0,2CI2,I,V61A,1.51,-4.436450004577637,-5.195871353149414,-3.954300880432129,-7.071951866149902,-4.151182651519775,-4.961951351165771
73.0,2CI2,I,V61G,3.24,-8.228638648986816,-8.607233047485352,-7.037075519561768,-9.887316703796388,-5.964494705200195,-7.944951725006104
74.0,2CI2,I,V61T,0.38,-3.697577953338623,-5.351086139678955,-5.234786987304688,-5.271640777587891,-2.873197555541992,-4.48565788269043
75.0,2CI2,I,P62A,3.5,-8.059286117553711,-8.617383003234863,-7.379420757293701,-8.126290321350098,-5.477134704589844,-7.5319029808044435
76.0,2CI2,I,V64G,3.5,-5.842861652374268,-7.192306518554688,-7.775023460388184,-8.292722702026367,-6.937766075134277,-7.208136081695557
77.0,2CI2,I,V64A,1.45,-5.801016807556152,-6.120502948760986,-6.511905670166016,-6.832277297973633,-4.2685627937316895,-5.906853103637696
78.0,2CI2,I,V64T,1.15,-5.149023532867432,-5.571944713592529,-5.433600902557373,-7.063620567321777,-2.4958009719848637,-5.142798137664795
0.0,2RN2,A,D10A,-3.3,-13.338006019592283,-15.637018203735352,-13.174867630004885,-13.299243927001951,-18.182113647460938,-14.726249885559081
1.0,2RN2,A,D10E,-1.04,-13.400751113891602,-12.40428638458252,-11.786905288696287,-14.483002662658691,-16.578718185424805,-13.730732727050782
2.0,2RN2,A,D10H,-1.405,-15.453741073608398,-14.388381958007812,-16.200525283813477,-14.66189193725586,-17.447229385375977,-15.630353927612305
3.0,2RN2,A,D10N,-0.61,-13.163018226623535,-11.91460418701172,-12.17405128479004,-13.244956970214844,-15.53127098083496,-13.20558032989502
4.0,2RN2,A,D10S,-1.685,-16.53615951538086,-16.10562515258789,-13.893142700195312,-15.309345245361328,-18.470354080200195,-16.062925338745117
5.0,2RN2,A,G23A,-0.6,-7.271819591522217,-8.141948699951172,-4.913185119628906,-8.127960205078125,-3.89151382446289,-6.469285488128662
6.0,2RN2,A,A24V,-0.805,-3.7758617401123047,-5.166203022003174,-4.534180641174316,-4.80309534072876,-4.115207672119141,-4.478909683227539
7.0,2RN2,A,R27A,2.2,-8.52259349822998,-11.122827529907228,-10.937009811401367,-10.891737937927246,-12.807140350341797,-10.856261825561523
8.0,2RN2,A,R41C,-0.28,-7.407762050628662,-7.137473106384277,-7.786288261413574,-7.502322196960449,-6.028816223144531,-7.172532367706299
9.0,2RN2,A,E48D,-0.005,-14.865991592407228,-14.51054573059082,-12.475485801696776,-13.34334945678711,-14.833890914916992,-14.005852699279785
10.0,2RN2,A,E48Q,-0.11,-16.161100387573242,-14.38614273071289,-14.338227272033691,-14.654129981994627,-13.617735862731934,-14.631467247009278
11.0,2RN2,A,E48A,0.17,-18.122018814086918,-12.283610343933104,-14.222952842712402,-12.108957290649414,-13.18217945098877,-13.983943748474122
12.0,2RN2,A,A52N,1.79,-13.449819564819336,-14.499664306640623,-11.903545379638672,-13.482574462890623,-13.34654140472412,-13.336429023742676
13.0,2RN2,A,A52Q,1.19,-14.671323776245115,-16.271469116210938,-12.795612335205078,-15.589027404785156,-14.233654022216797,-14.712217330932617
14.0,2RN2,A,A52L,-1.31,-11.801154136657717,-13.157096862792969,-8.366669654846191,-10.29865550994873,-13.187203407287598,-11.36215591430664
15.0,2RN2,A,A52I,-1.88,-10.178533554077148,-12.715500831604004,-6.883516311645508,-10.864299774169922,-11.781251907348633,-10.484620475769043
16.0,2RN2,A,A52H,3.59,-15.741548538208008,-18.313350677490234,-14.159435272216797,-16.890539169311523,-15.669848442077637,-16.15494441986084
17.0,2RN2,A,A52G,2.71,-7.87381649017334,-10.015166282653809,-8.553760528564453,-9.645190238952637,-8.549657821655273,-8.927518272399903
18.0,2RN2,A,A52F,0.46,-13.263154983520508,-15.039594650268556,-11.746603965759276,-14.506702423095703,-14.488380432128906,-13.80888729095459
19.0,2RN2,A,A52E,1.52,-14.034156799316406,-15.58834743499756,-11.816627502441406,-13.978311538696287,-13.922983169555664,-13.868085289001465
20.0,2RN2,A,A52D,1.85,-14.733351707458496,-15.262527465820312,-13.3818359375,-13.013672828674316,-14.202686309814451,-14.118814849853516
21.0,2RN2,A,A52C,-0.76,-8.046005249023438,-9.22344970703125,-5.747269630432129,-9.816780090332031,-9.12067985534668,-8.390836906433105
22.0,2RN2,A,A52S,1.76,-7.585509300231934,-8.719683647155762,-7.550829887390137,-9.34404182434082,-7.761571884155273,-8.192327308654786
23.0,2RN2,A,A52T,0.82,-5.7320475578308105,-9.03895378112793,-6.504795074462891,-7.913576126098633,-8.294326782226562,-7.496739864349365
24.0,2RN2,A,A52V,-1.685,-6.6801958084106445,-7.448313236236572,-2.587176322937012,-4.7051286697387695,-6.775121212005615,-5.639187049865723
25.0,2RN2,A,A52Y,2.31,-15.381672859191896,-18.434823989868164,-14.51719856262207,-17.59151840209961,-16.117511749267578,-16.408545112609865
26.0,2RN2,A,A52P,1.64,-7.656215667724609,-8.226603507995605,-2.0269041061401367,-8.6897554397583,-7.420377731323242,-6.803971290588379
27.0,2RN2,A,A52M,-0.49,-11.301172256469728,-12.903675079345703,-9.880001068115234,-11.717164039611816,-12.361027717590332,-11.632608032226562
28.0,2RN2,A,A52K,5.93,-16.4107666015625,-18.43233871459961,-14.18986701965332,-16.894954681396484,-16.209144592285156,-16.427414321899413
29.0,2RN2,A,I53V,0.2,-8.179960250854492,-8.033291816711426,-6.875798225402832,-6.882177829742432,-9.172124862670898,-7.828670597076416
30.0,2RN2,A,I53L,1.4,-9.968741416931152,-8.813486099243164,-9.734039306640623,-9.389594078063965,-10.109161376953123,-9.603004455566406
31.0,2RN2,A,I53F,3.9,-14.34274959564209,-14.123054504394531,-12.296944618225098,-11.904424667358398,-15.184880256652832,-13.57041072845459
32.0,2RN2,A,I53D,3.1,-18.354406356811523,-18.079742431640625,-15.888134002685549,-13.96528434753418,-19.641328811645508,-17.185779190063478
33.0,2RN2,A,I53A,2.1,-10.735433578491213,-12.537840843200684,-8.459320068359375,-9.927213668823242,-13.693742752075195,-11.070710182189941
34.0,2RN2,A,H62P,-0.74,1.905345439910889,1.8699944019317627,1.9569910764694212,2.3278613090515137,2.84769868850708,2.181578183174133
35.0,2RN2,A,H62A,-0.4373804971320001,-1.6878855228424072,-1.2582886219024658,-1.294661045074463,-0.2972502708435058,-1.0957424640655518,-1.1267655849456788
36.0,2RN2,A,H62D,-0.25,-4.357057571411133,-4.488853454589844,-4.31554651260376,-3.9178578853607178,-4.4871110916137695,-4.313285303115845
37.0,2RN2,A,H62R,-0.165,-2.4238946437835693,-1.381511926651001,-2.505384922027588,-2.11134934425354,-1.7458627223968506,-2.0336007118225097
38.0,2RN2,A,S68A,-0.19120458891,-4.960553169250488,-5.575679779052734,-4.564701557159424,-5.311108112335205,-6.806127548217773,-5.443634033203125
39.0,2RN2,A,S68G,2.19885277247,-8.918767929077148,-9.465919494628906,-7.928373336791992,-8.28533935546875,-9.679845809936523,-8.855649185180663
40.0,2RN2,A,S68L,1.00382409178,-6.886717796325684,-7.843892097473144,-6.384401798248291,-5.893752574920654,-5.515707492828369,-6.504894351959228
41.0,2RN2,A,S68T,-0.0956022944551,-1.3632264137268066,-1.1914992332458496,0.7558570504188538,0.4478021264076233,-0.9475388526916504,-0.4597210645675659
42.0,2RN2,A,S68V,-1.29063097514,-4.457754135131836,-5.213489055633545,-4.322811126708984,-3.5476765632629395,-4.1780781745910645,-4.3439618110656735
43.0,2RN2,A,D70N,-0.61,-13.005111694335938,-11.89101505279541,-13.109904289245604,-11.242165565490724,-14.485725402832031,-12.74678440093994
44.0,2RN2,A,D70E,-0.32,-11.507686614990234,-13.142840385437012,-12.467265129089355,-11.193193435668944,-14.138833999633787,-12.489963912963868
45.0,2RN2,A,D70A,-0.495,-17.233903884887695,-14.815265655517578,-15.436415672302246,-14.153486251831056,-15.730341911315918,-15.473882675170898
46.0,2RN2,A,V74I,-0.65,-7.372926712036133,-7.356035709381103,-7.635133743286133,-7.421468734741211,-9.509809494018556,-7.859074878692627
47.0,2RN2,A,V74L,-1.0,-5.853727340698242,-5.514127254486084,-6.946868419647217,-5.399386882781982,-9.11160659790039,-6.565143299102783
48.0,2RN2,A,V74A,2.8,-10.491155624389648,-11.209707260131836,-8.89989185333252,-10.93796730041504,-13.646106719970703,-11.03696575164795
49.0,2RN2,A,Q76L,-0.24,-7.025218963623047,-6.970712661743164,-8.634342193603516,-8.353811264038086,-10.020009994506836,-8.20081901550293
50.0,2RN2,A,G77A,0.9,-11.310620307922363,-9.897868156433104,-12.776053428649902,-10.655482292175291,-13.513174057006836,-11.6306396484375
51.0,2RN2,A,Q80L,-0.3,-7.239584922790527,-8.254735946655273,-5.732100009918213,-7.290873050689697,-8.61347770690918,-7.426154327392578
52.0,2RN2,A,H83A,-0.0366475462078,-4.243222236633301,-4.727229595184326,-6.794639587402344,-5.589350700378418,-6.588122844696045,-5.588512992858886
53.0,2RN2,A,K91R,-0.1,-4.8504486083984375,-3.358503818511963,-5.486409187316895,-4.15498685836792,-5.246500492095947,-4.619369792938232
54.0,2RN2,A,D94E,0.4,-4.501774311065674,-5.930263042449951,-5.35598611831665,-6.750980377197266,-5.633512496948242,-5.634503269195557
55.0,2RN2,A,K95A,-0.1,-10.982086181640623,-11.35150909423828,-10.387900352478027,-10.9298734664917,-10.064661026000977,-10.743206024169922
56.0,2RN2,A,K95N,-0.89,-8.19594955444336,-5.758115768432617,-7.267724514007568,-8.100940704345703,-5.488050937652588,-6.962156295776367
57.0,2RN2,A,K95G,-1.8,-8.250469207763672,-6.972018718719482,-7.884790420532227,-9.875197410583496,-6.784572124481201,-7.953409576416016
58.0,2RN2,A,Q105G,2.2,-11.583839416503906,-11.62708568572998,-12.04520034790039,-12.036890983581545,-9.88876724243164,-11.436356735229491
59.0,2RN2,A,Q113P,0.4,-3.776313543319702,-2.529369354248047,-3.344695568084717,-1.60180401802063,-3.525783061981201,-2.9555931091308594
60.0,2RN2,A,H114A,2.62906309751,-15.33932399749756,-13.129714965820312,-15.081950187683104,-13.779668807983398,-12.67691421508789,-14.001514434814453
61.0,2RN2,A,K117R,0.015,-3.140344619750977,-2.03419828414917,-2.23853063583374,-1.8900846242904663,-2.61087417602539,-2.3828064680099486
62.0,2RN2,A,E119V,-0.415,-2.775296211242676,-3.050482273101806,-2.907824754714966,-3.5274970531463623,-1.4677754640579224,-2.7457751512527464
63.0,2RN2,A,H124A,-0.231835564054,-16.44208526611328,-17.06171989440918,-18.12575340270996,-12.564443588256836,-12.024166107177734,-15.243633651733399
64.0,2RN2,A,A125T,-0.05,-7.215624332427978,-6.849042892456055,-8.849976539611816,-9.033516883850098,-7.793139457702637,-7.948260021209717
65.0,2RN2,A,H127A,0.376832377311,-11.186318397521973,-11.212411880493164,-12.899351119995115,-12.933664321899414,-11.624492645263672,-11.971247673034668
66.0,2RN2,A,D134A,-1.30001434034,-15.94516658782959,-15.66252613067627,-17.573354721069336,-14.573480606079102,-16.781356811523438,-16.107176971435546
67.0,2RN2,A,D134E,-0.7887189292550001,-11.105952262878418,-13.592000961303713,-16.724916458129883,-13.964642524719238,-14.878196716308594,-14.053141784667968
68.0,2RN2,A,D134I,-0.979923518165,-16.2550048828125,-16.920408248901367,-19.61030578613281,-17.087190628051758,-19.189516067504883,-17.812485122680663
69.0,2RN2,A,D134L,-1.32648183557,-16.769468307495117,-17.304094314575195,-19.994285583496094,-18.19939613342285,-19.567398071289062,-18.366928482055663
70.0,2RN2,A,D134N,-0.634679732313,-12.412872314453123,-11.512981414794922,-8.574981689453125,-11.432523727416992,-12.959258079528809,-11.378523445129394
71.0,2RN2,A,D134Q,-0.8962715105169999,-16.74851417541504,-17.329130172729492,-19.33735466003418,-16.76092529296875,-19.9061279296875,-18.016410446166994
72.0,2RN2,A,D134S,-0.6692160611860001,-16.741708755493164,-15.782294273376465,-16.77873420715332,-16.275346755981445,-16.398563385009766,-16.395329475402832
73.0,2RN2,A,D134T,-0.5975143403450001,-16.553354263305664,-17.680858612060547,-18.43668937683105,-17.54187774658203,-18.74283790588379,-17.791123580932616
74.0,2RN2,A,D134V,-0.7170172084149999,-13.831000328063965,-16.026142120361328,-18.89143180847168,-14.991440773010254,-17.759756088256836,-16.299954223632813
75.0,2RN2,A,D134H,-1.2154397705600002,-13.507097244262695,-14.553740501403809,-17.615283966064453,-14.16301441192627,-14.855398178100586,-14.938906860351562
76.0,2RN2,A,E135K,0.66,-7.138644695281982,-9.080373764038086,-7.800014495849609,-9.48047161102295,-8.275675773620605,-8.355036067962647
