mutant,Rcmutant_RC_NL43,mutation_effect_prediction_vae_ensemble,mutation_effect_prediction_vae_1,mutation_effect_prediction_vae_2,mutation_effect_prediction_vae_3,mutation_effect_prediction_vae_4,mutation_effect_prediction_vae_5,mutation_effect_prediction_pairwise,mutation_effect_prediction_independent
G269E,0.0,-7.93948558617,-8.13063591385,-7.88857249022,-8.16193050098,-7.466219174860001,-8.05006985092,-7.672240799730001,-6.81544466311
T186I:G269E,0.0,-14.8366340441,-16.9103590584,-13.5616740727,-14.1996252527,-14.8785977683,-14.6329140682,-13.8635674699,-12.2252899304
D295E,0.94,-5.535053638169999,-5.6512694397,-5.26019677591,-6.041473776819999,-5.58474642467,-5.13758177376,-5.56062617015,-4.56130391516
T186I:D295E,0.0,-12.451644462,-14.6806577444,-11.1343264947,-12.1751423149,-12.8042714944,-11.4638242617,-11.73773375,-9.97114918244
P181R,0.0,-11.4299347147,-11.128014143,-11.1050364823,-11.3896056147,-11.8097340741,-11.7172832594,-8.52929776731,-8.51934494523
S310T,0.9,-1.90027138157,-1.83455980778,-2.1338911643,-1.89032150698,-1.62473973274,-2.01784469604,-1.88200496326,0.583620291651
P181R:S310T,0.0,-13.29025707,-12.8104720869,-13.3074168019,-13.2734596691,-13.4691325307,-13.5908042612,-10.3012966596,-7.93572465358
Q182S,0.97,-4.95793949661,-5.18822807884,-4.65271123075,-4.751060334680001,-4.98484355593,-5.21285428286,-5.04875384598,-3.52780353746
M198V,0.0,-7.23302702465,-7.607882846830001,-6.88410117006,-7.16660084724,-7.299896979810001,-7.206653279299999,-6.733434011930001,-6.679564569659999
Q182S:M198V,0.0,-12.2046196642,-12.7434528036,-11.6243060861,-11.8852269592,-12.3414840751,-12.428628397,-11.6584761667,-10.2073681071
A179G,0.8,-7.65675854607,-7.57661254978,-7.727752326489999,-7.246355775830001,-7.64900147486,-8.08407060337,-6.8031132465,-6.306343849349999
R229K,0.75,-7.089876126960001,-6.971500711439999,-7.30572697592,-6.884784355160001,-6.8953985939,-7.39196999836,-6.20825192967,-5.95912591847
A179G:R229K,0.0,-14.2963970568,-14.429527463,-14.7624688592,-13.279091198,-14.2576527343,-14.7532450294,-13.0008183661,-12.2654697678
A174G,0.0,-9.07962020473,-10.1435263014,-8.098246697899999,-8.49657820129,-8.910123137000001,-9.749626686100001,-7.49968430965,-7.58295698822
L243P,0.36,-5.876066874119999,-5.985881947519999,-6.26005852365,-5.44213844109,-5.86235949898,-5.829895959380001,-7.317413387469999,-2.1213292828
A174G:L243P,0.0,-14.9970694544,-16.3516833868,-14.5551072097,-13.9790837355,-14.7025838704,-15.3968890696,-14.7303051785,-9.70428627103
V168I,0.82,-5.045968784619999,-5.23159704399,-5.00429331636,-4.64103500986,-4.65287554884,-5.70004300404,-5.35532598171,-2.88878777063
N315G,0.86,-5.616027301880001,-5.448418830870001,-5.95623273516,-5.69388539982,-5.54170825243,-5.439891291139999,-3.57539872992,-1.91962912257
V168I:N315G,0.36,-10.3519171646,-10.371747982,-10.4855382314,-10.1300147133,-10.0706439452,-10.7016409512,-9.024509558,-4.8084168932
K331R,0.96,-3.08975399446,-3.04933656311,-2.9981192379,-3.05897416353,-3.29204458523,-3.05029542255,-3.39008198804,-3.37589062901
T186I:K331R,0.0,-9.91101347961,-11.6449895859,-8.79967944479,-9.14475339222,-10.7323968549,-9.23324812031,-9.5646898813,-8.78573589629
K302R,0.85,-3.37707577295,-3.43937178993,-3.38883009958,-3.3057572751,-3.38528260851,-3.36613709164,-3.34398157929,-3.79567825518
K302R:N315G,0.45,-9.00660026531,-8.94337472916,-9.45262496233,-8.98907521248,-8.95510126638,-8.69282515621,-7.20423526704,-5.71530737776
N315G:K331R,0.86,-8.708346768,-8.44639894485,-9.087823499199999,-8.766991940499999,-8.804559052939998,-8.43596040249,-7.59505059117,-5.295519751580001
T190I,0.39,-9.27689324627,-9.7896308403,-7.897263174530001,-10.3554911451,-9.053632271289999,-9.28844880009,-6.07023743571,-0.792609681715
T190I:K302R,0.56,-12.5807733282,-12.9966714849,-11.2450600343,-13.4702857265,-12.5565918612,-12.635257534,-9.621186382789999,-4.5882879369
H219Q,0.99,-1.7316451683,-1.94563329458,-1.54634571028,-1.64160775185,-1.61596221399,-1.90867687082,-1.39807921599,-0.980830540593
T242N,0.91,-2.23965737438,-2.19495359278,-2.52246994066,-2.14493477678,-2.12777675486,-2.20815180683,-2.84516671706,-1.68388883177
H219Q:T242N,0.99,-3.85486314144,-4.18236359692,-3.86216892958,-3.62724959183,-3.7020551095,-3.90047847939,-3.91777734815,-2.66471937237
A146P,0.99,-0.733517578125,-0.7555328850749999,-0.772863804817,-0.683330883503,-0.7780943617820001,-0.677765955448,-1.13060835109,-0.244908594397
I147L,0.95,-1.13564752731,-1.12029370642,-1.25990718555,-1.10023904705,-1.1391902976,-1.05860739994,-0.563795817492,-0.0407668244609
A146P:I147L,1.0,-1.7471706768,-1.6045323844,-1.82320969057,-1.72475227261,-1.89045486736,-1.69290416908,-1.29201932118,-0.285675418858
A326S,0.64,-1.64570428038,-1.78459786034,-1.43109864426,-1.69608837509,-1.61258604574,-1.70415047646,-1.30189999806,-3.13234463077
S310T:A326S,1.04,-3.52346744347,-3.47484257555,-3.63011382055,-3.539239885330001,-3.33327681589,-3.63986412001,-3.78535601554,-2.54872433912
S173T,0.88,-1.98460036278,-2.09384472561,-1.70665297461,-1.96342980146,-2.13512530136,-2.02394901085,-2.69721059586,-0.239876159647
S173T:R286K,0.94,-2.39197071695,-2.5272271595,-2.08618481302,-2.23528885221,-2.60377556372,-2.50737719631,-4.19258062351,-0.149737393504
S173T:R286K:I147L,1.0,-3.323012450309999,-3.38597929335,-3.38267148447,-2.88643408489,-3.5588414402,-3.40113594866,-3.71300420481,-0.190504217964
