mutant,mt_pdb,ddG,ph,Change melting temp,effect,source,pos,wt,mut,wt_pdb,mutant_chain,pe_wt,pe_mt,log_proba_wt,log_proba_mt,log_proba_mt__minus__log_proba_wt
G77A,1L23,0.4,6.5,,Neutral,[64],77,G,A,2LZM,A,11.817411,9.764112,-0.0019715706740599218,-0.0967367660263395,-0.09476519535227958
A82P,1L24,0.8,6.5,,Neutral,[64],82,A,P,2LZM,A,4.4283056,13.478811,-0.43299066143635345,-0.00165683271432287,0.4313338287220306
A93T,129L,,5.4,0.13,Neutral,[65],93,A,T,2LZM,A,5.063081,3.0762572,-0.4995461866443054,-0.9399900608815317,-0.4404438742372263
T151S,130L,,5.4,0.93,Neutral,[65],151,T,S,2LZM,A,5.48961,6.958023,-0.30501105745328366,-0.31239021070611234,-0.007379153252828674
T26S,131L,,5.4,1.35,Neutral,[65],26,T,S,2LZM,A,1.8044227,5.308242,-2.2624890516238283,-0.45220731532985425,1.810281736293974
V149M,1CV6,-2.8,5.4,,Destabilizing,[66],149,V,M,2LZM,A,8.338419,-0.098770894,-0.11457388276218969,-4.16743893624661,-4.05286505348442
V87M,1CU3,-2.3,5.4,,Destabilizing,[66],87,V,M,2LZM,A,8.677447,1.3012006,-0.0182040056179447,-5.191948170838044,-5.173744165220099
S38N,1L61,0.6,5.7 -5.9,,Neutral,[67],38,S,N,2LZM,A,4.3455667,5.6122313,-0.6415942434976363,-0.4985118536559764,0.14308238984165988
T109N,1L59,0.1,5.7 -5.9,,Neutral,[67],109,T,N,2LZM,A,3.1059039,2.0834143,-1.0034227697656313,-2.0315409746860773,-1.028118204920446
T109D,1L62,0.6,5.7 -5.9,,Neutral,[67],109,T,D,2LZM,A,3.1059039,8.681642,-1.0034227697656313,-1.0033700241642813,5.2745601349935e-05
N116D,1L57,0.6,5.7 -5.9,,Neutral,[67],116,N,D,2LZM,A,4.711866,9.07358,-0.13815506516902787,-0.23058610607306232,-0.09243104090403445
D92N,1L55,-1.4,5.7 -5.9,,Destabilizing,[67],92,D,N,2LZM,A,12.64857,8.3547,-0.0031757110145225914,-0.00711219193480161,-0.003936480920279019
S38D,1L19,,5,2.2,Neutral,[68],38,S,D,2LZM,A,4.3455667,13.19019,-0.6415942434976363,-0.000973789935226944,0.6406204535624094
N144D,1L20,,5,2.0,Neutral,[68],144,N,D,2LZM,A,3.9882615,9.564372,-0.3036830861968355,-0.08945655915267492,0.21422652704416056
M106I,1P46,0.2,5,,Neutral,[69],106,M,I,2LZM,A,4.9062147,5.9377327,-0.9525498459351336,-0.23778729723383668,0.714762548701297
M120Y,1P6Y,-0.1,5,,Neutral,[69],120,M,Y,2LZM,A,1.4673622,5.376121,-3.956896996932622,-0.6921612937054812,3.264735703227141
V149I,1G0Q,-0.1,5.4,,Neutral,[70],149,V,I,2LZM,A,8.338419,5.8750844,-0.11457388276218969,-0.12651860996390002,-0.011944727201710331
T152V,1G0L,0.2,5.4,,Neutral,[70],152,T,V,2LZM,A,2.8182216,7.325465,-2.187208121485707,-0.1537571924921782,2.0334509289935285
V149S,1G06,-4.4,5.4,,Destabilizing,[70],149,V,S,2LZM,A,8.338419,-1.7753721,-0.11457388276218969,-7.51544280311796,-7.40086892035577
V149C,1G07,-2.0,5.4,,Destabilizing,[70],149,V,C,2LZM,A,8.338419,-0.16414264,-0.11457388276218969,-5.676553074379977,-5.561979191617787
V149G,1G0P,-4.9,5.4,,Destabilizing,[70],149,V,G,2LZM,A,8.338419,3.3076463,-0.11457388276218969,-0.790563215471961,-0.6759893327097712
E108V,1QUG,0.7,5.4,,Neutral,[71],108,E,V,2LZM,A,8.361952,6.9699416,-0.11745394248010899,-0.14762351905073087,-0.030169576570621887
L99G,1QUD,-6.3,5.4,,Destabilizing,[71],99,L,G,2LZM,A,9.914563,8.1132345,-0.0016634648306165496,-0.6964578593917333,-0.6947943945611168
S117F,1TLA,1.1,5.4,,Neutral,[72],117,S,F,2LZM,A,6.6888785,6.237832,-0.9535202349841094,-0.21655374483394144,0.736966490150168
M106L,234L,0.5,3,,Neutral,[73],106,M,L,2LZM,A,4.9062147,8.171143,-0.9525498459351336,-0.01238348615172273,0.9401663597834109
M120L,233L,0.5,3,,Neutral,[73],120,M,L,2LZM,A,1.4673622,6.53333,-3.956896996932622,-0.12310859555756012,3.8337884013750623
M106K,231L,-3.4,3,,Destabilizing,[73],106,M,K,2LZM,A,4.9062147,5.057535,-0.9525498459351336,-2.4005395141790915,-1.447989668243958
M120K,232L,-1.6,3,,Destabilizing,[73],120,M,K,2LZM,A,1.4673622,7.8146157,-3.956896996932622,-0.28970065986958543,3.6671963370630367
I3V,1L17,-0.4,6.5,,Neutral,[74],3,I,V,2LZM,A,7.9409294,8.383139,-0.19969900878308455,-0.40436777343431574,-0.20466876465123118
I3Y,1L18,-2.3,6.5,,Destabilizing,[74],3,I,Y,2LZM,A,7.9409294,5.8265233,-0.19969900878308455,-0.8516203540823338,-0.6519213452992493
M102K,1L54,-6.9,5.3,,Destabilizing,[75],102,M,K,2LZM,A,7.864106,3.0387883,-0.10588816951536405,-1.5024895256929536,-1.3966013561775896
T157I,1L10,-1.2,6,,Destabilizing,[76],157,T,I,2LZM,A,7.085444,2.4998798,-0.06974922631937103,-1.4697369102834674,-1.3999876839640963
G156D,1L16,-2.3,6.5,,Destabilizing,[77],156,G,D,2LZM,A,13.704483,11.790754,-0.00017059618038968726,-0.024072116235149044,-0.023901520054759356
R96H,1L34,,,,Destabilizing,[78],96,R,H,2LZM,A,10.14462,4.155932,-0.3207427313874435,-4.495714999093753,-4.17497226770631
I3P,1L97,,,,Destabilizing,[79],3,I,P,2LZM,A,7.9409294,11.314668,-0.19969900878308455,-0.06240434199962889,0.13729466678345567
R96N,3CDT,-3.0,5.35,,Destabilizing,[80],96,R,N,2LZM,A,10.14462,6.219844,-0.3207427313874435,-0.16941864395725562,0.1513240874301879
R96D,3C8Q,-3.5,5.35,,Destabilizing,[80],96,R,D,2LZM,A,10.14462,8.099317,-0.3207427313874435,-0.42806678778249,-0.1073240563950465
R96W,3FI5,-4.5,5.35,,Destabilizing,[80],96,R,W,2LZM,A,10.14462,-0.80729663,-0.3207427313874435,-5.806482199670225,-5.485739468282782
R96Y,3C80,-4.7,5.35,,Destabilizing,[80],96,R,Y,2LZM,A,10.14462,-1.7654734,-0.3207427313874435,-4.33425066846048,-4.013507937073037
M102L,1L77,-2.11,5.7,,Destabilizing,[81],102,M,L,2LZM,A,7.864106,7.7251816,-0.10588816951536405,-0.15017645464433907,-0.04428828512897502
