pdb,mutation,ddg,dsmbind_pred
1MI5_ABC_DE,SD25A,-0.0757207139381183,33.8330078125
1MI5_ABC_DE,TD26A,-0.1938200260161128,65.6083984375
1MI5_ABC_DE,SD28A,0.0293837776852096,44.17919921875
1MI5_ABC_DE,TD30A,-0.431798275933005,63.7724609375
1MI5_ABC_DE,YD31A,-0.3279021420642826,444.71533203125
1MI5_ABC_DE,HD48A,-0.8239087409443188,200.171875
1MI5_ABC_DE,TD51A,0.4099331233312945,6.06982421875
1MI5_ABC_DE,SD52A,-0.3565473235138126,-1.95166015625
1MI5_ABC_DE,ND54A,0.0128372247051722,16.611328125
1MI5_ABC_DE,AD95G,-0.4436974992327127,-4.9443359375
1MI5_ABC_DE,GD96A,-0.5528419686577808,-10.00830078125
1MI5_ABC_DE,TD98A,-0.6989700043360187,0.05517578125
1MI5_ABC_DE,SD99A,-0.6020599913279624,16.6328125
1MI5_ABC_DE,SE27A,-0.0222763947111522,20.1376953125
1MI5_ABC_DE,GE28A,0.2121876044039577,-12.1904296875
1MI5_ABC_DE,VE30A,-0.2146701649892329,55.3798828125
1MI5_ABC_DE,SE31A,-0.769551078621726,40.15625
1MI5_ABC_DE,QE50A,0.0530784434834196,174.22705078125
1MI5_ABC_DE,NE51A,0.3180633349627615,141.533203125
1MI5_ABC_DE,EE52A,-0.6020599913279624,18.4306640625
1MI5_ABC_DE,SE94A,-0.2218487496163564,-5.78125
1MI5_ABC_DE,SE95A,0.4487063199050799,60.2392578125
1MI5_ABC_DE,LE96A,-0.0861861476162833,148.6796875
1MI5_ABC_DE,EE105A,-0.0861861476162833,50.08984375
1MI5_ABC_DE,YE107A,-0.1938200260161128,30.548828125
2VLJ_ABC_DE,SD31A,-0.4559319556497244,24.587890625
2VLJ_ABC_DE,SD32A,-0.769551078621726,55.18798828125
2VLJ_ABC_DE,QD34A,-0.721246399047171,36.26611328125
2VLJ_ABC_DE,DE32A,-1.154901959985743,83.61083984375
2VLJ_ABC_DE,IE53V,-0.1487416512809247,6.22314453125
2VLJ_ABC_DE,IE53L,-1.0457574905606752,-2.2841796875
2VLJ_ABC_DE,NE55A,-0.8239087409443188,39.44091796875
2VLJ_ABC_DE,NE55D,-0.3665315444204134,37.1318359375
2VLJ_ABC_DE,DE56A,-0.0969100130080563,59.80810546875
2VLJ_ABC_DE,QE58A,-0.3665315444204134,118.14501953125
2VLJ_ABC_DE,QE58E,0.0,-26.6123046875
2VLJ_ABC_DE,SE99A,0.0253058652647702,351.84423828125
2VLJ_ABC_DE,YE101A,-0.1674910872937636,154.32568359375
2VLJ_ABC_DE,YE101F,-0.3665315444204134,45.76025390625
1AO7_ABC_DE,DD26M,-0.1549019599857432,-38.1083984375
1AO7_ABC_DE,DD26V,-1.0,-0.3076171875
1AO7_ABC_DE,DD26W,0.7923916894982539,-214.0048828125
1AO7_ABC_DE,RD27F,0.146128035678238,-7.2568359375
1AO7_ABC_DE,GD28A,-0.3979400086720376,5.33544921875
1AO7_ABC_DE,GD28I,0.2041199826559248,-105.244140625
1AO7_ABC_DE,GD28L,0.3424226808222063,-132.951171875
1AO7_ABC_DE,GD28M,0.380211241711606,-169.2265625
1AO7_ABC_DE,GD28R,-1.6989700043360187,-354.8408203125
1AO7_ABC_DE,GD28T,0.5563025007672873,-54.88232421875
1AO7_ABC_DE,GD28V,-0.3979400086720376,-80.99609375
1AO7_ABC_DE,SD29A,-0.2218487496163564,47.5908203125
1AO7_ABC_DE,QD30N,-0.5228787452803376,47.4501953125
1AO7_ABC_DE,QD30E,-0.3010299956639812,-55.7998046875
1AO7_ABC_DE,SD51M,0.2787536009528289,-88.30810546875
1AO7_ABC_DE,KD68H,-0.6989700043360187,27.2294921875
1AO7_ABC_DE,SD100A,0.0,53.6103515625
1AO7_ABC_DE,SD100N,-1.3979400086720375,-54.3837890625
1AO7_ABC_DE,SD100T,0.3617278360175928,16.9345703125
1AO7_ABC_DE,SD100Y,-1.6989700043360187,-268.36474609375
1AO7_ABC_DE,IE54R,-1.0,-91.279296875
1AO7_ABC_DE,AE99M,0.2304489213782739,-80.2392578125
1AO7_ABC_DE,AE99K,-0.0457574905606751,-62.2197265625
1AO7_ABC_DE,GE100S,0.2304489213782739,-24.92578125
1AO7_ABC_DE,GE101A,0.7993405494535817,-22.02392578125
1AO7_ABC_DE,RE102Q,-0.3010299956639812,138.21875
3GSN_ABC_DE,PC4G,-0.3979400086720376,74.103515625
3GSN_ABC_DE,PC4A,-0.3098039199714863,77.05908203125
3GSN_ABC_DE,MC5V,-0.3372421683184259,99.505859375
3GSN_ABC_DE,MC5T,-0.3187587626244128,146.92919921875
3GSN_ABC_DE,MC5Q,-0.3187587626244128,-17.58935546875
3GSN_ABC_DE,TC8S,-0.1870866433571444,7.15087890625
3MV7_ABC_DE,GC4A,-0.3372421683184259,15.84375
3MV7_ABC_DE,EC5D,-1.9208187539523751,30.18701171875
3MV7_ABC_DE,EC5Q,-1.3767507096020994,31.529296875
3MV7_ABC_DE,QE55A,-0.4202164033831898,262.126953125
3MV7_ABC_DE,QE|C55A|G4A,-0.744727494896694,166.35302734375
3MV7_ABC_DE,QE|C55A|E5D,-1.9208187539523751,179.36962890625
3MV7_ABC_DE,QE|C55A|E5Q,-1.6575773191777938,181.2451171875
3MV7_ABC_DE,QE55H,-1.2006594505464183,96.80859375
3MV7_ABC_DE,QE|C55H|G4A,-1.5228787452803376,50.80859375
3O6F_ABC_DE,TD29A,1.0755469613925308,30.4375
3O6F_ABC_DE,KD96A,-0.0809219076239261,152.263671875
3O6F_ABC_DE,EE50A,-0.0809219076239261,95.9755859375
3O6F_ABC_DE,TE55A,-0.1307682802690238,40.2177734375
1AO7_ABC_DE,VC7R,-0.8860566476931632,-101.14794921875
2ESV_ABC_DE,RA107G,0.0334237554869497,-31.126953125
3DXA_ABC_DE,YA116D,-1.3187587626244128,-12.9189453125
3DXA_ABC_DE,YA|A116D|D156L,-1.494850021680094,45.189453125
1AO7_ABC_DE,AA150P,-0.744727494896694,-15.806640625
3H9S_ABC_DE,AA150P,0.8802417758954804,8.0322265625
3KPR_ABC_DE,YA116D,0.0718820073061253,-10.4677734375
3KPS_ABC_DE,YA116D,-0.585026652029182,-10.37158203125
1MI5_ABC_DE,QA65A,0.0293837776852096,154.951171875
1MI5_ABC_DE,QA155A,-0.2596373105057561,175.318359375
2AK4_ABC_DE,QA65A,0.1139433523068367,82.7041015625
2AK4_ABC_DE,TA69A,0.1038037209559568,-69.8515625
2AK4_ABC_DE,QA155A,-0.6575773191777937,94.96923828125
2AK4_ABC_DE,QA|A|A65A|T69A|Q155A,-0.3872161432802645,344.482421875
3O4L_ABC_DE,CC3A,-0.6777807052660807,28.17138671875
3O4L_ABC_DE,TC4A,-1.7958800173440752,58.5732421875
3O4L_ABC_DE,LC5A,-1.2218487496163564,100.14892578125
3O4L_ABC_DE,VC6A,-1.0969100130080565,90.830078125
3O4L_ABC_DE,MC8A,-0.619788758288394,109.2314453125
3PL6_ABC_DE,YE48A,-0.0409586076789063,257.05517578125
3PL6_ABC_DE,QE50A,-0.8860566476931632,149.939453125
3PL6_ABC_DE,TE52A,-0.1426675035687315,15.0380859375
3PL6_ABC_DE,DE56A,-0.3372421683184259,126.44921875
3PL6_ABC_DE,LE97A,-0.8860566476931632,63.185546875
3PL6_ABC_DE,ND97A,-0.4202164033831898,66.4609375
3PL6_ABC_DE,ND|D31A|S52A,0.0170333392987803,113.87451171875
3PWP_ABC_DE,GC2L,0.4653828514484183,-46.2802734375
3PWP_ABC_DE,GC|C2L|I9V,0.2833012287035495,-49.7333984375
1AO7_ABC_DE,YC5F,-0.1249387366082999,122.076171875
3HG1_ABC_DE,DD|D|D|D|D|D|D|D|D|D|E|E|E|E|E|E|E|E|E27F|R28L|I50T|S52R|N53E|Y71H|V93D|A94G|K96R|S97L|L44P|S50W|V51G|G52P|I53F|T100M|E102G|L103W|F104Q,4.028042295090749,-778.4521484375
4JFF_ABC_DE,EC1A,-1.337242168318426,168.5966796875
4JFF_ABC_DE,GC4A,-0.744727494896694,22.8046875
4JFF_ABC_DE,GC6A,-0.8068754016455384,34.603515625
4JFF_ABC_DE,IC7A,-0.6777807052660807,219.5888671875
4JFF_ABC_DE,LC8A,-0.5228787452803376,77.4521484375
4JFF_ABC_DE,TC9A,-0.769551078621726,13.2509765625
2BNR_ABC_DE,TD|D|E|E95Q|S96T|N97A|T98A,0.0,38.279296875
2BNR_ABC_DE,TD|D|E|E|E95Q|S96T|N97A|T98A|G50A,0.6655809910179531,86.08935546875
2BNR_ABC_DE,TD|D|E|E95Q|S96T|N97L|T98A,0.900913067737669,-44.7978515625
2BNR_ABC_DE,TD|D|E|E|E|E95Q|S96T|N97A|T98A|G50A|A51E,1.0492180226701815,73.4404296875
2BNR_ABC_DE,TD|D|E|E|E|E95Q|S96T|N97L|T98A|G50A|A51E,1.3714373174041008,-13.060546875
2BNR_ABC_DE,TD|D|E|E|E|E|D95Q|S96T|N97A|T98A|G50A|A51E|S53W,1.7283537820212285,-122.4072265625
2BNR_ABC_DE,TD|D|E|E|E|E|D95Q|S96T|N97L|T98A|G50A|A51E|S53W,2.184293855248955,-209.787109375
2BNR_ABC_DE,TD|D|E|E|E|E|E|E95Q|S96T|N97A|T98A|G50A|A51I|G52Q|I53T,3.1543235289990577,111.16015625
2AK4_ABC_DE,TD29A,0.093421685162235,-30.576171875
2AK4_ABC_DE,YD31A,-0.0705810742857072,117.638671875
2AK4_ABC_DE,NE28A,-0.1549019599857432,11.55908203125
2AK4_ABC_DE,NE30A,-0.6020599913279624,41.7431640625
2AK4_ABC_DE,SE51A,0.2304489213782739,-53.734375
2AK4_ABC_DE,NE66A,0.0293837776852096,-52.72802734375
2AK4_ABC_DE,LE98A,-0.619788758288394,-12.41748046875
2AK4_ABC_DE,EE101A,-0.0362121726544447,-78.44091796875
2AK4_ABC_DE,QA72A,-0.1739251972991735,-26.62451171875
2AK4_ABC_DE,RA151A,-1.0,50.470703125
2AK4_ABC_DE,EA154A,-0.1739251972991735,106.36376953125
2AK4_ABC_DE,AA158G,-0.638272163982407,-61.373046875
2AK4_ABC_DE,EA161A,-0.3372421683184259,49.3154296875
2AK4_ABC_DE,LA163A,-0.1023729087095585,40.48291015625
2AK4_ABC_DE,PC4A,-0.7958800173440752,-49.982421875
2AK4_ABC_DE,QC9A,-0.0506099933550872,25.3076171875
2AK4_ABC_DE,LC10A,-0.3767507096020995,-74.7763671875
3UTT_ABC_DE,LC2Q,0.5065050324048721,36.4921875
3HG1_ABC_DE,LC2A,0.0,87.0859375
1AO7_ABC_DE,GE|E|E100S|G101A|R102E,2.532027824797876,78.626953125
1AO7_ABC_DE,AE|E|E|E99M|G100S|G101A|R102E,2.861695673226358,0.53271484375
1AO7_ABC_DE,AE|E|E99M|G100S|G101A,2.6020599913279625,-117.34716796875
1AO7_ABC_DE,AE|E|E|E99M|G100S|G101A|R102Q,2.903089986991944,-211.46875
1AO7_ABC_DE,RA65A,-1.958607314841775,332.98974609375
1AO7_ABC_DE,KA66A,-1.3098039199714864,63.525390625
1AO7_ABC_DE,AA69G,-1.0222763947111522,14.4423828125
1AO7_ABC_DE,TA163A,-0.5376020021010439,103.4521484375
1AO7_ABC_DE,EA166A,-0.638272163982407,120.404296875
1AO7_ABC_DE,WA167A,-0.8860566476931632,285.7734375
1AO7_ABC_DE,GD|D28I|S100A,0.2810333672477275,-47.0087890625
1AO7_ABC_DE,GD|D28I|S100T,0.658964842664435,-84.83154296875
1AO7_ABC_DE,GD|D28L|S100A,0.3729120029701065,-73.306640625
1AO7_ABC_DE,GD|D28L|S100T,0.7543483357110189,-110.9130859375
1AO7_ABC_DE,GD|D28M|S100A,0.5899496013257077,-109.3642578125
1AO7_ABC_DE,GD|D28M|S100T,1.2808059283936668,-146.83740234375
1AO7_ABC_DE,GD|D|D28M|S51M|S100T,1.5588285248170115,-228.98974609375
1AO7_ABC_DE,GD|D|D28T|S51M|S100T,1.1760912590556811,-116.5029296875
1AO7_ABC_DE,RD|D|D|D27F|G28M|S51M|S100T,1.3222192947339193,-263.98828125
1AO7_ABC_DE,RD|D|D|D27F|G28T|S51M|S100T,1.1760912590556811,-135.5615234375
1AO7_ABC_DE,DD|D|D|D26W|R27F|S51M|S100T,2.0,-263.3173828125
1AO7_ABC_DE,DD|D|D|D26W|G28M|S51M|S100T,0.7909884750888159,-458.1416015625
1AO7_ABC_DE,DD|D|D|D26W|G28T|S51M|S100T,0.9074113607745862,-340.3037109375
1AO7_ABC_DE,DD|D|D|D|D26W|R27F|G28T|S51M|S100T,0.9420080530223132,-324.736328125
1AO7_ABC_DE,GE|E101A|R102Q,1.146128035678238,100.06201171875
1AO7_ABC_DE,AE|E99M|G100S,0.7656685547590141,-99.69140625
1AO7_ABC_DE,AE|E|E|E99M|G100S|G101A|R102Q,2.8750612633917,5.7158203125
1AO7_ABC_DE,GD|E|E|E28T|A99M|G100S|G101A,2.830858014513242,-163.5615234375
1AO7_ABC_DE,GD|E|E|E|E28T|A99M|G100S|G101A|R102Q,2.907244705919952,-40.1669921875
1AO7_ABC_DE,DD|E|E|E|E26W|A99M|G100S|G101A|R102Q,2.960489804258006,-199.28076171875
1AO7_ABC_DE,DD|D|D|E|E|E|E26W|R27F|S51M|A99M|G100S|G101A|R102Q,2.720159303405957,-271.3876953125
1AO7_ABC_DE,DD|D|D|D|E|E|E|E26W|R27F|S51M|S100T|A99M|G100S|G101A|R102Q,2.529828018849261,-248.3837890625
1AO7_ABC_DE,DD26A,-0.958607314841775,91.970703125
1AO7_ABC_DE,RD27A,-0.3665315444204134,185.552734375
1AO7_ABC_DE,QD30L,-1.4436974992327127,85.3955078125
1AO7_ABC_DE,QD30V,0.0253058652647702,145.525390625
1AO7_ABC_DE,SD31A,-0.8239087409443188,31.447265625
1AO7_ABC_DE,YD50A,-0.494850021680094,298.51806640625
1AO7_ABC_DE,ND52A,-0.3872161432802645,18.73974609375
1AO7_ABC_DE,KD68A,-1.0,152.78076171875
1AO7_ABC_DE,TD93A,-0.8239087409443188,10.2734375
1AO7_ABC_DE,TD98A,-1.5228787452803376,45.56298828125
1AO7_ABC_DE,DD99A,-0.744727494896694,57.5869140625
1AO7_ABC_DE,DD99N,-1.853871964321762,-32.662109375
1AO7_ABC_DE,WD101A,-1.9208187539523751,280.69970703125
1AO7_ABC_DE,EE30A,-1.6382721639824072,88.509765625
1AO7_ABC_DE,RE95A,-0.3010299956639812,136.427734375
1AO7_ABC_DE,LE98A,-1.537602002101044,102.21923828125
1AO7_ABC_DE,PE103A,-0.958607314841775,69.5361328125
1AO7_ABC_DE,RE102A,-0.1804560644581313,237.763671875
1AO7_ABC_DE,EA58A,0.292256071356476,201.5224609375
1AO7_ABC_DE,LC1A,-0.619788758288394,31.22265625
1AO7_ABC_DE,YA159A,-2.3665315444204134,225.99365234375
1AO7_ABC_DE,YC5A,-1.193820026016113,475.4404296875
1AO7_ABC_DE,YC5F,-1.0,90.07958984375
1AO7_ABC_DE,QA155A,-0.431798275933005,209.57470703125
1AO7_ABC_DE,YC8A,-2.4814860601221125,220.9140625
1AO7_ABC_DE,YC8F,-0.6575773191777937,46.640625
1AO7_ABC_DE,QA72A,-0.3979400086720376,94.98486328125
1AO7_ABC_DE,DD|A26A|E58A,-0.7958800173440752,296.27978515625
1AO7_ABC_DE,QD|C30L|L1A,-2.130768280269024,124.236328125
1AO7_ABC_DE,QD|C30V|L1A,-0.619788758288394,184.0048828125
1AO7_ABC_DE,QD|A30V|Y159A,-2.431798275933005,373.84423828125
1AO7_ABC_DE,QD|A30V|K66A,-1.4559319556497243,215.59814453125
1AO7_ABC_DE,SD|C31A|Y5A,-1.3279021420642825,513.7001953125
1AO7_ABC_DE,SD|C31A|Y5F,-0.0555173278498313,129.71630859375
1AO7_ABC_DE,YD|A50A|Q155A,-0.3372421683184259,505.73046875
1AO7_ABC_DE,ND|A52A|E166A,-2.431798275933005,144.6025390625
1AO7_ABC_DE,KD|A68A|T163A,-0.769551078621726,260.978515625
1AO7_ABC_DE,KD|A68A|E166A,-2.309803919971486,274.8994140625
1AO7_ABC_DE,TD|C93A|Y5A,-2.356547323513813,492.16796875
1AO7_ABC_DE,TD|A98A|R65A,-0.9871627752948278,383.8505859375
1AO7_ABC_DE,DD|A99A|R65A,-1.031517051446065,395.15283203125
1AO7_ABC_DE,DD|A99N|R65A,-2.3279021420642825,312.33251953125
1AO7_ABC_DE,DD|A99A|K66A,-1.4559319556497243,130.02734375
1AO7_ABC_DE,SD|C100A|Y5A,-1.494850021680094,535.353515625
1AO7_ABC_DE,WD|A101A|A69G,-2.431798275933005,302.673828125
1AO7_ABC_DE,EE|C30A|Y8A,-2.677780705266081,309.2373046875
1AO7_ABC_DE,EE|C30A|Y8F,-1.853871964321762,142.189453125
1AO7_ABC_DE,RE|C95A|Y5A,-1.4436974992327127,604.4111328125
1AO7_ABC_DE,RE|C95A|Y5F,-0.3467874862246563,232.1220703125
1AO7_ABC_DE,LE|C98A|Y8A,-2.8239087409443187,326.9404296875
1AO7_ABC_DE,PE|C103A|Y5A,-1.8860566476931635,548.9873046875
1AO7_ABC_DE,PE|A103A|Q155A,-0.8239087409443188,284.84130859375
1AO7_ABC_DE,DD|A99A|Q72A,-0.9208187539523752,159.341796875
1AO7_ABC_DE,RE|C102A|Y5A,-1.5086383061657274,707.36767578125
4L3E_ABC_DE,YD50A,0.173186268412274,295.3857421875
4L3E_ABC_DE,ND52A,1.3234583668494675,-10.8671875
4L3E_ABC_DE,QA155A,-0.4089353929735008,195.17431640625
4L3E_ABC_DE,EA166A,0.093421685162235,4.80859375
4L3E_ABC_DE,YD|A50A|Q155A,-0.2839966563652008,480.97265625
4L3E_ABC_DE,ND|A52A|E166A,0.1846914308175988,-6.3330078125
4MNQ_ABC_DE,IE|E|E|E|E|D|D|D|D50V|H51G|P52A|E53G|Y54I|A94S|L95G|P96T|G98K,-inf,178.20361328125
4MNQ_ABC_DE,AD|D|D|D94S|L95G|P96T|G98K,-0.6777807052660807,75.908203125
4MNQ_ABC_DE,HE|E|E|E|D|D|D|D51W|P52E|E53F|Y54E|A94S|L95G|P96T|G98K,-0.6575773191777937,70.2685546875
4MNQ_ABC_DE,IE|E|E|E|E50V|H51G|P52A|E53G|Y54I,-1.0969100130080565,95.423828125
4MNQ_ABC_DE,HE|E|E|E51W|P52E|E53F|Y54E,-0.1870866433571444,-14.5771484375
4MNQ_ABC_DE,AD|D|D|D|C94S|L95G|P96T|G98K|K4A,-inf,238.6728515625
4MNQ_ABC_DE,IE|E|E|E|E|C50V|H51G|P52A|E53G|Y54I|K4A,-inf,262.1181640625
4MNQ_ABC_DE,KC4A,-inf,162.3525390625
4MNQ_ABC_DE,HE|E|E|E|C51W|P52E|E53F|Y54E|K4A,-inf,149.15869140625
4MNQ_ABC_DE,AD|D|D|D|C94S|L95G|P96T|G98K|L6A,-inf,257.0732421875
4MNQ_ABC_DE,HE|E|E|E|D|D|D|D|C51W|P52E|E53F|Y54E|A94S|L95G|P96T|G98K|L6A,-inf,250.896484375
4MNQ_ABC_DE,IE|E|E|E|E|C50V|H51G|P52A|E53G|Y54I|L6A,-inf,272.66845703125
4MNQ_ABC_DE,LC6A,-inf,180.19140625
4MNQ_ABC_DE,HE|E|E|E|C51W|P52E|E53F|Y54E|L6A,-inf,165.3876953125
3VXR_ABC_DE,YC2F,-1.5228787452803376,-1.529296875
3VXR_ABC_DE,FC6L,-0.8239087409443188,311.63427734375
3VXU_ABC_DE,FC2Y,0.0,50.125
3VXM_ABC_DE,FC2Y,0.0,-63.47802734375
4GG6_ABC_DE,LE37A,-0.8860566476931632,-136.951171875
4GG6_ABC_DE,YE57F,-0.1135092748275181,-212.90869140625
4GG6_ABC_DE,RE66A,0.6954816764901974,6.4951171875
4GG6_ABC_DE,VE108A,-0.4685210829577448,-210.6064453125
4GG6_ABC_DE,AE109G,0.0644579892269184,-183.3828125
4GG6_ABC_DE,VE110A,-0.0969100130080563,-189.0751953125
4GG6_ABC_DE,SE111A,-0.6020599913279624,-233.8408203125
4GG6_ABC_DE,TE113A,-0.0409586076789063,-241.29248046875
4GG6_ABC_DE,YE114A,-0.1366771398795441,100.4580078125
2AK4_ABC_DE,RA156L,-0.638272163982407,-64.0126953125
2AK4_ABC_DE,EA55A,-0.0809219076239261,-47.267578125
2AK4_ABC_DE,DA61A,-0.0506099933550872,-8.91650390625
2AK4_ABC_DE,RA62A,-0.2291479883578558,129.794921875
2AK4_ABC_DE,IA66A,-0.769551078621726,-23.35400390625
2AK4_ABC_DE,EA166A,-0.2518119729937995,-25.97998046875
2AK4_ABC_DE,RA170A,0.2855573090077737,7.375
4OZG_ABC_DE,ND36A,0.0530784434834196,176.298828125
4OZG_ABC_DE,LD57A,-0.8538719643217619,246.44580078125
4OZG_ABC_DE,YE55F,0.4742162640762552,84.34521484375
4OZG_ABC_DE,QE57A,-0.638272163982407,165.1552734375
4OZG_ABC_DE,NE63A,0.08278537031645,7.16650390625
4OZG_ABC_DE,FE108A,-1.0457574905606752,258.47509765625
4OZG_ABC_DE,FE110A,-0.638272163982407,172.26513671875
4OZG_ABC_DE,DE114A,-1.2218487496163564,116.4296875
4OZG_ABC_DE,YE117F,-0.3872161432802645,38.01318359375
4PRI_ABC_DE,GC4A,-0.1487416512809247,29.5185546875
4PRI_ABC_DE,EC5Q,-0.2839966563652008,24.7333984375
4PRI_ABC_DE,EC5D,0.5646660642520893,55.07421875
4QRP_ABC_DE,KC3R,-0.4202164033831898,-26.42578125
4QRP_ABC_DE,LC9I,-0.1079053973095195,12.1787109375
4QRP_ABC_DE,KC4R,-0.769551078621726,-160.98291015625
4G8G_ABC_DE,LC6M,0.6190933306267428,311.69189453125
2F54_ABC_DE,QD|D|D50P|S51F|S52W,1.7695250201710506,-271.6220703125
2F54_ABC_DE,GE|E|E49S|A50V|I52M,2.1760912590556813,-38.5771484375
2F54_ABC_DE,GE|E|E|E49A|A50I|G51Q|I52T,2.7781512503836434,89.6142578125
2F54_ABC_DE,QD|D|D|E|E|E50P|S51F|S52W|G49S|A50V|I52M,4.176091259055681,-104.896484375
2F54_ABC_DE,QD|D|D|E|E|E50S|S51P|S52W|G49S|A50V|I52M,3.8750612633917,-189.32275390625
2F54_ABC_DE,QD|D|D|E|E|E50T|S51P|S52W|G49S|A50V|I52M,4.176091259055681,-177.82421875
2F54_ABC_DE,QD|D|D|E|E|E50M|S51G|S52H|G49S|A50V|I52M,3.574031267727719,-105.52294921875
2F54_ABC_DE,QD|D|D|E|E|E50M|S51G|S52T|G49S|A50V|I52M,3.2730012720637376,-21.0009765625
2BNR_ABC_DE,QD|D|D|D|D|D|D|E|E|E|E|E51T|S52P|S53W|T95L|S96L|G97D|S99T|G50A|A51I|G52Q|I53T|V95L,5.823908743115791,-23.2841796875
2BNR_ABC_DE,QD|D|D|E|E|E51P|S52F|S53W|G50S|A51G|I53M,4.391206544582846,-213.8291015625
2BNR_ABC_DE,IE|D|D|D|D|E53T|T95L|S96L|G97D|S99T|V95L,2.5934632939080027,-109.5751953125
2BNR_ABC_DE,YD|D|D|D|D|D|D|D|E|E|E|E|E31D|Q51T|S52P|S53W|T95L|S96L|G97D|S99T|G50A|A51I|G52Q|I53T|V95L,0.250420002308894,-57.87890625
3FFC_ABC_DE,FC1T,-1.2218487496163564,259.791015625
3FFC_ABC_DE,GC8V,-0.4089353929735008,-23.54296875
1MI5_ABC_DE,FC1T,-0.2924298239020636,21.78125
1MI5_ABC_DE,FC1Y,-0.0861861476162833,-1.73388671875
1MI5_ABC_DE,YC7F,-0.9208187539523752,67.99658203125
4MNQ_ABC_DE,IE|E|E|E|E|D|D|D|D|C50V|H51G|P52A|E53G|Y54I|A94S|L95G|P96T|G98K|A3G,-inf,141.98193359375
4MNQ_ABC_DE,IE|E|E|E|E|D|D|D|D|C|C50V|H51G|P52A|E53G|Y54I|A94S|L95G|P96T|G98K|A3G|W8T,-inf,420.71142578125
4MNQ_ABC_DE,IE|E|E|E|E|D|D|D|D|C50V|H51G|P52A|E53G|Y54I|A94S|L95G|P96T|G98K|W8Y,-inf,239.875
4MNQ_ABC_DE,IE|E|E|E|E|D|D|D|D|C50V|H51G|P52A|E53G|Y54I|A94S|L95G|P96T|G98K|W8T,-inf,455.34375
4MNQ_ABC_DE,IE|E|E|E|E|D|D|D|D|C50V|H51G|P52A|E53G|Y54I|A94S|L95G|P96T|G98K|H7Y,-inf,47.51123046875
4MNQ_ABC_DE,IE|E|E|E|E|D|D|D|D|C50V|H51G|P52A|E53G|Y54I|A94S|L95G|P96T|G98K|F5Y,-inf,160.27783203125
2BNR_ABC_DE,GE52I,0.9268567089496924,9.52197265625
3QDG_ABC_DE,DD|E26Y|L98W,2.4079175177029626,-504.833984375
3QDG_ABC_DE,LC2A,-0.0132282657337551,89.42822265625
1AO7_ABC_DE,AE|E|E99V|G100P|Y107Q,1.2968844755385471,-78.29833984375
1AO7_ABC_DE,QE|E106D|Y107Q,0.6989700043360189,32.51171875
1AO7_ABC_DE,EE|E|E105H|Q106P|Y107Q,0.146128035678238,27.9814453125
2BNR_ABC_DE,PD|D|D|D|D|E|E|E|E94H|G97N|S99Y|Y100F|I101P|I53T|Q56R|T70I|V95L,3.5808702579633254,-177.69140625
2BNR_ABC_DE,TD|D|D|D|D|E|E|E|E95Y|S96Q|G97S|S99H|I101M|I53T|Q56R|T70I|V95L,2.2498829018636948,-365.2900390625
2BNR_ABC_DE,TD|D|D|D|D|E|E|E95Y|S96Q|G97S|S99H|I101M|I53T|T70I|V95L,2.100301604013854,-358.029296875
2BNR_ABC_DE,QD|D|D|D|D|D|D|E|E|E|E|E|E51S|S52P|S53W|T95L|S96L|G97D|S99T|G50A|A51I|G52Q|I53T|T70I|N97D,4.513923886341368,-213.755859375
2BNR_ABC_DE,QD|D|D|D|D|D|D|E|E|E|E|E|E51T|S52P|S53W|T95L|S96L|G97D|S99T|G50A|A51I|G52Q|I53T|T70I|N97D,5.204119982655925,-200.9501953125
2BNR_ABC_DE,QD|D|D|D|D|D|D|E|E|E|E|E|E|E51S|S52P|S53W|T95L|S96L|G97D|S99T|G50A|A51I|G52Q|I53T|Q56R|T70I|V95L,5.505149978319906,-284.5966796875
2BNR_ABC_DE,QD|D|D|D|D|D|D|E|E|E|E|E51T|S52P|S53W|T95L|S96L|G97D|S99T|G50A|A51I|G52Q|I53T|T70I,5.505149978319906,-244.578125
2BNR_ABC_DE,QD|D|D|D|D|D|D|E|E|E|E|E51S|S52P|S53W|T95L|S96L|G97D|S99T|G50A|A51I|G52Q|I53T|T70I,5.505149978319906,-257.615234375
2BNR_ABC_DE,QD|D|D|D|D|D|D|E|E|E|E51S|S52P|S53W|T95L|S96L|G97D|S99T|G50A|A51I|G52Q|I53T,5.903089986991944,-274.0185546875
2BNR_ABC_DE,QD|D|D|D|D|D|D|E|E|E|E|E|E|E51T|S52P|S53W|T95L|S96L|G97D|S99T|G50A|A51I|G52Q|I53T|Q56R|T70I|V95L,6.090176630077654,-270.8349609375
3QDG_ABC_DE,DD26W,1.145196406114182,-209.7919921875
3QDG_ABC_DE,DD26Y,1.31492005599242,-186.5205078125
3QDG_ABC_DE,RD27W,-0.431798275933005,-19.64453125
3QDG_ABC_DE,LE98W,0.5158738437116791,-122.01171875
3QDG_ABC_DE,FE100W,-0.6777807052660807,-2.306640625
3QDG_ABC_DE,TE102F,0.0293837776852096,-189.8056640625
3QDG_ABC_DE,GD28I,-0.638272163982407,-86.107421875
3QDG_ABC_DE,GD28L,-1.0,-103.6591796875
3QDG_ABC_DE,GD28Y,-1.0969100130080565,-285.0498046875
3QDG_ABC_DE,RD27P,-0.1023729087095585,119.3857421875
3QDG_ABC_DE,GD28P,-0.7958800173440752,-101.66845703125
3QDG_ABC_DE,AE55P,0.0492180226701816,-6.4267578125
3QDG_ABC_DE,GD28N,-0.619788758288394,-105.064453125
3QDG_ABC_DE,FE100Y,-1.0,26.0419921875
3QDG_ABC_DE,DD|E26W|L98W,2.4592114940154555,-330.15673828125
3QDJ_ABC_DE,DD26W,1.5920656704322471,-209.185546875
3QDJ_ABC_DE,DD26Y,0.9804578922761,-187.716796875
3QDJ_ABC_DE,RD27W,-0.1611509092627447,-23.36669921875
3QDJ_ABC_DE,LE98W,0.5921767573958668,-171.1455078125
3QDJ_ABC_DE,FE100W,-0.2839966563652008,-52.2548828125
3QDJ_ABC_DE,TE102F,0.2013971243204515,-184.1416015625
3QDJ_ABC_DE,GD28I,0.0755469613925307,-87.9033203125
3QDJ_ABC_DE,GD28L,-0.4814860601221125,-104.02197265625
3QDJ_ABC_DE,GD28Y,-0.4089353929735008,-291.02880859375
3QDJ_ABC_DE,RD27P,-0.0315170514460648,120.39599609375
3QDJ_ABC_DE,GD28P,-0.8860566476931632,-99.89111328125
3QDJ_ABC_DE,AE55P,-0.1549019599857432,-4.69384765625
3QDJ_ABC_DE,GD28N,-0.3010299956639812,-126.09130859375
3QDJ_ABC_DE,FE100Y,-0.5686362358410126,24.04248046875
3QDJ_ABC_DE,DD|E26W|L98W,1.8553374044695403,-378.91357421875
3QDJ_ABC_DE,DD|E26Y|L98W,1.403120521175818,-358.4169921875
1FYT_ABC_DE,AC12R,0.1205739312058498,-382.09716796875
1FYT_ABC_DE,TC13R,0.2833012287035495,-332.31494140625
1AO7_ABC_DE,EA|A63Q|K66A,0.7067177823367587,119.66796875
1BD2_ABC_DE,YC5F,0.6821450763738317,-65.1591796875
1BD2_ABC_DE,EA|A63Q|K66A,1.4379090355394983,5.8828125
2OL3_ABC_DE,YC4D,0.7481880270062004,299.0556640625
1G6R_ABC_DE,GD|D|D|D|D99L|F100E|A101R|S102P|A103Y,3.28630599005904,-461.37890625
1G6R_ABC_DE,GD|D|D|D99L|F100H|A101R|S102P,3.0566342854215387,-384.04296875
1G6R_ABC_DE,GD|D|D|D|D99E|F100S|A101R|S102P|A103Y,1.6061663146076206,-367.9755859375
3QIB_ABC_DE,RD90P,0.0863598306747482,138.79248046875
3QIB_ABC_DE,ND95P,-0.585026652029182,8.29736328125
3QIB_ABC_DE,LE96P,0.2718416065364989,38.13623046875
4P23_ABC_DE,YD31A,0.7267272090265723,314.55615234375
3QIB_ABC_DE,QA57A,-0.1938200260161128,152.9794921875
3QIB_ABC_DE,AA61G,-0.6575773191777937,-11.63037109375
3QIB_ABC_DE,AA64G,-0.4436974992327127,94.00634765625
3QIB_ABC_DE,KA67A,-0.4202164033831898,71.03662109375
3QIB_ABC_DE,AA68G,-0.619788758288394,-47.80078125
3QIB_ABC_DE,EA75A,0.0,22.87060546875
3QIB_ABC_DE,EB59A,0.0,-15.75927734375
3QIB_ABC_DE,SB63A,-0.0177287669604316,57.7421875
3QIB_ABC_DE,QB64A,-1.3010299956639813,156.8203125
3QIB_ABC_DE,EB66A,-0.8860566476931632,244.015625
3QIB_ABC_DE,EB69A,-1.3010299956639813,239.78564453125
3QIB_ABC_DE,AB73G,-1.6989700043360187,96.93798828125
3QIB_ABC_DE,DB76A,-0.638272163982407,93.12548828125
3QIB_ABC_DE,TB77A,-0.5528419686577808,184.80322265625
3QIB_ABC_DE,HB81A,-0.0362121726544447,167.34228515625
3QIB_ABC_DE,KA|B67A|E66A,-1.0969100130080565,309.95458984375
