dataset,use MT structures,is single-point,is multi-point,correlation computation,HCNN_biopython_proteinnet_0p00 - Pearsonr,HCNN_biopython_proteinnet_0p50 - Pearsonr,HCNN_biopython_proteinnet_extra_mols_0p00 - Pearsonr,HCNN_biopython_proteinnet_extra_mols_0p50 - Pearsonr,HCNN_pyrosetta_proteinnet_extra_mols_0p00 - Pearsonr,HCNN_pyrosetta_proteinnet_extra_mols_0p50 - Pearsonr,HCNN_biopython_proteinnet_extra_mols_0p00_finetuned_with_rosetta_ddg_all - Pearsonr,HCNN_biopython_proteinnet_extra_mols_0p00_finetuned_with_rosetta_ddg_invariant_mlp - Pearsonr,HCNN_biopython_proteinnet_extra_mols_0p50_finetuned_with_rosetta_ddg_with_0p00_all - Pearsonr,HCNN_biopython_proteinnet_extra_mols_0p50_finetuned_with_rosetta_ddg_with_0p50_all - Pearsonr,HCNN_pyrosetta_proteinnet_extra_mols_0p00_finetuned_with_rosetta_ddg_all - Pearsonr,HCNN_pyrosetta_proteinnet_extra_mols_0p50_finetuned_with_rosetta_ddg_with_0p00_all - Pearsonr,HCNN_pyrosetta_proteinnet_extra_mols_0p50_finetuned_with_rosetta_ddg_with_0p50_all - Pearsonr,proteinmpnn_v_48_002 - Pearsonr,proteinmpnn_v_48_020 - Pearsonr,proteinmpnn_v_48_030 - Pearsonr,HCNN_biopython_proteinnet_0p00 - Spearmanr,HCNN_biopython_proteinnet_0p50 - Spearmanr,HCNN_biopython_proteinnet_extra_mols_0p00 - Spearmanr,HCNN_biopython_proteinnet_extra_mols_0p50 - Spearmanr,HCNN_pyrosetta_proteinnet_extra_mols_0p00 - Spearmanr,HCNN_pyrosetta_proteinnet_extra_mols_0p50 - Spearmanr,HCNN_biopython_proteinnet_extra_mols_0p00_finetuned_with_rosetta_ddg_all - Spearmanr,HCNN_biopython_proteinnet_extra_mols_0p00_finetuned_with_rosetta_ddg_invariant_mlp - Spearmanr,HCNN_biopython_proteinnet_extra_mols_0p50_finetuned_with_rosetta_ddg_with_0p00_all - Spearmanr,HCNN_biopython_proteinnet_extra_mols_0p50_finetuned_with_rosetta_ddg_with_0p50_all - Spearmanr,HCNN_pyrosetta_proteinnet_extra_mols_0p00_finetuned_with_rosetta_ddg_all - Spearmanr,HCNN_pyrosetta_proteinnet_extra_mols_0p50_finetuned_with_rosetta_ddg_with_0p00_all - Spearmanr,HCNN_pyrosetta_proteinnet_extra_mols_0p50_finetuned_with_rosetta_ddg_with_0p50_all - Spearmanr,proteinmpnn_v_48_002 - Spearmanr,proteinmpnn_v_48_020 - Spearmanr,proteinmpnn_v_48_030 - Spearmanr,HCNN_biopython_proteinnet_0p00 - Pearsonr p-value,HCNN_biopython_proteinnet_0p50 - Pearsonr p-value,HCNN_biopython_proteinnet_extra_mols_0p00 - Pearsonr p-value,HCNN_biopython_proteinnet_extra_mols_0p50 - Pearsonr p-value,HCNN_pyrosetta_proteinnet_extra_mols_0p00 - Pearsonr p-value,HCNN_pyrosetta_proteinnet_extra_mols_0p50 - Pearsonr p-value,HCNN_biopython_proteinnet_extra_mols_0p00_finetuned_with_rosetta_ddg_all - Pearsonr p-value,HCNN_biopython_proteinnet_extra_mols_0p00_finetuned_with_rosetta_ddg_invariant_mlp - Pearsonr p-value,HCNN_biopython_proteinnet_extra_mols_0p50_finetuned_with_rosetta_ddg_with_0p00_all - Pearsonr p-value,HCNN_biopython_proteinnet_extra_mols_0p50_finetuned_with_rosetta_ddg_with_0p50_all - Pearsonr p-value,HCNN_pyrosetta_proteinnet_extra_mols_0p00_finetuned_with_rosetta_ddg_all - Pearsonr p-value,HCNN_pyrosetta_proteinnet_extra_mols_0p50_finetuned_with_rosetta_ddg_with_0p00_all - Pearsonr p-value,HCNN_pyrosetta_proteinnet_extra_mols_0p50_finetuned_with_rosetta_ddg_with_0p50_all - Pearsonr p-value,proteinmpnn_v_48_002 - Pearsonr p-value,proteinmpnn_v_48_020 - Pearsonr p-value,proteinmpnn_v_48_030 - Pearsonr p-value,HCNN_biopython_proteinnet_0p00 - Spearmanr p-value,HCNN_biopython_proteinnet_0p50 - Spearmanr p-value,HCNN_biopython_proteinnet_extra_mols_0p00 - Spearmanr p-value,HCNN_biopython_proteinnet_extra_mols_0p50 - Spearmanr p-value,HCNN_pyrosetta_proteinnet_extra_mols_0p00 - Spearmanr p-value,HCNN_pyrosetta_proteinnet_extra_mols_0p50 - Spearmanr p-value,HCNN_biopython_proteinnet_extra_mols_0p00_finetuned_with_rosetta_ddg_all - Spearmanr p-value,HCNN_biopython_proteinnet_extra_mols_0p00_finetuned_with_rosetta_ddg_invariant_mlp - Spearmanr p-value,HCNN_biopython_proteinnet_extra_mols_0p50_finetuned_with_rosetta_ddg_with_0p00_all - Spearmanr p-value,HCNN_biopython_proteinnet_extra_mols_0p50_finetuned_with_rosetta_ddg_with_0p50_all - Spearmanr p-value,HCNN_pyrosetta_proteinnet_extra_mols_0p00_finetuned_with_rosetta_ddg_all - Spearmanr p-value,HCNN_pyrosetta_proteinnet_extra_mols_0p50_finetuned_with_rosetta_ddg_with_0p00_all - Spearmanr p-value,HCNN_pyrosetta_proteinnet_extra_mols_0p50_finetuned_with_rosetta_ddg_with_0p50_all - Spearmanr p-value,proteinmpnn_v_48_002 - Spearmanr p-value,proteinmpnn_v_48_020 - Spearmanr p-value,proteinmpnn_v_48_030 - Spearmanr p-value,measurement type,num measurements,num structures
Protein G,False,True,False,per structure,0.4492009592343613,0.5487453919597447,0.4446693438046353,0.5692657125769498,0.4964112007121102,0.5885489408089579,0.7421644208777765,0.7274380264966462,0.7354345264257574,0.7598991491774966,0.7266277595724803,0.7274391844820317,0.7430792067201805,0.4820116777986558,0.4416827578926684,0.4539893328898898,0.4663735637569635,0.5567152016673586,0.4650406910335646,0.5584019282100054,0.5198148657266275,0.5792036656923403,0.7044667830175915,0.6846527637179916,0.6864850683823593,0.7132259586693543,0.6682357443021459,0.6753449943372226,0.6975047286389218,0.5486869344127938,0.4928914655910134,0.5101100197465241,3.015020269329776e-46,1.8826927308903056e-72,3.008741701575548e-45,5.0074994988051546e-79,1.3371346492030732e-57,1.214965952888291e-85,1.8970546588179384e-159,3.419223296526807e-150,3.8461836126523025e-155,1.7937421821749211e-171,1.060592549532519e-149,3.413686206033543e-150,4.810980160836701e-160,6.011970566627162e-54,1.3447561358460451e-44,2.5532142486088355e-47,3.578017599029272e-50,5.962592690284734e-75,7.35205976165147e-50,1.7288425019995055e-75,6.36929552837117e-64,2.2158351828306308e-82,6.581383590620765e-137,1.9296368746766886e-126,2.2529910218572976e-127,8.085574422972864e-142,2.2123263845981586e-118,8.299978101162814e-122,3.927181446483195e-133,1.96274484600603e-72,1.0844450479250529e-56,3.0581917486625084e-61,-ddG stability,907.0,1.0
MAVE - NUDT15,False,True,False,per structure,0.4088823398829215,0.4920413220501574,0.4179301163121764,0.5018540593175268,0.4785570578887935,0.537039714704598,0.5988809413066856,0.5715229601047052,0.6068174036865623,0.6080688674408985,0.6132574661862511,0.6069444969709833,0.6028455315415926,0.4669595506517751,0.4795942189222555,0.4445334343598282,0.4298301539600035,0.5123866377967314,0.441702346723393,0.5220457897034326,0.4868129133621267,0.5491295623891698,0.5826417060987156,0.5498668569729226,0.5946734920415282,0.5955935481242823,0.595738458787989,0.5979131682748011,0.5932383766056545,0.4901230845645849,0.5032549332749413,0.4674129869276028,2.3652763050768488e-113,9.977896308522522e-171,7.589102922666484e-119,1.3135015991035946e-178,2.613715912692948e-160,4.387871135339173e-209,2.6450280960391163e-272,1.133764085424229e-242,1.90517186388483e-281,6.5252179030907e-283,4.664532005051693e-289,1.3533773571747491e-281,7.719171932288121e-277,1.0270807607765208e-151,4.2894286172058136e-161,5.2168141985454516e-136,2.47145813058268e-126,2.3350713043355984e-187,4.146989297290183e-134,1.1721547809574316e-195,1.242040092423515e-166,2.0492751868193224e-220,2.244231342186605e-254,4.0318336786160004e-221,1.4658684406753919e-267,1.3639052423234523e-268,9.376612376319604e-269,3.309660180845022e-271,5.862707062426655e-266,3.234085369256833e-169,9.381092450445501e-180,4.805929330118923e-152,VAMP-seq,2801.0,1.0
MAVE - TPMT,False,True,False,per structure,0.3276769399296119,0.41007232813735,0.333476213136909,0.4106844764702837,0.3871504190001394,0.4543257765139096,0.5227997554845609,0.4997937981774554,0.5235947323967517,0.5151866713664224,0.5196717539202612,0.5277046585916707,0.5223075655245677,0.3953594645111828,0.4130957788846037,0.4353954349736305,0.3514463471534553,0.4193298254453566,0.3543125453914985,0.4179888033812279,0.39843381224519,0.4517844743137855,0.4984628670022132,0.4836738519081301,0.4942709595324294,0.4880213456739165,0.4977999461964094,0.4973424342209913,0.4973386679541495,0.4263216803965886,0.4472100704246043,0.47044832089422,1.3841352187832816e-86,3.8892305198384605e-139,8.552483375074639e-90,1.3799902488791582e-139,5.9719642276202145e-123,3.4150993300127933e-174,9.259226488051856e-240,4.810924318876494e-216,1.3003269361026483e-240,1.0397984175214738e-231,1.990977006378079e-236,4.6798602970586565e-245,3.1135531568275466e-239,1.3363230396313393e-128,2.28120139706125e-141,1.4832403899750882e-158,3.4526677856936905e-100,4.82429193403936e-146,6.549431110693657e-102,4.982057089195708e-145,9.293670676906108e-131,4.9060935660547256e-172,9.985259643538555e-215,1.7752079644596947e-200,1.2879110196605157e-210,1.3574513580026615e-204,4.500211408822344e-214,1.2695810293215862e-213,1.2804585559500576e-213,2.0960985592440283e-151,3.373610248526805e-168,2.5846022786129352e-188,VAMP-seq,3427.0,1.0
MAVE - PTEN,False,True,False,per structure,0.400480907310685,0.479492552759697,0.4153378119443047,0.4882633590973356,0.4719499739992852,0.5204129568904617,0.5724769215088187,0.5486701936333476,0.5670147104371357,0.5639726691481662,0.5712031489091796,0.5676329271689498,0.5752073766859639,0.5217373960878086,0.5149274270934299,0.5362613537862979,0.4121711027622878,0.488281725537808,0.4222529382480422,0.4940592341157813,0.4820637594589189,0.528728453663676,0.555494054550138,0.5361854592106977,0.5505387555503618,0.5491558050282656,0.5595558044365977,0.5557954313491186,0.5632901056774776,0.5394533197179184,0.5344846199833027,0.5558959553872166,2.059839932970724e-124,6.247599938877232e-185,1.3513597849903024e-134,1.092052700251614e-192,1.942156583009721e-178,3.854459895015315e-223,5.439176247942814e-280,9.497584833339748e-253,1.5258310969663946e-273,5.277829093520577e-270,1.7784202792676143e-278,2.8825773364233406e-274,2.927886472046516e-283,1.819902120370788e-224,1.0363857266721305e-217,2.1236613370980746e-239,2.2122320020881834e-132,1.0513821852596724e-192,1.6303046943769558e-139,6.115636923511806e-198,3.507213673272446e-187,1.4552052075205253e-231,2.477104262511346e-260,2.5528526923297227e-239,8.287644587050429e-255,2.777898746721026e-253,6.246755451638305e-265,1.1348487944921908e-260,3.2468344189151685e-269,8.838684076257248e-243,1.5602381232008634e-237,8.745513276424019e-261,VAMP-seq,3222.0,1.0
ProTherm - Myoglobin,False,True,False,per structure,0.2749384805403435,0.5016671258615387,0.2942443076982905,0.5153193873379824,0.4958183174291338,0.6290488320946417,0.6409252046095291,0.6312496838227747,0.6925708282478934,0.7078485718528297,0.6667491289351257,0.7036708874469033,0.7126308821910226,0.5023034906980899,0.5732573405176439,0.5955929901426669,0.2781653120208155,0.4845159292280364,0.3256764567850992,0.4981413198711601,0.5649797850585704,0.610076866045866,0.6907776851919326,0.6649042531772182,0.7046844697722513,0.73497134353876,0.7206498731562594,0.717613780675998,0.707972335775266,0.5686379062421048,0.5689341103865206,0.5784422634222656,0.0177530496622323,5.280790955758199e-06,0.0109372745968187,2.625871158577247e-06,7.058980256513914e-06,1.947866399511168e-09,7.704727778272687e-10,1.64516117243822e-09,8.159362181461399e-12,1.7628939775737445e-12,8.868378691582237e-11,2.7062082986437545e-12,1.0693578046987897e-12,5.114987349837242e-06,9.395281216980157e-08,2.174611871578252e-08,0.0164085960114718,1.2185487614830335e-05,0.0046328237604929,6.29446026680341e-06,1.572694384248978e-07,7.919535008816954e-09,9.706827365577139e-12,1.0422669270861662e-10,2.4406065430938897e-12,8.98870339199039e-14,4.519132239502259e-13,6.283375640258641e-13,1.7404534041708105e-12,1.2546550806391428e-07,1.2317635940454081e-07,6.754611273618656e-08,-ddG stability,74.0,1.0
ProTherm - Lysozyme,False,True,False,per structure,0.3861416978449224,0.3748814097606644,0.3982984258584935,0.4246689505934373,0.4980974170636926,0.5134308478988454,0.5958668115887117,0.5243081244388459,0.5364749137477165,0.5745830448352047,0.6197651530298389,0.5633808041888846,0.5846064140068812,0.5616831999599039,0.6443575972840487,0.6807233353170938,0.4201653464865173,0.373843058793277,0.4298907585844073,0.416463127970286,0.5295711693786492,0.5219925579520968,0.6385314298672958,0.5515292947358593,0.591512444597697,0.6183353012875042,0.6656297251338031,0.6109673193607813,0.6305477617103024,0.6301305532779481,0.7045556769291895,0.7321440908395305,2.2034400315036165e-05,3.966397650936126e-05,1.1397110150130156e-05,2.4877748784148923e-06,1.7104237461670985e-08,5.173836558216008e-09,2.6774968102608165e-12,2.1357838723769166e-09,7.644851607211794e-10,2.3146807424867496e-11,1.9518468275655144e-13,6.777983310872095e-11,8.546521262548977e-12,7.948732136771921e-11,1.0341212747424031e-14,7.947580987822327e-17,3.256042454286151e-06,4.182816256396903e-05,1.8120466649001045e-06,4.050581352859083e-06,1.3763025544597599e-09,2.58520523297507e-09,2.1243504100061443e-14,2.0236625250458987e-10,4.216563776260516e-12,2.2972680285955e-13,6.51037770068875e-16,5.250989891881167e-13,5.5589243897303775e-14,5.841055244287498e-14,2.195459338633538e-18,2.146351237811565e-20,-ddG stability,114.0,1.0
ProTherm - Chymotrypsin inhib.,False,True,False,per structure,0.4406043381062552,0.5252969590670666,0.4717806196638719,0.515973134596177,0.4371453238398201,0.5775192239290086,0.5524211842968106,0.5631289329496991,0.6315587540591341,0.6306986220100681,0.538303395335812,0.5243041804432234,0.5602169967554338,0.425949684670571,0.5098073589058074,0.4764735543693171,0.5188859570280092,0.5879295479038126,0.5589950247176728,0.5794208261086456,0.5104989622971507,0.603133258235949,0.5638641072900143,0.586967904095775,0.5955374894230961,0.5804189880359756,0.5298413928157777,0.5264695531344311,0.5478326529205797,0.5092816916540654,0.584058627258801,0.5705712685334149,4.829951713180238e-05,6.681284541865622e-07,1.1386224593313566e-05,1.1342645930860464e-06,5.621835632397996e-05,2.5172751106826333e-08,1.3050218541237645e-07,6.575635423576361e-08,4.358336343650066e-10,4.677884278916174e-10,3.108306912925925e-07,7.073941313703315e-07,7.942007563180804e-08,9.08798894372523e-05,1.5959007751530616e-06,9.046918910736653e-06,9.63030311067351e-07,1.2204026137179353e-08,8.59220095503679e-08,2.2096027236084944e-08,1.5364437506375684e-06,4.044620980489138e-09,6.267760168224624e-08,1.3062096546781505e-08,7.0731480884438145e-09,2.0627714002358063e-08,5.132375911135258e-07,6.244024261887299e-07,1.7378871270532419e-07,1.6425350877904224e-06,1.6021660331434142e-08,4.0249549384085024e-08,-ddG stability,79.0,1.0
ProTherm - RNAse H,False,True,False,per structure,0.3185979495866438,0.5348511866983033,0.3606826150608501,0.5816873596185715,0.4246115577447802,0.6505095631308893,0.703616893633156,0.596887402897632,0.7579968980073754,0.776763763074711,0.7250248095772858,0.7924897094016053,0.7985874733720278,0.1939387714670215,0.3045180017073169,0.082249187665239,0.2711719588442676,0.497334814625722,0.3037851553100501,0.6056511140525854,0.3300360837027014,0.5920721410783196,0.6307847019778479,0.4995169148326224,0.6848113998715868,0.7116407162708863,0.67015452197584,0.7210658117428598,0.7659960437138572,0.0435236975002845,0.2396103769360274,0.0035229087677669,0.0047436368504556,5.417538279826774e-07,0.0012711607211021,2.891772428614732e-08,0.0001186904791034,1.5199365778890962e-10,9.571924563622418e-13,1.0085048724464976e-08,1.4476886761472997e-15,1.020535827839402e-16,8.9328247077419e-14,9.001181682290736e-18,3.3164045525897147e-18,0.0910169390032291,0.0070875788151827,0.477000597578908,0.0170565504469848,4.19726197133702e-06,0.0072335610875498,5.357061307634769e-09,0.0033755284419756,1.4163384816447217e-08,7.812336611145584e-10,3.750573054518132e-06,6.505562615560387e-12,4.035144470641841e-13,2.6310985282874228e-11,1.4081331646416221e-13,4.81761580276603e-16,0.7070282078959333,0.0358290816190789,0.97574178114487,-ddG stability,77.0,1.0
S669,False,True,False,per structure,0.2880471595997151,0.4210503456720462,0.3060358260052212,0.3980990285394738,0.3735226147619416,0.4380801276163223,0.4423694977814236,0.4036930798427626,0.4666352182400638,0.4710668599954843,0.4689651131209421,0.4555376086072472,0.4951594953727729,0.4221411965101591,0.4749726267756446,0.4741191199664653,0.3042895861786787,0.4024176048342672,0.3205723699322566,0.381215798056654,0.3579222718927713,0.4083098662697946,0.4527181247818659,0.4194691557883716,0.4303339885716647,0.440965806915005,0.4610898240790577,0.4399878766238346,0.4618192468429233,0.4461151923423172,0.5106341406704848,0.4962475617550791,2.369986207472661e-10,7.403326002176447e-19,5.440562798174599e-12,6.285504059424118e-18,1.7463696205607825e-13,6.061022980304693e-21,1.022801054989166e-25,2.351049006971308e-21,1.7868401854328488e-26,1.959902808526312e-29,6.773176268207823e-25,2.057228297463471e-24,7.689174257609285e-30,4.9035864592494094e-24,1.6943282628349565e-29,1.6125627022760525e-29,1.8893305337460002e-10,1.160977103184417e-19,1.0276931530136758e-11,4.133444855086053e-18,2.957351153502587e-13,1.7395401585232932e-19,5.074408084079766e-28,5.76985172035852e-24,7.110415054395722e-26,5.820675258300116e-29,5.993083567335672e-26,1.5380843653644533e-26,3.7366834779907196e-32,4.8586948008734666e-29,2.605182726367835e-35,1.5081289818351805e-35,-ddG stability,452.0,15.0
S669,False,True,False,overall,0.1484294044214575,0.2880692690061103,0.1531856660075177,0.2866871265124869,0.2135208350844009,0.3079959669969205,0.3184764210257818,0.2804254117059906,0.3566725911293208,0.3795938267338857,0.3357341169088251,0.3551001978489598,0.3879307312822633,0.3020632186589286,0.3431584786168107,0.3372931007158634,0.1733256631643514,0.3094680792641802,0.1808464328827251,0.309099038446247,0.223810725660446,0.3275254648172687,0.3261105256244646,0.2884879805141811,0.3674090306935248,0.3984168758390644,0.339835507554213,0.3631511034161656,0.4020023688355433,0.3139704789232747,0.3787422675969847,0.37864678257792,0.0001165287185264,2.9924938225836893e-14,6.942553900453353e-05,4.012986018234824e-14,2.5700006287650748e-08,4.013867996872042e-16,3.097949634959477e-17,1.4860610715080474e-13,1.6811990212368165e-21,2.3504072841926663e-24,4.897692025275171e-19,2.966731169630387e-21,2.2207138525221896e-25,2.7616721106767162e-15,1.5432069369485295e-19,6.850823557432685e-19,6.517690638968603e-06,2.582910865104023e-16,2.504999284133638e-06,2.8130186292115757e-16,5.106685092719484e-09,3.8355733844473e-18,4.849705356357941e-18,2.7370896639165755e-14,8.263175273646147e-23,7.0945359502656e-27,1.7108323879505077e-19,3.1920973562411007e-22,2.6875261115689668e-27,1.8866428464738774e-16,9.048449949290578e-24,9.30364132980398e-24,-ddG stability,655.0,94.0
Ssym_dir,False,True,False,per structure,0.2970273940794276,0.4490247062704128,0.3144893839056237,0.4517876130262526,0.3810883927270069,0.5268946205002792,0.4828869339128973,0.4708576367646512,0.5465521680669814,0.5400931269941412,0.5332548895799027,0.5512101672596327,0.5893403396926896,0.3020592226997873,0.3990713746303246,0.3726795058464993,0.3039172104883863,0.4652151059670031,0.3210005705271849,0.4597904339791942,0.3625289182997804,0.4915250005291377,0.4606438911168533,0.4328871726711224,0.5191634912081958,0.5424017588463513,0.5107948266800758,0.5201034575451382,0.5815587338952551,0.3503069829170022,0.4295254846617648,0.4249617659392322,2.8760446121862583e-16,4.9371242694229294e-24,2.1575794738939772e-18,1.932424468012768e-23,1.2189083200204977e-21,4.5346752265879975e-29,1.140879250929506e-27,5.736717388264621e-28,8.854154936725437e-29,7.806513564712737e-30,2.4807283860892527e-30,9.704425060350886e-28,6.393039522396018e-32,2.0028894821210597e-18,2.603332832045179e-24,1.794353357264779e-28,8.982160804545768e-17,6.394413383362506e-25,3.102949116185428e-18,1.4753197636625958e-24,3.66262546514394e-22,1.9984054822195949e-28,4.105361115254147e-30,9.533791768640324e-29,2.3065172106656112e-30,3.1564083296991985e-33,1.1509681745838799e-32,5.656740732691878e-30,3.4404765152596954e-35,1.9208041438546933e-23,1.3296775668579442e-27,6.072817287914927e-35,-ddG stability,319.0,7.0
Ssym_dir,False,True,False,overall,0.4660315364001098,0.5656468445360489,0.4655187064748239,0.5557111058674815,0.5281475885818238,0.6132709979060098,0.5907042571841171,0.576625690597393,0.5972031140162197,0.6207613801780671,0.6246755451359428,0.6008975394557814,0.6387024905262204,0.5199254070727171,0.5606293640399074,0.5501050193433995,0.4827413703048774,0.5924739340103854,0.4944011596287107,0.5908428901387749,0.5312923113889728,0.6296851843232433,0.6225439314894927,0.5984801168261606,0.6278669805068648,0.6527497575461634,0.646561919489878,0.630445108746044,0.6763997560669092,0.5736543134759312,0.611977101196062,0.6172047812121664,2.224090447096177e-20,3.701725617743264e-31,2.4773413715840063e-20,6.472160035983253e-30,1.118706686569988e-26,9.65788885918865e-38,1.74028569726688e-34,1.3981431123660594e-32,2.1348630919831827e-35,7.002631896859527e-39,1.7274189309445036e-39,6.33911685514716e-36,9.692009542628934e-42,9.084689386809588e-26,1.5891286411845663e-30,3.118882836309237e-29,5.987041170512767e-22,9.87475567862252e-35,4.2619049548570483e-23,1.664932893955858e-34,4.945508679153329e-27,2.797081464087104e-40,3.7110841925990816e-39,1.4056077474704758e-35,5.436864830367071e-40,4.091600275831807e-44,4.712820827364085e-43,2.1159077606328248e-40,2.068076642231837e-48,3.4350026220104995e-32,1.5089089014815964e-37,2.455841095157803e-38,-ddG stability,352.0,19.0
Ssym_inv,False,True,False,overall,0.1735212190966784,0.2802341677217778,0.2106803101223354,0.2966220915785045,0.1742085025725378,0.2954631268453558,0.3687064567074075,0.3131335105525977,0.4134639691699572,0.4396142176327263,0.3649735548391746,0.4177618965054849,0.4571083656682051,0.3010576839174995,0.3922559523282369,0.4004495881090005,0.2056651090717179,0.347153898788129,0.2367073749403738,0.3648190452220988,0.2020416109963607,0.378782529755622,0.3533121490590283,0.2915195042649908,0.4229172077534586,0.4675928370400048,0.3605401039822098,0.4479720844383901,0.5004591709985162,0.3601220186964544,0.4740845347713254,0.4914489867352084,0.0010800540628116,8.969099522217824e-08,6.792114771396683e-05,1.3989463146417092e-08,0.001048243803878,1.6787681733462484e-08,8.916375325538456e-13,1.904961162172408e-09,5.738106636478032e-16,4.56913032809043e-18,1.684980587601165e-12,2.940721597753767e-16,1.5936934654115456e-19,8.288414041007139e-09,2.1451172359330118e-14,5.459065608902161e-15,0.0001016909466474,2.0912078742920563e-11,7.149616787719194e-06,1.6033062820220009e-12,0.0001383373923755,2.031232393667789e-13,8.697570220623142e-12,2.5268534873877052e-08,1.0494365201302706e-16,1.5998624595491212e-20,3.2538276527155426e-12,9.97753505582736e-19,1.199437668511193e-23,3.223722644912045e-12,3.992926877234013e-21,8.40112388171446e-23,-ddG stability,352.0,352.0
T4 Lysozyme,False,True,False,per structure,0.6759949035880376,0.8000593891978328,0.7285210371297802,0.7944801294901259,0.7057066847256004,0.8193183238921975,0.78698708128849,0.7971378382202622,0.8137010260238361,0.8307814386319397,0.8038226522554471,0.8128648819018491,0.838515052228137,0.6490028045776711,0.6897480729718878,0.7073113926006239,0.6511669561573726,0.7540356122161408,0.7366399370452271,0.7455050407380966,0.6993395950922104,0.7859834387319533,0.7488503628863492,0.7744420773204819,0.7664133041646756,0.7883251642357301,0.7632352481238355,0.7968557357137743,0.8140841447772754,0.6581921326687032,0.7269385028152946,0.6990050628773852,1.577962764306043e-05,2.3089844137568884e-08,1.5353257047632868e-06,3.3928383450512907e-08,4.4907500321293015e-06,5.5440002460292146e-09,5.587282674466977e-08,2.8286932493333666e-08,8.547398338331952e-09,2.184490014242437e-09,1.768933828045485e-08,9.105065130734202e-09,1.1197850931434563e-09,4.396043859061556e-05,8.981944813028484e-06,4.177938166096894e-06,4.064312077327369e-05,4.045590610708468e-07,1.0210129764433871e-06,6.428816773398926e-07,5.953070448384568e-06,5.964379897624337e-08,5.372709808492021e-07,1.234030338894697e-07,1.9968575328938665e-07,5.118574084730272e-08,2.403409542351156e-07,2.8841889618769548e-08,8.302545347270158e-09,3.137005390648542e-05,1.6596213849007116e-06,6.04069190324437e-06,-ddG stability,33.0,1.0
T4 Lysozyme,True,True,False,per structure,0.6139428905181217,0.7387146772201809,0.6913471342382004,0.7524271194505415,0.7046801326814014,0.7545913016544736,0.8360954737864572,0.8117510703204244,0.8483198965599938,0.8663273142234941,0.8434399956505831,0.842617220881376,0.8521656736196119,0.7993998699465849,0.7702458300243499,0.7809736293826224,0.6329349504493959,0.7483485645641113,0.7240949789892799,0.7684204974536271,0.7475122340270483,0.7615625870497091,0.8284690300147616,0.8102370243067848,0.8321488843778394,0.8517190189451174,0.8313125538407763,0.8386722625669321,0.848206430689452,0.8088988954474837,0.7754456739649576,0.757548200471806,0.0001446598560112,9.177582382192168e-07,8.395735120733658e-06,4.421012387977607e-07,4.701873006055916e-06,3.922832981976644e-07,1.385272583548141e-09,9.900047628887691e-09,4.5566350338577757e-10,7.324395027120849e-11,7.183096701395851e-10,7.744264586007966e-10,3.1473959847301783e-10,2.417958655749709e-08,1.5907813997847294e-07,8.221303661928383e-08,7.726731787123555e-05,5.520273064584846e-07,1.9062502442344812e-06,1.7736540899303517e-07,5.774470783174666e-07,2.646612103287261e-07,2.650439317770062e-09,1.108343882699842e-08,1.9458191634902102e-09,3.2873430012493135e-10,2.08875194482558e-09,1.104279259018696e-09,4.6059389156417255e-10,1.2236415912577612e-08,1.1603884524071761e-07,3.325057175044295e-07,-ddG stability,33.0,1.0
SKEMPI 2.0,False,True,True,per structure,0.2012103419802816,0.2386254485026699,0.2089819725064822,0.2396649907415791,0.2624512474337325,0.2865516756449183,0.3067535384931819,0.2972272526867495,0.2977093464065568,0.2966614622009894,0.3237263754480911,0.3111000190841546,0.3092969919174061,0.2465148487777517,0.2448246385940236,0.2371198518793956,0.2016982168063146,0.2436423872865518,0.2101351974055631,0.2449768448296054,0.2552327811002116,0.2875622108822119,0.2988367426250525,0.2875369944158722,0.2821151497413652,0.294286855165041,0.3191756925071022,0.3099649890919968,0.311675976962159,0.2504374863186615,0.242222563417922,0.2306225485679115,1.836156993383331e-37,4.0308537603171636e-53,2.8220797642226345e-42,9.843649711858822e-49,7.972099780654893e-65,2.1519258919972963e-79,3.4513607847049887e-102,2.2087008128281164e-94,3.415262771503522e-85,5.891038611352667e-83,1.3504688134049569e-108,1.8772056248782091e-90,2.955351285399281e-92,2.066590932009949e-64,1.01745857188921e-57,1.4616168810286437e-59,4.996121941850907e-32,4.377725075846001e-50,7.971168689588521e-35,2.6726571719452544e-45,1.213781531370692e-58,1.9174059374157807e-73,3.193060200872189e-87,1.8546163324069395e-81,2.8393117718048806e-67,8.016775818345705e-68,6.132624546652025e-98,1.0091971126208214e-80,3.688316639807672e-83,1.3060155950740172e-75,2.7680215943672357e-65,3.269760846935066e-68,-ddG binding,5025.0,116.0
SKEMPI 2.0,False,True,False,per structure,0.2231120056519761,0.2591635874574892,0.2314701644257341,0.2662649768704484,0.2938838665325319,0.3147918328570184,0.3407979423065714,0.3271264256815578,0.3309672391009598,0.3249505803785926,0.3595716703740625,0.3344479095502942,0.3353065502550321,0.2812994506967083,0.2978590077182491,0.2701855640462591,0.2149571012154249,0.2585071069348085,0.2204466220111911,0.2623373353133503,0.2742101896984543,0.3061978011736313,0.320026765261481,0.3029931375607195,0.3039123779347902,0.3055678267243005,0.3370915565644177,0.3190476755436941,0.3208717995713234,0.2824187449346182,0.289620870102753,0.2549343242631973,1.23089843030022e-27,4.4873184571557745e-43,1.840416976574437e-33,4.146441063302967e-40,2.7148833900353403e-51,1.7718345244184196e-67,3.7103528395216937e-101,2.5087271766743358e-92,1.7095111181461714e-84,7.808469820819655e-80,3.389121127658264e-109,1.9345161503414128e-87,7.840060667341563e-90,1.741384326136098e-52,2.2175829742100467e-51,1.0067308198136098e-47,1.781239498377738e-22,2.0432860669410798e-33,1.4040665435608492e-25,1.6118904290538682e-31,2.4000934053082286e-41,2.0975190327157e-53,3.6076998722465055e-73,8.778051921149242e-70,3.895647779515015e-56,5.4086758698755455e-53,6.393335042914996e-81,9.19984482900507e-65,4.714264106751388e-67,6.783369921716889e-55,2.3042301958210228e-52,6.980261235966959e-47,-ddG binding,3485.0,93.0
SKEMPI 2.0,False,False,True,per structure,0.2603860704977234,0.3051861807650836,0.2431911232930853,0.2883814844236617,0.2795939934593864,0.3117877240776959,0.2789185770307612,0.2959877062827953,0.2738362511680568,0.2724656968078593,0.3077847867178755,0.2953252798121177,0.2954973940381999,0.272326354777904,0.284365183335215,0.3003921299217608,0.2783460930543303,0.3097851071667816,0.264726624660289,0.2957578940310161,0.2840723695849497,0.3204217715510088,0.2878481423023025,0.3056417121109944,0.2828317246160571,0.2863713494517316,0.323902062205912,0.2964428511178472,0.2917199129380164,0.2408809481433339,0.2235762897016265,0.2395355421245424,1.654919795302372e-22,5.195077616007295e-25,1.2150316433549919e-20,4.0496265522978004e-21,7.14026803548907e-28,2.5153756827783564e-25,7.2703948728031005e-25,3.82179553568972e-28,2.671464222521988e-20,2.6374305733887292e-20,1.2655305411338123e-28,2.36139100098171e-23,9.692569389358525e-22,1.2686477480125902e-25,1.0694400567077294e-25,1.0863885632380938e-32,1.25786202243607e-22,2.198073560034847e-25,1.8675616811219626e-21,8.538943959859328e-23,9.939974117975611e-32,1.4421830346546812e-27,1.8696670214541006e-24,4.8607359532384565e-28,3.3368903748685336e-21,3.651868237420608e-21,5.13619471912914e-29,2.9679904717939495e-23,3.5753633869565064e-20,6.306140532860492e-23,8.486880457687094e-22,1.1589635910777715e-26,-ddG binding,1304.0,41.0
SKEMPI 2.0,False,True,True,overall,0.1870241046190397,0.2070949203540724,0.2040507446809008,0.2078182607592731,0.2408553843916353,0.2517812090112662,0.3279524790938727,0.3142305021408372,0.2990550342533602,0.2996143038922965,0.3370641724973049,0.3096531177926694,0.3058688606650162,0.2857567356224468,0.2711471856499516,0.2801903752644384,0.191218429427303,0.2272318524548606,0.1997354739090739,0.2224545524465842,0.2498158240932317,0.2702651658169423,0.3241519571001214,0.304556764429237,0.2969863232500833,0.2960093329713207,0.3371156241572592,0.3094872435702752,0.3073943330161796,0.2958521466787733,0.2758565805016849,0.2763372311541012,3.123148999335401e-46,1.6605458875643054e-56,7.095043250687167e-55,6.744238741422898e-57,3.3731691378272536e-76,2.5266801219243597e-83,1.1852176891495593e-143,2.0183412220250504e-131,1.2473317762070909e-118,4.345635676769431e-119,8.607111122995592e-152,3.3775772120714748e-127,5.3062672017733055e-124,4.857648291017215e-108,4.70563700659037e-97,8.941887745729596e-104,2.7541711128083176e-48,5.889110770486707e-68,1.3121316227701941e-52,3.905053215919471e-65,5.135154346605941e-82,3.3816023572794262e-96,3.35544705651587e-140,3.520990282762773e-123,6.0392125247530654e-117,3.7317922160397124e-116,7.69590200866566e-152,4.674085565411535e-127,2.767412194113421e-125,4.9989724966864175e-116,1.600890065428623e-100,7.022496502072268e-101,-ddG binding,5726.0,333.0
SKEMPI 2.0,False,True,False,overall,0.2174910763911451,0.2389764563285349,0.2414617674362826,0.2436455507287656,0.2808415317940252,0.290713769184994,0.3864706615079064,0.3743483584344023,0.3561935663120063,0.3518879950710064,0.402948970467575,0.3647547271089125,0.3622117908280967,0.3307363329198821,0.3288852391299638,0.334353598480238,0.1976555857228538,0.2366484460251561,0.2094738849850136,0.2341420442966253,0.2668671513679328,0.2861396354439753,0.341294264153301,0.3279955087171061,0.3140572242935867,0.308132944302473,0.3597136914448965,0.3276649202219427,0.3279974616206192,0.3152788972234118,0.297731918267456,0.2893310456640724,2.784210143174029e-45,1.430988616755341e-54,1.0438017616176774e-55,1.0202587114760929e-56,2.6931591327014883e-75,8.700153953335742e-81,8.399792773349239e-147,3.7713286184753073e-137,1.899839868166901e-123,2.508120420047625e-120,3.934969895916024e-160,1.99763208988298e-129,1.5914406979383755e-127,1.0835360531118847e-105,1.8272201860853922e-104,4.0974878827143225e-108,1.5064242544125472e-37,1.617417074545632e-53,4.639264375903374e-42,2.137592928737638e-52,6.709189739395965e-68,3.2449615901005723e-78,7.452047545652105e-113,7.054897890721874e-104,6.100475374768992e-95,2.7614085237333626e-91,1.1291292770672599e-125,2.304465125982916e-103,1.394529041646311e-103,1.0495221211682622e-95,4.5446993585702906e-85,3.115624913574711e-80,-ddG binding,4118.0,310.0
SKEMPI 2.0,False,False,True,overall,0.2374624597226868,0.2703401415500924,0.2491752890641974,0.2654165361112711,0.2806933540776118,0.3041664944044882,0.3439759762739106,0.3364655894769944,0.3269896568936163,0.3351688493567433,0.3526700717377967,0.3501343989285638,0.3429818150002004,0.3104872277185257,0.2735351876166605,0.2968906465409309,0.2510325925516413,0.2772173774461766,0.260836623865845,0.2703338802322051,0.2921051954380669,0.3073694127124446,0.362196169442711,0.3503542815411789,0.3388803714753783,0.3495293795775307,0.3708591125285874,0.359056688718414,0.3510398550776989,0.3308315372768211,0.2994982908742632,0.3249078435181545,4.764159676592125e-22,2.4959222874055716e-28,3.5038525960353236e-24,2.4895714425532915e-27,1.7622984076625636e-30,9.52156163979934e-36,7.0051103198392466e-46,7.420228841296918e-44,2.21986893655e-41,1.6383673524291061e-43,2.882252800719444e-48,1.4839858579270244e-47,1.3931451285896161e-45,2.834469882877948e-37,5.467780743196983e-29,4.409791881246645e-34,1.5695380976860646e-24,9.264625589314438e-30,2.0258601847549328e-26,2.5033099849108507e-28,5.587144785511049e-33,1.664027945385975e-36,4.971504410816135e-51,1.2061490254512488e-47,1.6804371357475432e-44,2.050454683043705e-47,1.4460603239763274e-53,4.345715243292382e-50,8.280207916760795e-48,2.254431477254658e-42,1.1101727705745575e-34,7.561593682193313e-41,-ddG binding,1608.0,143.0
ATLAS,False,True,True,per structure,0.1802953424254932,0.1316214575664924,0.15093439506652,0.1624099142316486,0.0633075458185966,0.068682783503155,0.3192059386959427,0.2538799258536692,0.2980612115259805,0.2681019166698907,0.2685403980412607,0.2104501344677,0.206735446983226,0.3094494499876508,0.1704715210638796,0.2305428720596684,0.1794976511126198,0.1089427182091842,0.1466109229405451,0.1542431690134581,0.0393701676335057,0.0990309166596124,0.3287276390700782,0.2535479050135062,0.310603689157131,0.2726431750369001,0.2396103300330598,0.1680218557977533,0.1835638439816642,0.2715446374891818,0.1053282999355471,0.1707391804273951,0.1381250875344752,0.0137927372787449,0.295171276657278,0.024798047379488,0.0831553879182733,0.0312243798948573,0.0019204749640278,0.0185770006666447,0.0023651030073934,0.0029768634620446,0.0036779432120344,0.0141836858620613,0.0072481878245546,3.150845231611745e-06,1.2465934888104086e-05,5.428454131751634e-09,0.007619518630392,0.0006794572337409,0.0279224953338176,0.000858983656799,0.0009887781179808,0.0002026342156149,0.0003332948769941,0.0028800846863343,0.0003385752499547,0.000136366716275,0.0002309931889066,3.944578026761904e-05,7.325461082042035e-06,3.270939437446781e-07,9.844992611234163e-07,1.9340176882987576e-10,-ddG binding,266.0,8.0
ATLAS,True,True,True,per structure,0.2696207265706555,0.2735430742551329,0.2879116388180015,0.2762678380741953,0.2868887790919675,0.280986964995823,0.3197947566185063,0.2930098338155017,0.3256969809243294,0.3135168725988096,0.2982706724143902,0.2847567704152821,0.2938364050707037,0.3328947683205389,0.1806679067009668,0.2407147134103715,0.2936267473699849,0.2714657181780192,0.2746067270010752,0.2661341664154636,0.26794263273841,0.3027485909124958,0.2927423607559044,0.2865302331064102,0.3028491630548123,0.304043507511511,0.2971350485444332,0.2237523613861121,0.2968049336322501,0.3080339441194167,0.1067360871964868,0.1661755001632515,0.0211715299366808,0.0110713946246204,0.0122111819452683,0.0126172374791351,0.0057951302638951,0.0073948016742065,0.0008534797897452,0.0037382284364297,0.000148331979144,0.0002413764534111,0.0009848617137541,0.0018120190221495,0.0014552683361555,1.434166092998482e-06,3.278045809981771e-05,1.3490349206788816e-08,0.0049083221701566,0.0082633252120114,0.0055912150317437,0.0038686220140986,0.009492096416666,0.0042338201006506,3.784398190473325e-05,0.0001096157661324,1.2114340563238478e-06,1.049252671485812e-05,1.592767114069036e-06,0.000189633338359,8.937988831812757e-05,4.922041674258816e-07,3.3740165860417905e-06,6.825343214140166e-10,-ddG binding,265.0,8.0
ATLAS,False,True,False,per structure,0.1837111765419883,0.1244568933299016,0.1638991458356103,0.1636112335878571,0.1037338660205458,0.0939767132479716,0.3655501632249692,0.2865883430182638,0.3410380072465765,0.3040907497274844,0.3341775462667966,0.2716800955919932,0.2535449314681564,0.3718531966050992,0.261977897557888,0.3220405852109128,0.2246513911084071,0.1591704533032623,0.2004554194472231,0.2214191819962649,0.1104699241142215,0.1791787989468787,0.379557915251294,0.2817643802493862,0.3610465539749511,0.3005448341750651,0.3335953823192413,0.2641759267937849,0.2575826836795051,0.3501536038807357,0.243154021178678,0.2932970272326444,0.4331235541774422,0.4194944834249807,0.5909854021867472,0.3476995916057644,0.324403053798515,0.3813393210138661,0.0022186210538013,0.0379719968353098,0.0017337457924764,0.005263875983997,0.0035557603806672,0.0199345773682033,0.0143483762551162,4.791409077613342e-06,2.1330210272909152e-05,4.389554681475711e-07,0.1942432754517116,0.2852619040731636,0.3701362263515419,0.1520419949660094,0.1068718847451833,0.1352017019038423,0.0009902220573459,0.0314291529099782,0.0003273675876992,0.0027824212841201,0.0026679085149719,0.007765812485395,0.0028330185944023,5.534903964213198e-06,2.2415909675466683e-05,1.984208135809354e-06,-ddG binding,180.0,7.0
ATLAS,True,True,False,per structure,0.3320693283326195,0.329287712824755,0.3490962988380771,0.340167851699564,0.3616935121437267,0.3382989281877669,0.4177786058644322,0.3803439673772252,0.4204945211380447,0.3986577889517438,0.401623152552875,0.3828609371514859,0.3704876476111997,0.3729236458566686,0.2614531514253844,0.3218364122236773,0.3892577692711179,0.3454256648406857,0.355281246175272,0.3713970778971698,0.3762423992152825,0.3994909883878424,0.4293665679045046,0.4082926055026344,0.4407869752223005,0.4095268952114265,0.4329959329448707,0.3661497976811331,0.3931329236688743,0.3525762988197808,0.2295036551997377,0.2891369065748341,0.0124763804049234,0.0032217722873554,0.0051857764574994,0.0024298486265676,0.0018725231627389,0.00170493526148,8.919334313817189e-05,0.0006109410425441,4.328426902052806e-06,9.535878475276054e-06,8.059236932779577e-05,7.554287683999302e-05,9.224062641606215e-05,5.478746984739249e-06,2.443641121785826e-05,5.365621857882451e-07,0.0021935963093528,0.0028880389722698,0.0084645729133864,0.0009113366414318,0.0028192803049576,0.0004122135629344,1.9373297137389447e-05,5.0045014871750085e-05,8.749575926190561e-07,1.304383115871585e-05,1.995619470412859e-06,9.738982392257646e-05,8.775909771894548e-06,4.152033581791223e-06,3.827350129828663e-05,3.894157715727017e-06,-ddG binding,180.0,7.0
ATLAS,False,False,True,per structure,-0.0092661817752352,0.0376937325051819,-0.064512688311913,-0.0073366403607093,-0.1646433663781206,-0.0073717971218639,0.0380640999894289,0.0871930413108601,0.0073511149914049,0.0601128036499733,-0.1232275297155934,-0.0828588562194626,0.0371761815388976,-0.0239400244760355,-0.2117150016667819,-0.0904007827767462,0.0386633561732408,0.0454426657470184,-0.0149001610419041,0.0191030903744201,-0.1318823409408941,-0.0065256379963642,0.1010659485496028,0.117767906832095,0.0972859908531479,0.1699097092777975,-0.1126292518970184,-0.0512203656270352,0.0666397784354652,-0.0061931333778797,-0.2319994099120929,-0.0663614766967363,9.541645810810802e-05,4.2631652425579584e-08,8.278326850997287e-05,7.972091901006325e-08,1.0692702769717808e-06,4.079451135962154e-08,0.0859223951839936,0.0166182624907725,0.1123025293328557,0.014252653524976,0.0070500500692301,0.0003888789709733,0.0006348489956214,0.00396613212,0.0001972436482549,8.595478486602283e-08,6.029036599181802e-05,9.914164805596984e-09,0.0001077888759936,2.8661043790619873e-08,1.8981484244906243e-06,9.099220733701956e-09,0.0749050644855409,0.0174229175912071,0.0889504886728273,0.0009318543563871,0.0016479621159089,1.317738345307254e-05,2.629876815296497e-05,0.0133106548317871,0.0004827095794672,1.0524766261692605e-07,-ddG binding,79.0,2.0
ATLAS,True,False,True,per structure,-0.2083857275265137,-0.0995914557194289,-0.2459426360930799,-0.1677487587605007,-0.217326204861218,-0.0889123545578893,-0.2982740190848603,-0.2549106965433848,-0.2709360744126683,-0.1524782830629957,-0.2235318152698642,-0.221016977066292,-0.0496818618374022,0.1932577516518536,-0.2030013045384173,-0.0528742264934148,-0.157690001638907,-0.036746936735328,-0.1736940374477535,-0.1360378019531331,-0.1793554487466921,-0.0691416073425874,-0.3554500158072011,-0.3031164806707949,-0.3166309724222647,-0.1550781728094151,-0.2706215462936865,-0.2520941701024914,0.021106401687855,0.1672775175415615,-0.1882879043251843,-0.0689767752143242,0.2505413798923609,0.3608189275290789,0.1429625140875527,0.2895529358753562,0.190580547884773,0.3150904078383789,0.0598151390339639,0.1298869275986017,0.1003800555468689,0.2675416565222393,0.2047000993404642,0.1145769346234755,0.4433884837552507,0.0217000333483369,0.0003990851028234,2.2056795482439299e-07,0.4613482723110709,0.5366073470617857,0.3438714369098475,0.4367932206964877,0.3437930386963544,0.7224302683946524,0.0140237945233175,0.0505797024925108,0.0418922399976514,0.2126905589156091,0.0799618607100022,0.0373937639705618,0.4318141147113229,0.0197050465557964,0.0008073260532424,5.7103936921483476e-08,-ddG binding,78.0,2.0
ATLAS,False,True,True,overall,0.1218908364515159,0.2320626451057544,0.1368825619220294,0.2139834285779086,0.1028267408786078,0.1982903990231678,0.1359576581887423,0.1602351862518955,0.1561098961579234,0.1830832028174686,0.1382784295445377,0.1638162923553063,0.1832108667942159,0.083135054282551,0.0697734853582004,0.104999489067506,0.1334950124366748,0.2241348543150685,0.1522107444707391,0.205878738346653,0.105397548550443,0.1837789728956388,0.1816362415809117,0.2019910734862083,0.1894257862316665,0.2243564887632202,0.1840724642528887,0.2117261570539092,0.2201941636446809,0.1953436746331204,0.1552629889663677,0.1740484173049739,0.019004866687064,6.469585784108531e-06,0.0083766085281083,3.32044133616307e-05,0.0474980516005979,0.0001181605388703,0.0088312629089968,0.001989756492878,0.0026025571015375,0.0004005454774537,0.0075651695340399,0.0015223728877377,0.000382517446314,0.1094152875711401,0.1793204469094013,0.0429764255245878,0.0101506452786563,1.347610845930011e-05,0.0033349883213987,6.619123359555482e-05,0.0421886097939961,0.0003665492341117,0.0004459678151289,9.129517873948004e-05,0.0002477443943141,1.3207145760774884e-05,0.0003585451303429,3.8442419483172166e-05,1.8243602575175732e-05,0.0001497024272407,0.0026754724934492,0.0007478874674838,-ddG binding,372.0,39.0
ATLAS,True,True,True,overall,0.0502826394068028,0.1432514973274717,0.0556497875964155,0.1179700630551454,0.091202064682481,0.1277753243650921,0.073652408276151,0.0809864434722874,0.1077597277554323,0.1471705271545262,0.1036671002129901,0.10713979370446,0.1357951727555947,0.1251837810573636,0.0999552816112052,0.1386942758878024,0.0402165242020117,0.157057798639351,0.0372876563609899,0.117864512472152,0.0590827940820576,0.1216560139719809,0.0751340812472551,0.0771253481683168,0.1374660860478935,0.1894754844639926,0.1356148308972784,0.1502562199809337,0.1849309492117714,0.2138815480368446,0.1800910245188957,0.1953789119191377,0.3347735285033611,0.0057726291343411,0.2856781631608685,0.0232408925427819,0.0789545170067799,0.0136530533406346,0.1579692098656655,0.1204297192259889,0.0385459115123528,0.004612739065574,0.0459981297643492,0.0391473358911482,0.008820989159012,0.0158404601512309,0.0544050301831129,0.0074647398116402,0.4405440387322846,0.0024482215247428,0.4745693699702203,0.0233654023969469,0.2556612787545782,0.0189128542453117,0.1497490518322169,0.1392188367053808,0.0081873980710242,0.0002516556399129,0.0089121818616937,0.0037214143439163,0.00034236527143,3.2683603991919554e-05,0.0004909734481375,0.000152400481671,-ddG binding,371.0,39.0
ATLAS,False,True,False,overall,0.1023826762836321,0.1369917223214437,0.112044893353827,0.147415934900494,0.0829462114615451,0.1238764118215603,0.2102718234115106,0.174389812831012,0.2007115036030909,0.2054498889772367,0.1742453447786236,0.1644855017740621,0.1631168026589488,0.2401865974712737,0.1859560381731239,0.1832391004659524,0.0927832294409991,0.1251050154613973,0.1061004891210817,0.1376541643105844,0.0722021199364506,0.1117776808056265,0.194907777966186,0.1565074170250311,0.1859570763953719,0.1915061936255875,0.1740767138128308,0.1601729728107462,0.1567244589490743,0.2774295314819417,0.2102850968783366,0.2079206137980005,0.1001666415543914,0.0274953784268418,0.0718381738919872,0.0175992341239379,0.1815792750485835,0.0455665828835612,0.0006597240069327,0.004884373619547,0.0011636923165155,0.0008811441177946,0.0047556323448174,0.0077504909385375,0.0082835009677863,8.883118999896173e-05,0.0025601278048607,0.0029653463706064,0.1364356945985357,0.0442678617318372,0.0883661992317505,0.026748110864832,0.2450812233405262,0.0714181129186428,0.0016223750958869,0.0116647667781115,0.0026604458793023,0.0019628524285813,0.004796953172789,0.009541717412717,0.0112288307631153,5.361266840220615e-06,0.0006279057033455,0.0007249890860215,-ddG binding,261.0,36.0
ATLAS,True,True,False,overall,0.1375935357705092,0.1794525683403339,0.1565225944964135,0.1740602778944386,0.1656776368803387,0.1628030543962025,0.2200844035092924,0.1929149238643694,0.2318467582962966,0.2477178410115282,0.2067011482361586,0.190104813639675,0.196312878192139,0.2257975560243235,0.1734880817259755,0.1785508250484784,0.1949671822210933,0.2223646318085287,0.20333592931796,0.2107763122451112,0.190127254254541,0.1843854685500367,0.2197933255423336,0.2035462618251612,0.2366544634759324,0.2441383634735389,0.2175931923139056,0.2045871853959909,0.2174666320576787,0.2553911721976219,0.19487343261006,0.1969716329112945,0.0268157702553503,0.0037602375792878,0.0116565569458451,0.0049670825832076,0.0073113672924892,0.0084101839824238,0.0003588311786696,0.0018146297685959,0.0001668189204917,5.569323661627316e-05,0.0007803106298627,0.0020377516629034,0.0014356772264742,0.0002350939569231,0.0049437334796575,0.0038034073952365,0.0016169414942406,0.0003102734639498,0.0009983145788614,0.0006398094739609,0.0020352120864114,0.0027877590024955,0.0003655146738183,0.0009860446698978,0.0001205870575635,7.179030165490719e-05,0.0003986534840213,0.0008855286974158,0.0004018539105105,2.971757977401044e-05,0.0015585800593268,0.0013824498051512,-ddG binding,261.0,36.0
ATLAS,False,False,True,overall,0.2717644199131679,0.4859150804853796,0.3110253647761964,0.4492072271557445,0.2764562539429703,0.4512424170600086,0.1371428634186743,0.244407939773517,0.22075135282184,0.2774659652416096,0.2150615839479457,0.298612243458546,0.3355982598866288,0.0950262487471108,0.0616403429406339,0.1347918816215642,0.2633115780152738,0.4473339550988338,0.293542478044022,0.4146766852999988,0.2760445347472661,0.4203192016188624,0.0725366094739136,0.1735007953318998,0.227543465238154,0.2962277190915683,0.189335819744636,0.3141556519678332,0.3392135140961613,0.0915000274600166,0.0272560741623488,0.1087961389133295,0.0039102191711385,6.439951186151305e-08,0.0008919205574323,7.602238193041757e-07,0.0033124945570645,6.679209267295697e-07,0.1511945274298138,0.0097328223725037,0.0198997706094757,0.0031951332246803,0.023404997821893,0.0014554524721983,0.0003173202966072,0.3211596725545657,0.5204308612917783,0.1583948702460272,0.0052349627440103,8.557850722326987e-07,0.0017669675421981,6.042931340857869e-06,0.0033614507177363,4.373481666707915e-06,0.4493093232546049,0.0685932573751712,0.0163156540879873,0.0015951555970266,0.0465649460471514,0.0007856518505532,0.0002705488684167,0.3395244065390632,0.7764390028379782,0.2556885472952717,-ddG binding,111.0,16.0
ATLAS,True,False,True,overall,-0.1411384150002849,0.1471657479936893,-0.1343502844450732,0.0765871228280387,-0.0029346287156594,0.1286693351174437,-0.1337355383084239,-0.0752304238320083,-0.0095815945959384,0.0822359662430053,-0.0062901074660067,0.0479679610342125,0.1202200293433472,0.2091166230872196,0.1645360823772746,0.2440933264658288,-0.1280491417182855,0.1412603521662624,-0.1635496079204048,0.0716503044222725,-0.0679646794550521,0.0845763177001669,-0.2612220056800552,-0.1802689269622031,-0.0592135072332518,0.0761786684726859,-0.0633477227146658,0.0478973885218568,0.1308702366352089,0.2490132210304705,0.1732448182162455,0.2323726655867418,0.1395256568160485,0.123233838961303,0.1597754465680843,0.4243276949528934,0.9756138240293776,0.1783438874024367,0.1636582969298799,0.4347332438279991,0.9208628366170956,0.3930533279730588,0.9480002540795078,0.6187436119743793,0.2109281115531943,0.028344861741437,0.0858544167500064,0.0101750457976945,0.1804631179135724,0.1391806118255049,0.086314898285566,0.4548832722540029,0.4784692455971252,0.3774726485713614,0.0058431862034547,0.0594908512666352,0.5388971085321013,0.428948703437361,0.510880297774122,0.6192604297761919,0.1729556926840768,0.008708331438165,0.0703015849084962,0.0145721350468551,-ddG binding,110.0,16.0
