pdbid,chainid,variant,score,pe_wt,pe_mt,log_proba_wt,log_proba_mt,log_proba_mt__minus__log_proba_wt
1AMQ,A,C191F,1.6,-0.23233311,-0.46756014,-2.842325168045418,-3.0777546052889955,-0.23542943724357768
1AMQ,A,C191S,1.9,-0.23233311,-0.24358585,-2.842325168045418,-2.851485286703276,-0.009160118657858263
1AMQ,A,C191W,3.9,-0.23233311,-0.55349314,-2.842325168045418,-3.163200151589016,-0.320874983543598
1AMQ,A,C191Y,2.3,-0.23233311,-0.5303315,-2.842325168045418,-3.1391148203876327,-0.2967896523422149
1ARR,A,P8L,-2.49,-0.33947885,-0.23877208,-3.051766516273591,-2.9511367220930893,0.10062979418050189
1BNI,A,F7L,4.1,0.063828215,-0.18863766,-2.60847019645527,-2.860736823621885,-0.2522666271666152
1BNI,A,I51V,1.1,0.1516413,-0.10098505,-2.4644596155953185,-2.716852294493629,-0.2523926788983104
1BNI,A,I76A,1.7,0.019963352,-0.33977926,-2.569369344779192,-2.9315643683001196,-0.3621950235209277
1BNI,A,I76V,1.0,0.019963352,0.13243589,-2.569369344779192,-2.4602542923154407,0.1091150524637512
1BNI,A,I88A,4.0,0.022286547,-0.39688048,-2.5777152347480454,-2.9967293143571503,-0.41901407960910486
1BNI,A,I88V,1.6,0.022286547,-0.100793324,-2.5777152347480454,-2.7019094652553783,-0.12419423050733291
1BNI,A,I96A,3.2,0.15030688,-0.4740796,-2.4533639748176777,-3.0774614155257924,-0.6240974407081148
1BNI,A,I96V,3.1,0.15030688,0.024718331,-2.4533639748176777,-2.578198935153096,-0.12483496033541819
1BNI,A,L14A,4.5,0.14801864,-0.40627187,-2.4474130202943982,-3.0003302651068777,-0.5529172448124795
1BNI,A,L89V,0.5,-0.046076328,3.0657648e-05,-2.6645513486208077,-2.620759281047413,0.04379206757339471
1BNI,A,S91A,2.4,0.03769768,0.009885919,-2.5295937905011154,-2.5582578881007003,-0.02866409759958488
1BNI,A,T26A,1.7,-0.034956455,-0.39659566,-2.6883204756074988,-3.0483108284930713,-0.3599903528855726
1BNI,A,Y78F,1.1,0.13339704,0.13939022,-2.5235219836205465,-2.5180165264825614,0.005505457137985115
1CEY,A,D12A,-2.5,-0.4342187,-0.4404661,-3.0593511001510656,-3.070075501901999,-0.010724401750933588
1CEY,A,D13A,-2.7,-0.31417984,-0.33798006,-3.004657831964155,-3.032204032360066,-0.027546200395911047
1CEY,A,D57A,-3.3,-0.06422724,-0.41115612,-2.7150082950270242,-3.064042996459311,-0.349034701432287
1EY0,A,I72L,0.2,0.14020504,0.034867205,-2.474209752871802,-2.5782671541477007,-0.1040574012758988
1EY0,A,I72V,1.2,0.14020504,-0.03987614,-2.474209752871802,-2.6542523398859807,-0.18004258701417886
1EY0,A,I92V,0.4,0.16454554,0.013495609,-2.4374537641059626,-2.588436424914507,-0.15098266080854428
1EY0,A,K116G,-1.0,-0.17692173,-0.40754622,-2.8806816006925238,-3.112647803810697,-0.2319662031181733
1EY0,A,L25I,1.7,0.17951624,-0.09688332,-2.435116146935263,-2.7079827215472383,-0.2728665746119754
1EY0,A,P117A,-0.8,-0.2533651,-0.34308434,-2.923117521986726,-3.0132220388882027,-0.09010451690147692
1EY0,A,P117G,-0.9,-0.2533651,-0.25352225,-2.923117521986726,-2.921275260078497,0.0018422619082287817
1EY0,A,P117T,-1.1,-0.2533651,-0.4467451,-2.923117521986726,-3.116904294525805,-0.19378677253907917
1EY0,A,S128A,-0.7,-0.15487626,0.01393656,-2.791282281076755,-2.6209987171202798,0.17028356395647526
1EY0,A,S59A,-0.5,-0.29309,-0.12710676,-2.963240090233241,-2.7955503876895222,0.16768970254371895
1EY0,A,T120C,1.7,-0.13698384,-0.34916908,-2.7992256223876466,-3.0110748682153132,-0.21184924582766662
1EY0,A,T120S,0.6,-0.13698384,-0.21014073,-2.7992256223876466,-2.8709136417377628,-0.07168801935011615
1EY0,A,T120V,1.8,-0.13698384,-0.25246733,-2.7992256223876466,-2.9139482358095825,-0.1147226134219359
1EY0,A,T22C,0.9,-0.17643674,-0.36619765,-2.8282961374570434,-3.018753789725008,-0.1904576522679644
1EY0,A,T22V,0.9,-0.17643674,-0.116338074,-2.8282961374570434,-2.7685890233461894,0.059707114110854054
1EY0,A,T33V,-0.4,-0.10276158,-0.10159691,-2.793327407441515,-2.7915628203184784,0.0017645871230365096
1EY0,A,T41C,-0.6,-0.08951701,-0.24895549,-2.6973092340310436,-2.858122139328223,-0.1608129052971794
1EY0,A,T41I,-0.7,-0.08951701,-0.10972126,-2.6973092340310436,-2.71808407386012,-0.020774839829076353
1EY0,A,T41S,1.1,-0.08951701,-0.37005946,-2.6973092340310436,-2.9788339366750893,-0.2815247026440457
1EY0,A,T41V,-0.8,-0.08951701,0.054369472,-2.6973092340310436,-2.55341638281277,0.14389285121827378
1EY0,A,T44V,-0.1,-0.17481992,-0.10142411,-2.8398818288177763,-2.7671183065515437,0.07276352226623262
1EY0,A,T62S,2.1,-0.098550424,-0.4655389,-2.6984726147181477,-3.0660088735568842,-0.36753625883873653
1EY0,A,T62V,0.2,-0.098550424,0.008862935,-2.6984726147181477,-2.5897674330270646,0.10870518169108312
1EY0,A,T82S,0.7,-0.19200368,-0.3957312,-2.8948251960881537,-3.098453096589752,-0.20362790050159818
1EY0,A,V23L,0.1,-0.07615121,0.08961378,-2.692947213210381,-2.5277738518650343,0.16517336134534677
1EY0,A,V66I,1.0,-0.26052248,-0.2018815,-2.857762110256481,-2.800410361418871,0.05735174883760985
1EY0,A,V66K,7.5,-0.26052248,-0.67144555,-2.857762110256481,-3.2690750084162152,-0.41131289815973426
1EY0,A,V66L,0.3,-0.26052248,0.18944171,-2.857762110256481,-2.4090023587846177,0.4487597514718633
1IHB,A,F71N,-0.7,-0.062076144,-0.20796749,-2.744808830185115,-2.892257359262014,-0.14744852907689943
1IHB,A,F82Q,0.4,-0.096825495,-0.2715536,-2.776253901901925,-2.954178045532484,-0.17792414363055942
1IHB,A,F92N,1.1,0.09152973,-0.3385344,-2.566372355757326,-2.998951787850399,-0.4325794320930729
1IOB,A,T9G,2.6,-0.19086978,-0.56708074,-2.848030706927138,-3.224225231252517,-0.37619452432537903
1L63,A,A129F,1.2,0.2199738,-0.5962327,-2.3460421657625457,-3.1637619438141646,-0.817719778051619
1L63,A,A129W,2.2,0.2199738,-0.6825816,-2.3460421657625457,-3.2492179060356747,-0.9031757402731291
1L63,A,A130S,-1.0,0.10822477,-0.14546204,-2.4887582100382595,-2.741890385162295,-0.25313217512403563
1L63,A,A134S,0.1,-0.09579843,-0.15541817,-2.7579522967341794,-2.8151148132478987,-0.057162516513719286
1L63,A,A41S,0.6,-0.18379752,-0.33015785,-2.862098101068371,-3.008404792635591,-0.14630669156721998
1L63,A,A42S,2.3,0.28657266,-0.17157763,-2.2490667401617417,-2.708421402259888,-0.45935466209814635
1L63,A,A42V,2.7,0.28657266,-0.266787,-2.2490667401617417,-2.803286029341098,-0.5542192891793563
1L63,A,A49S,0.5,-0.22435126,-0.4214526,-2.869974271868319,-3.0685406999756797,-0.1985664281073607
1L63,A,A73S,0.4,-0.09776375,-0.2176834,-2.784949389530854,-2.904224380746148,-0.11927499121529417
1L63,A,A82S,0.3,-0.22791667,-0.17025395,-2.9473098674335834,-2.890103009281411,0.0572068581521723
1L63,A,A93S,0.2,-0.2168574,-0.24670081,-2.912920576412263,-2.9423494814544,-0.02942890504213702
1L63,A,A98C,1.0,0.26447082,-0.22063264,-2.2809025496388977,-2.7663562084228768,-0.48545365878397906
1L63,A,A98L,4.3,0.26447082,-0.52660555,-2.2809025496388977,-3.0721884243646267,-0.791285874725729
1L63,A,A98S,2.5,0.26447082,-0.113305256,-2.2809025496388977,-2.6589264236213754,-0.3780238739824777
1L63,A,A98V,3.2,0.26447082,-0.26708323,-2.2809025496388977,-2.814043074889515,-0.5331405252506172
1L63,A,D20A,0.3,-0.062048297,-0.40520567,-2.6873227340539745,-3.029836519993076,-0.34251378593910164
1L63,A,D20N,-1.3,-0.062048297,-0.067858994,-2.6873227340539745,-2.69360612175662,-0.00628338770264536
1L63,A,D20S,-0.7,-0.062048297,-0.49922857,-2.6873227340539745,-3.1269357926019046,-0.4396130585479301
1L63,A,D47A,1.0,-0.12522572,-0.23175554,-2.7887975326018046,-2.8960086628773962,-0.10721113027559159
1L63,A,D72P,2.7,-0.11716566,-0.91960704,-2.7920189567720413,-3.597082922083688,-0.8050639653116467
1L63,A,D92N,1.4,0.041811652,-0.3036852,-2.6282086987748334,-2.974147407565104,-0.3459387087902708
1L63,A,E11H,-0.1,-0.059931945,-0.31308782,-2.7295666680922204,-2.9829519268287488,-0.2533852587365284
1L63,A,E11N,0.1,-0.059931945,-0.28585538,-2.7295666680922204,-2.954867884121717,-0.2253012160294965
1L63,A,F104M,0.4,0.088929355,-0.330826,-2.5630315774776613,-2.982648615439801,-0.4196170379621398
1L63,A,F153A,3.8,0.14416012,-0.47999644,-2.49387011323817,-3.1186572533736103,-0.6247871401354401
1L63,A,F153I,0.2,0.14416012,-0.12996927,-2.49387011323817,-2.7664332051062805,-0.27256309186811034
1L63,A,F153L,-0.3,0.14416012,-0.051722817,-2.49387011323817,-2.688946732355231,-0.19507661911706098
1L63,A,F153M,0.6,0.14416012,-0.22013266,-2.49387011323817,-2.857699046013349,-0.3638289327751787
1L63,A,F153V,1.8,0.14416012,-0.3026275,-2.49387011323817,-2.939916163548877,-0.44604605031070665
1L63,A,F67A,1.9,0.15239842,-0.38524908,-2.492014727669138,-3.0303434831783855,-0.5383287555092475
1L63,A,I100A,3.4,0.14433174,-0.43364888,-2.456824962701195,-3.0357754309232434,-0.5789504682220485
1L63,A,I100M,1.6,0.14433174,-0.29984823,-2.456824962701195,-2.9014556228038955,-0.4446306601027006
1L63,A,I100V,0.4,0.14433174,-0.030574346,-2.456824962701195,-2.632857137738822,-0.17603217503762725
1L63,A,I17A,2.7,0.1446667,-0.4765451,-2.480773141806324,-3.10175534271924,-0.6209822009129158
1L63,A,I27A,3.1,0.093050644,-0.34327373,-2.4868084999246953,-2.9220726278960703,-0.4352641279713749
1L63,A,I27M,3.1,0.093050644,-0.36039487,-2.4868084999246953,-2.9388285728822163,-0.452020072957521
1L63,A,I29A,2.6,-0.03024838,-0.4468388,-2.6707646038695625,-3.0880526242963073,-0.41728802042674484
1L63,A,I50A,2.0,0.031001445,-0.44952732,-2.585907762528189,-3.067390680751042,-0.4814829182228526
1L63,A,I50M,0.4,0.031001445,-0.29002118,-2.585907762528189,-2.9066503492790075,-0.32074258675081824
1L63,A,I58A,3.2,0.19694872,-0.45481092,-2.3919076107162613,-3.0440452259653714,-0.6521376152491101
1L63,A,I58T,3.4,0.19694872,-0.358531,-2.3919076107162613,-2.9463238428403744,-0.5544162321241131
1L63,A,I78A,1.2,0.15118411,-0.41059962,-2.445173564447166,-3.006462137033468,-0.5612885725863022
1L63,A,I78M,1.5,0.15118411,-0.28716463,-2.445173564447166,-2.882930276808959,-0.4377567123617929
1L63,A,I78V,0.8,0.15118411,-0.084274255,-2.445173564447166,-2.677270371081687,-0.23209680663452126
1L63,A,K43A,1.0,-0.2195468,-0.42864615,-2.891079044290883,-3.1027974740992104,-0.21171842980832745
1L63,A,L118A,3.2,0.13597329,-0.42218265,-2.481091300647431,-3.038241436630668,-0.5571501359832367
1L63,A,L118M,0.7,0.13597329,-0.19791397,-2.481091300647431,-2.8143823884125685,-0.3332910877651374
1L63,A,L121M,0.8,0.15120116,-0.1924548,-2.4575131827265193,-2.7990953345001364,-0.34158215177361706
1L63,A,L133F,0.3,0.104664005,-0.021557752,-2.5024980202671276,-2.6254013056053056,-0.12290328533817796
1L63,A,L133M,0.4,0.104664005,-0.045451757,-2.5024980202671276,-2.6512439907121337,-0.14874597044500604
1L63,A,L46A,1.9,0.1828247,-0.31112894,-2.414175160983382,-2.907322145525779,-0.49314698454239725
1L63,A,L66M,1.0,0.12654075,-0.15242234,-2.5159520583157815,-2.7939783166805587,-0.27802625836477723
1L63,A,L84A,2.6,0.17147364,-0.4215474,-2.4094179280332697,-3.0019843303345453,-0.5925664023012756
1L63,A,L84M,1.9,0.17147364,-0.28410074,-2.4094179280332697,-2.8640288793644366,-0.4546109513311669
1L63,A,L91A,3.9,0.10661437,-0.4796535,-2.4765616582468684,-3.064022508065137,-0.5874608498182687
1L63,A,L91M,0.8,0.10661437,-0.2713856,-2.4765616582468684,-2.854486071073065,-0.3779244128261965
1L63,A,L99A,4.5,0.16658622,-0.41877565,-2.4352000239351654,-3.020432272233302,-0.5852322482981367
1L63,A,L99F,0.3,0.16658622,-0.20035219,-2.4352000239351654,-2.800301439133987,-0.36510141519882167
1L63,A,L99I,1.5,0.16658622,-0.29620826,-2.4352000239351654,-2.8975594667579423,-0.46235944282277686
1L63,A,L99M,0.6,0.16658622,-0.1436059,-2.4352000239351654,-2.7441924601405434,-0.308992436205378
1L63,A,L99V,2.0,0.16658622,-0.3197787,-2.4352000239351654,-2.920281067086618,-0.48508104315145273
1L63,A,M102L,1.0,0.19965059,-0.051439345,-2.3837329928599154,-2.6338639136234043,-0.250130920763489
1L63,A,M106I,-0.2,-0.18750833,-0.1959492,-2.8317776220574435,-2.838466495838601,-0.006688873781157234
1L63,A,M106K,3.4,-0.18750833,-0.416843,-2.8317776220574435,-3.0606746412801593,-0.22889701922271577
1L63,A,M106L,-0.5,-0.18750833,0.076723956,-2.8317776220574435,-2.5689551539489384,0.2628224681085052
1L63,A,M120K,1.6,-0.19356067,-0.3806602,-2.844118077415446,-3.030628712406493,-0.18651063499104703
1L63,A,M120L,-0.5,-0.19356067,0.022512624,-2.844118077415446,-2.628174118279553,0.21594395913589315
1L63,A,M120Y,0.1,-0.19356067,-0.06295036,-2.844118077415446,-2.71240694691385,0.13171113050159589
1L63,A,M6A,1.9,-0.00335342,-0.25196335,-2.6127799485178067,-2.860661218575015,-0.24788127005720817
1L63,A,M6L,2.8,-0.00335342,-0.2042717,-2.6127799485178067,-2.814661465786138,-0.20188151726833148
1L63,A,N101A,1.5,-0.25145274,-0.07392953,-2.84168383358284,-2.6616592608585306,0.18002457272430927
1L63,A,N144E,-0.5,-0.22811072,-0.08016873,-2.928408556641206,-2.7817897729029673,0.1466187837382389
1L63,A,Q105M,1.2,-0.2778731,-0.26645112,-2.944289630157013,-2.9329994486366893,0.011290181520323905
1L63,A,S117F,-1.1,-0.13788347,-0.46351448,-2.7398450088479636,-3.0658031008014994,-0.32595809195353587
1L63,A,S38N,-0.0,-0.20941004,-0.14800858,-2.888335090967892,-2.8262329603259126,0.062102130641979336
1L63,A,S44A,-0.3,-0.19746995,-0.03206916,-2.8865217250916566,-2.721098331156267,0.16542339393538974
1L63,A,S44E,-0.0,-0.19746995,-0.21464741,-2.8865217250916566,-2.9039793469184225,-0.017457621826765912
1L63,A,S44F,-0.1,-0.19746995,-0.34902194,-2.8865217250916566,-3.0387770280642132,-0.15225530297255663
1L63,A,S44G,0.5,-0.19746995,-0.37323847,-2.8865217250916566,-3.06273690309533,-0.1762151780036736
1L63,A,S44I,-0.3,-0.19746995,-0.34557104,-2.8865217250916566,-3.03449037784626,-0.14796865275460336
1L63,A,S44K,-0.2,-0.19746995,-0.2093255,-2.8865217250916566,-2.89838784919598,-0.011866124104323195
1L63,A,S44L,-0.4,-0.19746995,-0.3176709,-2.8865217250916566,-3.0071529653132885,-0.12063124022163185
1L63,A,S44N,0.1,-0.19746995,-0.2953347,-2.8865217250916566,-2.985192685670459,-0.09867096057880254
1L63,A,S44P,3.0,-0.19746995,-0.97744024,-2.8865217250916566,-3.6665773355570166,-0.78005561046536
1L63,A,S44R,-0.2,-0.19746995,-0.28986165,-2.8865217250916566,-2.9797273316542974,-0.09320560656264076
1L63,A,S44T,-0.0,-0.19746995,-0.23021801,-2.8865217250916566,-2.9191323979914396,-0.03261067289978303
1L63,A,S44V,-0.1,-0.19746995,-0.31400916,-2.8865217250916566,-3.0029094591463044,-0.11638773405464775
1L63,A,T109D,-0.6,-0.27507704,-0.15259764,-2.993390647066219,-2.870441234825548,0.12294941224067113
1L63,A,T109N,-0.1,-0.27507704,-0.2793038,-2.993390647066219,-2.998269986184988,-0.004879339118768922
1L63,A,T152A,1.5,-0.20891376,-0.33565658,-2.8127372803024526,-2.940207997470406,-0.12747071716795322
1L63,A,T152C,0.5,-0.20891376,-0.3358548,-2.8127372803024526,-2.940521297753779,-0.12778401745132628
1L63,A,T152I,0.4,-0.20891376,-0.009022772,-2.8127372803024526,-2.611650154403541,0.20108712589891153
1L63,A,T152S,2.0,-0.20891376,-0.47467738,-2.8127372803024526,-3.0789656983391422,-0.2662284180366896
1L63,A,T152V,-0.2,-0.20891376,0.105682194,-2.8127372803024526,-2.4988768567710236,0.31386042353142907
1L63,A,T59A,1.5,-0.0363551,-0.43404335,-2.6967004421972693,-3.092603676307789,-0.39590323411051953
1L63,A,T59D,1.2,-0.0363551,-0.21638718,-2.6967004421972693,-2.8767027544299335,-0.18000231223266416
1L63,A,T59G,1.6,-0.0363551,-0.391353,-2.6967004421972693,-3.0511333874514346,-0.35443294525416524
1L63,A,T59N,1.1,-0.0363551,-0.24499837,-2.6967004421972693,-2.90192965713701,-0.20522921493974078
1L63,A,T59S,0.2,-0.0363551,-0.13655554,-2.6967004421972693,-2.79565884377832,-0.09895840158105074
1L63,A,T59V,1.5,-0.0363551,-0.39940256,-2.6967004421972693,-3.0596309904335266,-0.36293054823625726
1L63,A,V103A,2.2,0.17595984,-0.24756876,-2.4227575182706715,-2.845221110922574,-0.42246359265190225
1L63,A,V103I,0.5,0.17595984,-0.13770021,-2.4227575182706715,-2.734841451304588,-0.31208393303391624
1L63,A,V103M,1.2,0.17595984,-0.32360458,-2.4227575182706715,-2.9230033002524083,-0.5002457819817367
1L63,A,V111A,1.3,0.1865388,-0.19015364,-2.3920501954650053,-2.7689889119207542,-0.37693871645574895
1L63,A,V111I,0.9,0.1865388,-0.26441866,-2.3920501954650053,-2.8438196152705673,-0.45176941980556196
1L63,A,V111M,0.7,0.1865388,-0.3279006,-2.3920501954650053,-2.907442417844313,-0.5153922223793077
1L63,A,V149A,3.2,0.06780791,-0.40122,-2.530458867638244,-2.998945910901146,-0.46848704326290225
1L63,A,V149C,2.0,0.06780791,-0.36987633,-2.530458867638244,-2.9680980424481778,-0.437639174809934
1L63,A,V149G,4.9,0.06780791,-0.5374825,-2.530458867638244,-3.134911113605776,-0.6044522459675323
1L63,A,V149I,0.1,0.06780791,0.061417848,-2.530458867638244,-2.537687927630947,-0.007229059992703402
1L63,A,V149M,2.8,0.06780791,-0.36456615,-2.530458867638244,-2.962734428242686,-0.43227556060444217
1L63,A,V149S,4.4,0.06780791,-0.47509545,-2.530458867638244,-3.0719374562183637,-0.5414785885801199
1L63,A,V149T,2.8,0.06780791,-0.22354206,-2.530458867638244,-2.821840460483878,-0.29138159284563425
1L63,A,V75T,1.3,-0.10530795,-0.3296597,-2.7491823113950935,-2.9750964153611736,-0.22591410396608014
1L63,A,V87A,1.7,0.13779053,-0.3207451,-2.4845681902239187,-2.942010165438464,-0.4574419752145453
1L63,A,V87I,0.3,0.13779053,-0.07304797,-2.4845681902239187,-2.693431966810289,-0.20886377658637034
1L63,A,V87M,2.3,0.13779053,-0.35604146,-2.4845681902239187,-2.97774860474275,-0.49318041451883143
1L63,A,V87T,1.6,0.13779053,-0.24688272,-2.4845681902239187,-2.8672546403571113,-0.3826864501331926
1LZ1,A,A47P,-0.1,-0.17166895,-0.31451344,-2.8873694448347877,-3.0299175887383445,-0.14254814390355675
1LZ1,A,C77A,4.6,-0.044567637,-0.082816765,-2.6338321783908722,-2.6754009785340824,-0.04156880014321018
1LZ1,A,D91P,0.4,-0.14568809,-0.27669173,-2.832887731810248,-2.9609659410537805,-0.12807820924353264
1LZ1,A,I106A,0.9,0.11667112,-0.36651918,-2.4911956638602972,-2.9731722476127227,-0.48197658375242547
1LZ1,A,I106V,0.7,0.11667112,-0.21512823,-2.4911956638602972,-2.8236251147686957,-0.3324294509083985
1LZ1,A,I23A,2.5,0.16014025,-0.45834383,-2.4643335222582,-3.0827077476578486,-0.6183742253996485
1LZ1,A,I23V,0.4,0.16014025,-0.052806415,-2.4643335222582,-2.6754975803969145,-0.21116405813871442
1LZ1,A,I56A,3.7,-0.02732696,-0.468947,-2.6414301180667303,-3.083682575341299,-0.44225245727456874
1LZ1,A,I56T,4.3,-0.02732696,-0.4284049,-2.6414301180667303,-3.0435826242773483,-0.40215250621061793
1LZ1,A,I56V,1.2,-0.02732696,-0.2378273,-2.6414301180667303,-2.851943505408371,-0.2105133873416407
1LZ1,A,I59A,1.7,0.14100866,-0.4965488,-2.482942788656257,-3.1202020014517347,-0.6372592127954775
1LZ1,A,I59G,3.8,0.14100866,-0.66136515,-2.482942788656257,-3.2855077396581573,-0.8025649510019002
1LZ1,A,I59V,1.1,0.14100866,-0.14694794,-2.482942788656257,-2.770799970739932,-0.2878571820836746
1LZ1,A,I89A,2.7,0.10173788,-0.44378108,-2.5129960339023842,-3.0594995609511715,-0.5465035270487872
1LZ1,A,I89V,0.5,0.10173788,-0.105368555,-2.5129960339023842,-2.720676176696469,-0.20768014279408487
1LZ1,A,P103G,0.1,-0.07450936,-0.36604017,-2.7846389177915203,-3.0765529875903566,-0.2919140697988363
1LZ1,A,P71G,1.6,-0.09039841,-0.41402072,-2.7839860151275038,-3.1075664920585924,-0.3235804769310886
1LZ1,A,V100A,0.3,0.068997,-0.106123865,-2.5286332484579073,-2.7036051650206434,-0.17497191656273614
1LZ1,A,V110A,-0.5,-0.33331242,-0.30832234,-3.02687895651845,-3.0021865542580475,0.0246924022604027
1LZ1,A,V110D,-0.2,-0.33331242,-0.10539267,-3.02687895651845,-2.7973164056573303,0.22956255086111987
1LZ1,A,V110F,1.9,-0.33331242,-0.32230377,-3.02687895651845,-3.015872619830331,0.011006336688119234
1LZ1,A,V110G,2.2,-0.33331242,-0.40106907,-3.02687895651845,-3.0941018285480495,-0.06722287202959931
1LZ1,A,V110I,0.8,-0.33331242,-0.34380883,-3.02687895651845,-3.0378319929834485,-0.010953036464998345
1LZ1,A,V110L,-0.1,-0.33331242,-0.25520375,-3.02687895651845,-2.9484616098955807,0.07841734662286948
1LZ1,A,V110M,-0.4,-0.33331242,-0.33046097,-3.02687895651845,-3.0243042779114147,0.00257467860703553
1LZ1,A,V110N,-0.1,-0.33331242,-0.2989115,-3.02687895651845,-2.992789469035351,0.034089487483099035
1LZ1,A,V110P,-0.5,-0.33331242,-0.45241103,-3.02687895651845,-3.145676458879279,-0.11879750236082876
1LZ1,A,V110R,-0.9,-0.33331242,-0.34288964,-3.02687895651845,-3.0364466467957985,-0.009567690277348273
1LZ1,A,V110Y,0.1,-0.33331242,-0.35931617,-3.02687895651845,-3.051946627851558,-0.02506767133310772
1LZ1,A,V121A,1.4,-0.14119068,-0.41353709,-2.751615002732697,-3.0239499476347893,-0.2723349449020924
1LZ1,A,V125A,1.3,-0.05224823,-0.35857818,-2.664704794465394,-2.9703938777592427,-0.3056890832938488
1LZ1,A,V130A,0.8,-0.091693535,-0.2560733,-2.7573024243399007,-2.9208493437675735,-0.16354691942767285
1LZ1,A,V2A,1.5,-0.08312012,-0.4751916,-2.7541409310144207,-3.1473988500263874,-0.3932579190119667
1LZ1,A,V2D,1.4,-0.08312012,-0.42813283,-2.7541409310144207,-3.0998002160111797,-0.345659284996759
1LZ1,A,V2F,0.8,-0.08312012,-0.32523236,-2.7541409310144207,-2.9983973435966025,-0.24425641258218178
1LZ1,A,V2G,1.3,-0.08312012,-0.5443279,-2.7541409310144207,-3.2177237752542216,-0.4635828442398009
1LZ1,A,V2I,-1.1,-0.08312012,-0.099856235,-2.7541409310144207,-2.771427005174756,-0.01728607416033512
1LZ1,A,V2L,-0.3,-0.08312012,-0.27535382,-2.7541409310144207,-2.948396039099387,-0.19425510808496638
1LZ1,A,V2M,0.2,-0.08312012,-0.2794405,-2.7541409310144207,-2.95232561965508,-0.19818468864065908
1LZ1,A,V2N,1.3,-0.08312012,-0.3065464,-2.7541409310144207,-2.978835470528846,-0.22469453951442508
1LZ1,A,V2R,0.4,-0.08312012,-0.31224114,-2.7541409310144207,-2.9849898884589425,-0.23084895744452183
1LZ1,A,V2S,1.4,-0.08312012,-0.43942112,-2.7541409310144207,-3.1128280907775494,-0.3586871597631287
1LZ1,A,V2Y,0.4,-0.08312012,-0.3362736,-2.7541409310144207,-3.0090768521009545,-0.25493592108653385
1LZ1,A,V74A,0.4,-0.20996697,-0.37934095,-2.885089013298949,-3.0547407922482663,-0.1696517789493175
1LZ1,A,V74D,0.4,-0.20996697,-0.2719381,-2.885089013298949,-2.9442242625548367,-0.05913524925588787
1LZ1,A,V74F,-0.0,-0.20996697,-0.32181865,-2.885089013298949,-2.9972915575986336,-0.11220254429968479
1LZ1,A,V74G,0.1,-0.20996697,-0.4617189,-2.885089013298949,-3.137466506321969,-0.25237749302302026
1LZ1,A,V74I,1.9,-0.20996697,-0.22313651,-2.885089013298949,-2.8984381513177175,-0.013349138018768691
1LZ1,A,V74L,0.4,-0.20996697,-0.22542015,-2.885089013298949,-2.900613836985644,-0.015524823686694944
1LZ1,A,V74M,0.4,-0.20996697,-0.30265585,-2.885089013298949,-2.9781487198518324,-0.09305970655288354
1LZ1,A,V74N,0.3,-0.20996697,-0.20193216,-2.885089013298949,-2.8737559830916926,0.01133303020725629
1LZ1,A,V74R,0.1,-0.20996697,-0.2737609,-2.885089013298949,-2.948375721591824,-0.0632867082928752
1LZ1,A,V74S,0.4,-0.20996697,-0.37623242,-2.885089013298949,-3.050782665833623,-0.16569365253467394
1LZ1,A,V74Y,0.3,-0.20996697,-0.33478767,-2.885089013298949,-3.010003782931806,-0.12491476963285697
1LZ1,A,V93A,0.7,0.15971918,-0.14066991,-2.4289181015089736,-2.7287587731593432,-0.29984067165036965
1LZ1,A,V99A,1.0,-0.03034459,-0.32199937,-2.6377493545195763,-2.931493099906069,-0.2937437453864926
1LZ1,A,Y124F,0.4,0.14491352,0.15082468,-2.514062895709889,-2.508442105822791,0.00562078988709791
1LZ1,A,Y20F,0.5,0.1570694,0.16021617,-2.5037365088932693,-2.5007691469743776,0.0029673619188916867
1LZ1,A,Y38F,0.2,0.03087761,0.1328682,-2.613740296981284,-2.513451013204388,0.10028928377689583
1LZ1,A,Y45F,-0.1,0.10686684,0.06415199,-2.5599158558155217,-2.603926555722406,-0.04401069990688411
1LZ1,A,Y54F,1.0,0.18747824,0.14439574,-2.458612650850205,-2.500492632438333,-0.041879981588128334
1LZ1,A,Y63F,0.2,-0.119907856,-0.11287341,-2.8148041883454513,-2.808543707842201,0.006260480503250232
1N0J,A,I58T,2.7,-0.2069767,-0.3494726,-2.904839431197285,-3.0481979828423134,-0.14335855164502842
1OH0,A,Y32F,-0.2,0.12088253,0.29895392,-2.4969109429555,-2.317154444678814,0.17975649827668594
1OH0,A,Y57F,1.2,0.13288274,0.19489923,-2.5129524106582224,-2.4499615725345607,0.06299083812366169
1RN1,C,Q25K,-1.4,-0.115806416,0.002637729,-2.772985434253814,-2.655396701472919,0.1175887327808951
1VQB,A,I47L,0.4,0.114469275,0.05406127,-2.5142736134648795,-2.5753855013539715,-0.06111188788909194
1VQB,A,I47M,1.7,0.114469275,-0.24297313,-2.5142736134648795,-2.8717254358845454,-0.3574518224196659
1VQB,A,I47V,2.0,0.114469275,-0.091276325,-2.5142736134648795,-2.71889280828392,-0.20461919481904056
1VQB,A,V35I,0.6,-0.042460438,-0.054571055,-2.6856908230094154,-2.6961987950243254,-0.010507972014909939
1VQB,A,Y41F,3.2,-0.14206724,-0.15956321,-2.841664437680834,-2.8588826324053414,-0.017218194724507363
2LZM,A,A82P,-0.8,-0.1652466,-0.3263388,-2.8903056242092613,-3.0501397430399884,-0.15983411883072707
2LZM,A,A98V,4.9,0.26367468,-0.27472505,-2.282286808458125,-2.8224514126645808,-0.5401646042064558
2LZM,A,D89A,0.5,0.0968246,-0.39630622,-2.5712036580426614,-3.0642327112769383,-0.4930290532342769
2LZM,A,G113A,-0.3,-0.090355374,-0.12633899,-2.7823942839609836,-2.823395622271257,-0.041001338310273194
2LZM,A,G156D,2.3,0.25189874,-0.49040085,-2.323090590285617,-3.0670010096010136,-0.7439104193153967
2LZM,A,G77A,-0.4,-0.027903527,0.021559468,-2.653441708097656,-2.6048506638181648,0.048591044279491236
2LZM,A,I3C,-0.0,0.14214365,-0.4485793,-2.4885210433138347,-3.08020043150838,-0.5916793881945455
2LZM,A,I3L,-0.7,0.14214365,-0.08737843,-2.4885210433138347,-2.718291330617668,-0.22977028730383342
2LZM,A,I3P,3.0,0.14214365,-0.6558,-2.4885210433138347,-3.2858570297511216,-0.7973359864372869
2LZM,A,I3V,0.4,0.14214365,-0.021829985,-2.4885210433138347,-2.6529248908651577,-0.16440384755132298
2LZM,A,I3Y,2.3,0.14214365,-0.39085227,-2.4885210433138347,-3.0217064545911585,-0.5331854112773238
2LZM,A,K124G,0.1,-0.052155603,-0.31579852,-2.7176261452287136,-2.9808870748296084,-0.26326092960089476
2LZM,A,K135E,1.0,-0.07126726,-0.21495362,-2.7659761855654876,-2.9092622326781856,-0.143286047112698
2LZM,A,K147E,0.7,-0.13008662,-0.11393825,-2.826580433334139,-2.810462339166113,0.016118094168025898
2LZM,A,K16E,-0.5,-0.09074182,-0.31744337,-2.7831731409334557,-3.0084777527745867,-0.22530461184113104
2LZM,A,K60P,-0.0,-0.15424936,-0.6772218,-2.840316551506975,-3.3641189071556465,-0.5238023556486717
2LZM,A,K85A,0.6,0.0124624865,-0.3532906,-2.6412599103804877,-3.005958409693218,-0.36469849931273046
2LZM,A,L133A,4.2,0.101447605,-0.45198378,-2.5077649049256636,-3.060749576385283,-0.5529846714596194
2LZM,A,M6I,1.4,-0.042422436,-0.31431332,-2.6596970060313967,-2.933477271732394,-0.2737802657009971
2LZM,A,N116D,-0.6,-0.18712714,-0.1302743,-2.889461568078449,-2.8314599933575324,0.058001574720916604
2LZM,A,N144D,-0.4,-0.24047045,-0.07755124,-2.9487395974599933,-2.7852361006756645,0.16350349678432874
2LZM,A,N55G,0.6,-0.10636286,-0.12263639,-2.7945994410543604,-2.8088753337295067,-0.014275892675146284
2LZM,A,Q105A,0.6,-0.2284637,-0.36653262,-2.8946272467185468,-3.03297979467428,-0.13835254795573304
2LZM,A,Q105E,1.1,-0.2284637,-0.2836681,-2.8946272467185468,-2.9481549331648567,-0.0535276864463099
2LZM,A,Q105G,1.5,-0.2284637,-0.51878804,-2.8946272467185468,-3.185789407850877,-0.29116216113233007
2LZM,A,Q123E,-0.4,-0.0679837,-0.019582262,-2.7456218800867944,-2.6980495615876414,0.047572318499153
2LZM,A,R119E,-0.0,-0.007199465,-0.26987106,-2.6864348308961814,-2.9501855655083338,-0.26375073461215237
2LZM,A,R154E,1.1,-0.014436604,-0.3413925,-2.6848286029499495,-3.010897819691424,-0.3260692167414745
2LZM,A,R96A,2.0,0.039695688,-0.36945045,-2.5799258378021253,-2.9880953497597855,-0.40816951195766027
2LZM,A,R96D,3.5,0.039695688,-0.5190647,-2.5799258378021253,-3.1387174001502625,-0.5587915623481372
2LZM,A,R96E,2.5,0.039695688,-0.3871603,-2.5799258378021253,-3.0051845638695296,-0.42525872606740434
2LZM,A,R96G,2.6,0.039695688,-0.44727057,-2.5799258378021253,-3.066689446101562,-0.4867636082994369
2LZM,A,R96H,3.1,0.039695688,-0.38177243,-2.5799258378021253,-3.0013794364311877,-0.4214535986290624
2LZM,A,R96K,-0.0,0.039695688,-0.11741451,-2.5799258378021253,-2.736149993193483,-0.15622415539135792
2LZM,A,R96M,2.7,0.039695688,-0.3175808,-2.5799258378021253,-2.936438426252182,-0.3565125884500566
2LZM,A,R96N,3.0,0.039695688,-0.44967383,-2.5799258378021253,-3.0691364468808597,-0.4892106090787345
2LZM,A,R96Q,0.3,0.039695688,-0.15347287,-2.5799258378021253,-2.771971180833137,-0.19204534303101184
2LZM,A,R96S,2.6,0.039695688,-0.47388822,-2.5799258378021253,-3.093116302095281,-0.5131904642931557
2LZM,A,R96V,2.4,0.039695688,-0.4196775,-2.5799258378021253,-3.0387903009062844,-0.4588644631041592
2LZM,A,R96W,4.5,0.039695688,-0.3384623,-2.5799258378021253,-2.958645746606347,-0.3787199088042219
2LZM,A,R96Y,4.7,0.039695688,-0.43213397,-2.5799258378021253,-3.051039709349345,-0.4711138715472196
2LZM,A,S38D,-0.6,-0.18584582,-0.036213435,-2.8684319280958244,-2.719658730508074,0.14877319758775043
2LZM,A,T115E,-0.3,-0.20416334,-0.21351874,-2.913411411423137,-2.9231464071997157,-0.00973499577657888
2LZM,A,T152S,2.6,-0.2148185,-0.47635546,-2.8184664621820787,-3.080911222789105,-0.26244476060702615
2LZM,A,T157A,0.5,-0.21479852,-0.2104244,-2.892482151981549,-2.8875037673777846,0.004978384603764319
2LZM,A,T157C,1.3,-0.21479852,-0.3282333,-2.892482151981549,-3.008372175145132,-0.11589002316358332
2LZM,A,T157D,1.1,-0.21479852,-0.35946488,-2.892482151981549,-3.039098732647986,-0.146616580666437
2LZM,A,T157E,0.8,-0.21479852,-0.29168567,-2.892482151981549,-2.9713309557668977,-0.07884880378534875
2LZM,A,T157F,2.4,-0.21479852,-0.35926878,-2.892482151981549,-3.03963782208624,-0.147155670104691
2LZM,A,T157G,1.1,-0.21479852,-0.39992085,-2.892482151981549,-3.0792805303416095,-0.18679837836006064
2LZM,A,T157H,2.1,-0.21479852,-0.30633798,-2.892482151981549,-2.986391822616759,-0.09390967063521005
2LZM,A,T157I,1.5,-0.21479852,-0.36812383,-2.892482151981549,-3.0477148056201275,-0.15523265363857863
2LZM,A,T157L,1.7,-0.21479852,-0.356331,-2.892482151981549,-3.0357033334937933,-0.1432211815122444
2LZM,A,T157N,1.2,-0.21479852,-0.23775303,-2.892482151981549,-2.9166730315193146,-0.024190879537765664
2LZM,A,T157R,-0.3,-0.21479852,-0.2545212,-2.892482151981549,-2.932463878756593,-0.03998172677504419
2LZM,A,T157S,0.7,-0.21479852,-0.17700553,-2.892482151981549,-2.856000646480798,0.0364815055007508
2LZM,A,T157V,1.2,-0.21479852,-0.29634488,-2.892482151981549,-2.9739065896032826,-0.08142443762173368
2LZM,A,V131A,-0.3,-0.2374835,-0.27625817,-2.9222834280523684,-2.9618250815004457,-0.03954165344807725
2LZM,A,V131D,-0.1,-0.2374835,-0.15900773,-2.9222834280523684,-2.8429419193387884,0.07934150871358003
2LZM,A,V131E,-0.2,-0.2374835,-0.07547218,-2.9222834280523684,-2.76122593553146,0.1610574925209085
2LZM,A,V131G,0.7,-0.2374835,-0.4686826,-2.9222834280523684,-3.1541711341872625,-0.23188770613489407
2LZM,A,V131I,-0.2,-0.2374835,-0.24153724,-2.9222834280523684,-2.926530385777281,-0.004246957724912459
2LZM,A,V131L,-0.1,-0.2374835,-0.23518023,-2.9222834280523684,-2.919946645541405,0.0023367825109632534
2LZM,A,V131M,-0.1,-0.2374835,-0.30423504,-2.9222834280523684,-2.9893725539716565,-0.06708912591928806
2LZM,A,V131S,0.1,-0.2374835,-0.38444105,-2.9222834280523684,-3.069294960709321,-0.14701153265695277
2LZM,A,V149C,2.2,0.097364865,-0.35671896,-2.500059593065191,-2.9548224515437047,-0.4547628584785137
2RN2,A,A52F,0.5,-0.14278217,-0.5288729,-2.7341931686127072,-3.122422511612447,-0.38822934299973966
2RN2,A,A52I,-1.9,-0.14278217,-0.07714976,-2.7341931686127072,-2.6684387081299525,0.06575446048275468
2RN2,A,A52L,-1.3,-0.14278217,-0.29649094,-2.7341931686127072,-2.889800073310362,-0.1556069046976547
2RN2,A,A52V,-1.7,-0.14278217,-0.016254855,-2.7341931686127072,-2.6102055265610846,0.1239876420516226
2RN2,A,D10N,-0.9,-0.28348452,-0.20434901,-2.93598100100565,-2.856002297815301,0.07997870319034917
2RN2,A,D134A,-2.1,-0.24569741,-0.18713312,-2.9292300794671378,-2.87186113752514,0.0573689419419976
2RN2,A,D134H,-2.3,-0.24569741,-0.25039455,-2.9292300794671378,-2.9339930191792534,-0.00476293971211561
2RN2,A,D134N,-1.0,-0.24569741,-0.26131472,-2.9292300794671378,-2.9443963668559325,-0.015166287388794775
2RN2,A,D70N,-0.9,-0.32285017,-0.25778055,-2.9986700953622374,-2.9331055639965142,0.06556453136572316
2RN2,A,E48Q,-0.2,-0.17591928,-0.15779094,-2.8383359664333527,-2.8198684790734334,0.01846748735991932
2RN2,A,G77A,0.9,0.18680656,-0.062089156,-2.406133109312438,-2.657342083826734,-0.251208974514296
2RN2,A,H62A,-0.4,-0.17809321,-0.34793013,-2.8779240090778475,-3.049625364648301,-0.17170135557045363
2RN2,A,H62P,-1.1,-0.17809321,-0.30542648,-2.8779240090778475,-3.00483430648733,-0.12691029740948245
2RN2,A,K95A,-0.1,-0.14888623,-0.387742,-2.8497894328330293,-3.0884660975484843,-0.238676664715455
2RN2,A,K95G,-1.9,-0.14888623,-0.20872828,-2.8497894328330293,-2.910228830758535,-0.06043939792550557
2RN2,A,K95N,-0.9,-0.14888623,-0.16958164,-2.8497894328330293,-2.8703676226620174,-0.02057818982898807
2RN2,A,V74I,-0.6,-0.0026403621,0.04859207,-2.614653399035996,-2.563359483750386,0.05129391528560978
2RN2,A,V74L,-1.0,-0.0026403621,0.048376158,-2.614653399035996,-2.5638512627817214,0.050802136254274544
3ZCF,A,G41S,3.9,0.23865762,-0.33694354,-2.3099860639770102,-2.8878442673822002,-0.57785820340519
3ZCF,A,Y48H,5.56,0.06755937,-0.28552157,-2.5771036207896554,-2.9306479455853616,-0.3535443247957062
4BVM,A,F57A,1.91,-0.0372675,-0.33497998,-2.7290176098640284,-3.0298763929193364,-0.300858783055308
4BVM,A,I42N,7.63,0.11718851,-0.4336821,-2.4966662933072206,-3.0477942768113504,-0.5511279835041298
4BVM,A,I51T,5.17,0.12509525,-0.44459566,-2.4899521664131625,-3.0608897284535193,-0.5709375620403567
4BVM,A,P38G,5.38,-0.08496706,-0.49048743,-2.7050074699529563,-3.1139052481398006,-0.40889777818684436
4BVM,A,T50P,1.51,-0.03318983,-0.6664475,-2.7137439849535423,-3.3475892997750156,-0.6338453148214733
4LYZ,A,G102A,1.2,0.094613,-0.25463986,-2.5961154984318275,-2.94558872198246,-0.3494732235506324
4LYZ,A,G117A,0.8,0.1548127,-0.39103192,-2.489711365778797,-3.0348049105969848,-0.545093544818188
4LYZ,A,G49A,0.7,0.049162466,-0.26316303,-2.619291563587247,-2.941821361593492,-0.3225297980062449
4LYZ,A,G67A,0.5,0.094107196,-0.2856873,-2.59656712417468,-2.978850146246842,-0.382283022072162
4LYZ,A,G71A,2.1,-0.21203634,-0.16244702,-2.919481470333214,-2.8708046062858,0.048676864047414004
4LYZ,A,I55V,0.9,-0.09214388,-0.21322386,-2.7133010169607292,-2.834125242741235,-0.12082422578050567
4LYZ,A,I58M,1.2,0.14088346,-0.28883895,-2.487186949393368,-2.9162780324947652,-0.42909108310139743
4LYZ,A,I78M,0.9,0.044639472,-0.2637001,-2.5960764400758167,-2.904485466803096,-0.3084090267272792
4LYZ,A,I98M,0.9,0.09248133,-0.01820733,-2.520753991943075,-2.6282196704561156,-0.10746567851304079
4LYZ,A,M12F,-0.5,-0.0714667,0.11362927,-2.6892282487016486,-2.5018530760744504,0.18737517262719816
4LYZ,A,M12L,0.4,-0.0714667,-0.040823042,-2.6892282487016486,-2.6580711914540984,0.031157057247550135
4LYZ,A,S91A,0.2,-0.25306648,-0.02964824,-2.855049129491757,-2.630417317318301,0.22463181217345607
4LYZ,A,S91T,-1.0,-0.25306648,-0.23858051,-2.855049129491757,-2.8401911105357294,0.014858018956027674
4LYZ,A,T40S,0.3,-0.21619599,-0.42261901,-2.8163079988290756,-3.022747294133132,-0.20643929530405636
5PTI,A,F22A,1.2,0.10740944,-0.4754738,-2.514318831602604,-3.0971365690672394,-0.5828177374646355
5PTI,A,F45A,6.9,0.17505668,-0.5034221,-2.427939088941355,-3.1057906846094903,-0.6778515956681352
5PTI,A,N43G,5.7,0.0074714287,-0.46882343,-2.556250624650108,-3.0405663758775394,-0.4843157512274314
5PTI,A,Y23A,5.9,0.25171015,-0.49703565,-2.3647668311011154,-3.11305009790243,-0.7482832668013146
5PTI,A,Y35G,5.0,0.11779132,-0.5938431,-2.5427350367326658,-3.256259669825215,-0.7135246330925491
