mutant,is_wt,IFN_gamma (pg/ml),wt_pdb,mt_pdb,mutant_chain,MFI,pe_wt,pe_mt,log_proba_wt,log_proba_mt,log_proba_mt__minus__log_proba_wt
H1A,False,11274.8,6w51-filtered,,F,1862387.0,0.16554144,-6.7671394,-2.208880438865438,-8.503174190617639,-6.294293751752201
H1I,False,10353.6,6w51-filtered,,F,1646427.0,0.16554144,-2.0173836,-2.208880438865438,-4.751836689312516,-2.5429562504470784
H1L,False,10299.4,6w51-filtered,,F,1618123.0,0.16554144,-0.6311146,-2.208880438865438,-3.2881735854913035,-1.0792931466258655
H1M,False,10435.3,6w51-filtered,,F,1761837.0,0.16554144,0.25226486,-2.208880438865438,-2.2800620888840015,-0.07118165001856358
H1F,False,9548.1,6w51-filtered,,F,1773662.0,0.16554144,-0.84073365,-2.208880438865438,-3.092599072616434,-0.8837186337509961
H1V,False,9997.38,6w51-filtered,,F,1749600.5,0.16554144,-4.3367896,-2.208880438865438,-6.358243466790853,-4.149363027925415
H1P,False,2983.2,6w51-filtered,,F,1433965.5,0.16554144,-5.006439,-2.208880438865438,-6.706927914185743,-4.4980474753203055
H1G,False,9091.2,6w51-filtered,,F,1521694.0,0.16554144,-6.680177,-2.208880438865438,-8.681609757299963,-6.472729318434525
H1W,False,9632.4,6w51-filtered,,F,1684389.5,0.16554144,-3.16097,-2.208880438865438,-4.587996920369137,-2.379116481503699
H1R,False,10046.4,6w51-filtered,,F,1695378.5,0.16554144,-1.1432993,-2.208880438865438,-3.2077284633696896,-0.9988480245042517
H1H,True,10596.0,6w51-filtered,,F,1666759.0,0.16554144,0.16554144,-2.208880438865438,-2.208880438865438,0.0
H1K,False,9520.1,6w51-filtered,,F,1480225.0,0.16554144,-0.8328441,-2.208880438865438,-2.985304461574461,-0.7764240227090231
H1D,False,2701.4,6w51-filtered,,F,1331117.5,0.16554144,-1.1909456,-2.208880438865438,-2.9902272529402882,-0.7813468140748503
H1E,False,3769.8,6w51-filtered,,F,1544031.0,0.16554144,1.7166531,-2.208880438865438,-1.2872818453283683,0.9215985935370696
H1N,False,8951.1,6w51-filtered,,F,1665008.0,0.16554144,0.12515415,-2.208880438865438,-1.9329708059496549,0.2759096329157831
H1Q,False,10106.1,6w51-filtered,,F,1683252.5,0.16554144,0.3317182,-2.208880438865438,-2.487911171299875,-0.2790307324344372
H1S,False,9967.6,6w51-filtered,,F,1681587.5,0.16554144,-5.2652,-2.208880438865438,-7.223460033540136,-5.014579594674698
H1T,False,9586.7,6w51-filtered,,F,1676779.5,0.16554144,-3.8175054,-2.208880438865438,-5.5146317885605995,-3.3057513496951616
H1Y,False,10566.02,6w51-filtered,,F,1710437.5,0.16554144,-1.260701,-2.208880438865438,-3.4563021531665776,-1.2474217143011397
H1C,False,10677.0,6w51-filtered,,F,1486729.5,0.16554144,-4.20017,-2.208880438865438,-6.38654758560737,-4.177667146741932
M2A,False,2096.5,6w51-filtered,,F,1304208.0,5.771404,-4.8614225,-0.19183093821525943,-10.018816759164027,-9.826985820948767
M2I,False,4220.0,6w51-filtered,,F,1628329.0,5.771404,-5.0016847,-0.19183093821525943,-10.24952897432285,-10.05769803610759
M2L,False,9686.2,6w51-filtered,,F,1658871.0,5.771404,-0.5337,-0.19183093821525943,-5.8665518433497015,-5.674720905134442
M2M,True,10596.0,6w51-filtered,,F,1666759.0,5.771404,5.771404,-0.19183093821525943,-0.19183093821525943,0.0
M2F,False,1345.7,6w51-filtered,,F,1253565.5,5.771404,-7.535206,-0.19183093821525943,-11.419779637803575,-11.227948699588316
M2V,False,2628.38,6w51-filtered,,F,1452494.0,5.771404,-5.4730177,-0.19183093821525943,-10.863287259742787,-10.671456321527527
M2P,False,1053.0,6w51-filtered,,F,1241385.0,5.771404,-8.447489,-0.19183093821525943,-13.621395175790946,-13.429564237575686
M2G,False,858.0,6w51-filtered,,F,1264208.0,5.771404,-10.165257,-0.19183093821525943,-14.303223538035573,-14.111392599820313
M2W,False,651.9,6w51-filtered,,F,1241080.0,5.771404,-10.225836,-0.19183093821525943,-14.471644741438881,-14.279813803223622
M2R,False,1667.5,6w51-filtered,,F,1292675.0,5.771404,-3.956202,-0.19183093821525943,-9.281783406003246,-9.089952467787986
M2H,False,1574.7,6w51-filtered,,F,1269042.5,5.771404,-5.0285044,-0.19183093821525943,-9.263891825792227,-9.072060887576967
M2K,False,1667.9,6w51-filtered,,F,1363973.0,5.771404,-1.5682018,-0.19183093821525943,-7.148347331737078,-6.956516393521818
M2D,False,1225.1,6w51-filtered,,F,1198899.0,5.771404,-4.556854,-0.19183093821525943,-9.601566469337852,-9.409735531122593
M2E,False,1106.0,6w51-filtered,,F,1281076.0,5.771404,0.7858656,-0.19183093821525943,-4.778265154309208,-4.586434216093949
M2N,False,3540.4,6w51-filtered,,F,1313672.0,5.771404,-3.0262766,-0.19183093821525943,-7.91891518920725,-7.72708425099199
M2Q,False,4106.9,6w51-filtered,,F,1588820.0,5.771404,3.622174,-0.19183093821525943,-1.8555782940908216,-1.6637473558755622
M2S,False,1757.2,6w51-filtered,,F,1281944.5,5.771404,-3.5753162,-0.19183093821525943,-8.622546039938436,-8.430715101723177
M2T,False,2821.7,6w51-filtered,,F,1357793.0,5.771404,-1.4988024,-0.19183093821525943,-5.395362938833912,-5.203532000618653
M2Y,False,582.25,6w51-filtered,,F,1296382.5,5.771404,-8.470388,-0.19183093821525943,-12.660337803763216,-12.468506865547957
M2C,False,3007.4,6w51-filtered,,F,1271300.0,5.771404,-1.8258871,-0.19183093821525943,-7.251265243155342,-7.0594343049400825
T3A,False,1409.5,6w51-filtered,,F,1685454.0,2.6288412,0.8545867,-1.0576420954126968,-2.2444326989004595,-1.1867906034877627
T3I,False,570.6,6w51-filtered,,F,1666560.0,2.6288412,-5.5676527,-1.0576420954126968,-8.999476772521396,-7.941834677108699
T3L,False,427.8,6w51-filtered,,F,1727415.0,2.6288412,-3.676614,-1.0576420954126968,-6.388062121295882,-5.3304200258831855
T3M,False,370.2,6w51-filtered,,F,1713323.0,2.6288412,-2.5511882,-1.0576420954126968,-6.009038162613491,-4.951396067200794
T3F,False,374.6,6w51-filtered,,F,1660320.5,2.6288412,-5.7235394,-1.0576420954126968,-7.749078169616533,-6.691436074203836
T3V,False,375.66,6w51-filtered,,F,1615177.5,2.6288412,-2.8218012,-1.0576420954126968,-6.366652072810989,-5.309009977398293
T3P,False,366.7,6w51-filtered,,F,1701859.0,2.6288412,-4.9743514,-1.0576420954126968,-7.775289267424135,-6.717647172011438
T3G,False,568.1,6w51-filtered,,F,1481326.0,2.6288412,-2.9974046,-1.0576420954126968,-5.755341186948006,-4.697699091535309
T3W,False,491.3,6w51-filtered,,F,1777244.0,2.6288412,-7.864015,-1.0576420954126968,-10.640888657811177,-9.583246562398479
T3R,False,539.3,6w51-filtered,,F,1357700.5,2.6288412,-4.3294115,-1.0576420954126968,-6.245089329629661,-5.187447234216964
T3H,False,473.1,6w51-filtered,,F,1620130.0,2.6288412,-4.428809,-1.0576420954126968,-6.834850834526923,-5.777208739114227
T3K,False,422.6,6w51-filtered,,F,1394598.0,2.6288412,-5.076386,-1.0576420954126968,-8.193698875449696,-7.136056780036999
T3D,False,509.4,6w51-filtered,,F,1712872.0,2.6288412,-0.88023645,-1.0576420954126968,-4.127145781378096,-3.0695036859653992
T3E,False,1139.2,6w51-filtered,,F,1472196.5,2.6288412,-2.8828297,-1.0576420954126968,-4.935593083879887,-3.87795098846719
T3N,False,507.6,6w51-filtered,,F,1614245.5,2.6288412,1.144816,-1.0576420954126968,-1.8576882458127204,-0.8000461504000236
T3Q,False,484.0,6w51-filtered,,F,1546613.5,2.6288412,-2.580385,-1.0576420954126968,-4.9490488209152685,-3.8914067255025717
T3S,False,4968.1,6w51-filtered,,F,1573999.0,2.6288412,1.7114916,-1.0576420954126968,-2.0526013821635862,-0.9949592867508894
T3T,True,10596.0,6w51-filtered,,F,1666759.0,2.6288412,2.6288412,-1.0576420954126968,-1.0576420954126968,0.0
T3Y,False,395.12,6w51-filtered,,F,1658684.0,2.6288412,-6.465687,-1.0576420954126968,-8.409293775142025,-7.351651679729328
T3C,False,668.5,6w51-filtered,,F,1534112.0,2.6288412,2.1002479,-1.0576420954126968,-1.5215867183972418,-0.463944622984545
E4A,False,477.7,6w51-filtered,,F,1504253.0,4.487172,-6.907731,-0.5101959746797479,-10.761963791901582,-10.251767817221834
E4I,False,415.7,6w51-filtered,,F,1195168.5,4.487172,-3.7352645,-0.5101959746797479,-8.397576098504196,-7.887380123824448
E4L,False,370.2,6w51-filtered,,F,1446267.5,4.487172,-2.884652,-0.5101959746797479,-7.510925655943442,-7.000729681263694
E4M,False,360.9,6w51-filtered,,F,1747993.0,4.487172,-1.9667944,-0.5101959746797479,-6.7050862395687725,-6.1948902648890245
E4F,False,399.8,6w51-filtered,,F,1528211.5,4.487172,-4.913855,-0.5101959746797479,-9.433805574713302,-8.923609600033554
E4V,False,608.05,6w51-filtered,,F,1217223.0,4.487172,-3.7021031,-0.5101959746797479,-8.158580655033163,-7.648384680353415
E4P,False,485.4,6w51-filtered,,F,1648325.0,4.487172,-7.808777,-0.5101959746797479,-10.91669027553963,-10.406494300859881
E4G,False,343.8,6w51-filtered,,F,1609909.0,4.487172,-9.3763,-0.5101959746797479,-13.245886419185656,-12.735690444505908
E4W,False,650.6,6w51-filtered,,F,1425690.0,4.487172,-7.645874,-0.5101959746797479,-12.16314989060693,-11.652953915927181
E4R,False,493.9,6w51-filtered,,F,1417701.0,4.487172,-4.4973454,-0.5101959746797479,-8.975455194804264,-8.465259220124516
E4H,False,2030.0,6w51-filtered,,F,1585814.0,4.487172,-1.7006906,-0.5101959746797479,-6.447566080309811,-5.937370105630063
E4K,False,403.7,6w51-filtered,,F,1599106.5,4.487172,-3.7370682,-0.5101959746797479,-8.245634989436208,-7.7354390147564605
E4D,False,7516.6,6w51-filtered,,F,1727293.0,4.487172,3.7258976,-0.5101959746797479,-1.1034819884447087,-0.5932860137649608
E4E,True,10596.0,6w51-filtered,,F,1666759.0,4.487172,4.487172,-0.5101959746797479,-0.5101959746797479,0.0
E4N,False,2022.9,6w51-filtered,,F,1692206.0,4.487172,1.7858124,-0.5101959746797479,-2.9543424388462807,-2.4441464641665327
E4Q,False,1476.6,6w51-filtered,,F,1560456.5,4.487172,-0.70867616,-0.5101959746797479,-5.435494882542208,-4.92529890786246
E4S,False,1024.2,6w51-filtered,,F,1571501.0,4.487172,-3.0878093,-0.5101959746797479,-6.551000518240764,-6.040804543561016
E4T,False,504.4,6w51-filtered,,F,1635437.0,4.487172,-1.6922121,-0.5101959746797479,-5.506005505686789,-4.995809531007041
E4Y,False,642.25,6w51-filtered,,F,1697586.0,4.487172,-5.237361,-0.5101959746797479,-9.822268630645334,-9.312072655965586
E4C,False,668.6,6w51-filtered,,F,1422964.0,4.487172,-2.197741,-0.5101959746797479,-6.49706710330037,-5.986871128620622
V5A,False,638.4,6w51-filtered,,F,1626734.5,4.438305,-0.099038914,-0.2962305607025648,-3.8355224419869702,-3.5392918812844054
V5I,False,2694.3,6w51-filtered,,F,1709340.0,4.438305,0.13381055,-0.2962305607025648,-4.293779823725225,-3.99754926302266
V5L,False,647.4,6w51-filtered,,F,1636075.5,4.438305,-3.3070278,-0.2962305607025648,-7.77735007433781,-7.481119513635245
V5M,False,1003.4,6w51-filtered,,F,1642482.0,4.438305,-4.7911615,-0.2962305607025648,-8.966399377374325,-8.67016881667176
V5F,False,433.6,6w51-filtered,,F,1708353.0,4.438305,-5.317377,-0.2962305607025648,-9.498305500640882,-9.202074939938317
V5V,True,10596.0,6w51-filtered,,F,1666759.0,4.438305,4.438305,-0.2962305607025648,-0.2962305607025648,0.0
V5P,False,452.9,6w51-filtered,,F,1532089.0,4.438305,-2.9505463,-0.2962305607025648,-6.440136186471086,-6.143905625768522
V5G,False,292.6,6w51-filtered,,F,1599600.0,4.438305,-3.3993058,-0.2962305607025648,-5.420735914249368,-5.1245053535468035
V5W,False,463.5,6w51-filtered,,F,1794920.0,4.438305,-7.406352,-0.2962305607025648,-11.451653824312386,-11.155423263609821
V5R,False,432.5,6w51-filtered,,F,1594146.5,4.438305,-4.709943,-0.2962305607025648,-8.887254691681528,-8.591024130978964
V5H,False,469.3,6w51-filtered,,F,1623795.5,4.438305,-4.955075,-0.2962305607025648,-9.470726517241152,-9.174495956538587
V5K,False,471.2,6w51-filtered,,F,1562037.0,4.438305,-4.5573416,-0.2962305607025648,-8.867798730139482,-8.571568169436917
V5D,False,737.2,6w51-filtered,,F,1607780.0,4.438305,-0.77563447,-0.2962305607025648,-4.3080858538530205,-4.011855293150456
V5E,False,497.4,6w51-filtered,,F,1525211.5,4.438305,-2.803299,-0.2962305607025648,-6.8995550488804565,-6.603324488177892
V5N,False,410.3,6w51-filtered,,F,1499470.0,4.438305,-0.39743286,-0.2962305607025648,-4.273696800450459,-3.977466239747894
V5Q,False,659.6,6w51-filtered,,F,1628092.5,4.438305,-3.7813792,-0.2962305607025648,-8.25777565135655,-7.961545090653985
V5S,False,440.0,6w51-filtered,,F,1621251.0,4.438305,0.58346564,-0.2962305607025648,-3.3949349292618907,-3.098704368559326
V5T,False,678.3,6w51-filtered,,F,1580901.0,4.438305,2.601007,-0.2962305607025648,-2.0413719637802954,-1.7451414030777306
V5Y,False,514.23,6w51-filtered,,F,1520581.0,4.438305,-6.200578,-0.2962305607025648,-10.413836506784884,-10.11760594608232
V5C,False,1194.3,6w51-filtered,,F,1411811.0,4.438305,0.41261917,-0.2962305607025648,-3.8143464358312147,-3.51811587512865
V6A,False,1945.1,6w51-filtered,,F,1424002.0,3.7073147,-3.3679032,-0.4293181680810134,-6.629832767346971,-6.200514599265958
V6I,False,7721.5,6w51-filtered,,F,1650566.0,3.7073147,0.41184917,-0.4293181680810134,-2.491005973428464,-2.0616878053474506
V6L,False,1749.5,6w51-filtered,,F,1676915.0,3.7073147,-4.3670235,-0.4293181680810134,-7.845174969951526,-7.415856801870513
V6M,False,2419.8,6w51-filtered,,F,1693337.5,3.7073147,-4.6455026,-0.4293181680810134,-7.746724510963781,-7.317406342882768
V6F,False,2082.2,6w51-filtered,,F,1682795.0,3.7073147,-4.340312,-0.4293181680810134,-7.840635023418329,-7.411316855337316
V6V,True,10596.0,6w51-filtered,,F,1666759.0,3.7073147,3.7073147,-0.4293181680810134,-0.4293181680810134,0.0
V6P,False,503.0,6w51-filtered,,F,1419056.0,3.7073147,-5.663847,-0.4293181680810134,-9.062618445872017,-8.633300277791005
V6G,False,394.5,6w51-filtered,,F,1579890.0,3.7073147,-6.805805,-0.4293181680810134,-9.61221978362523,-9.182901615544218
V6W,False,382.1,6w51-filtered,,F,1660202.0,3.7073147,-6.513463,-0.4293181680810134,-10.090812202259954,-9.66149403417894
V6R,False,1727.1,6w51-filtered,,F,1308579.0,3.7073147,-5.626409,-0.4293181680810134,-9.110287785643173,-8.680969617562159
V6H,False,1371.7,6w51-filtered,,F,1568083.5,3.7073147,-1.8593385,-0.4293181680810134,-4.993614011872781,-4.564295843791768
V6K,False,502.9,6w51-filtered,,F,1357166.0,3.7073147,-4.6471863,-0.4293181680810134,-7.9584941826539115,-7.529176014572898
V6D,False,871.3,6w51-filtered,,F,1472987.0,3.7073147,-0.47465125,-0.4293181680810134,-4.308657533410753,-3.8793393653297397
V6E,False,388.5,6w51-filtered,,F,1531170.0,3.7073147,-0.8560174,-0.4293181680810134,-3.9124677968157515,-3.483149628734738
V6N,False,384.7,6w51-filtered,,F,1641245.0,3.7073147,0.06491573,-0.4293181680810134,-3.828546446614798,-3.3992282785337844
V6Q,False,399.0,6w51-filtered,,F,1545786.0,3.7073147,-1.8869593,-0.4293181680810134,-4.894571159798718,-4.465252991717705
V6S,False,2906.7,6w51-filtered,,F,1700170.0,3.7073147,-1.3470175,-0.4293181680810134,-5.021442180195821,-4.592124012114808
V6T,False,4549.3,6w51-filtered,,F,1628823.0,3.7073147,2.1208792,-0.4293181680810134,-1.7040850115272526,-1.2747668434462391
V6Y,False,1477.14,6w51-filtered,,F,1573122.0,3.7073147,-4.7395988,-0.4293181680810134,-8.019052255844594,-7.58973408776358
V6C,False,1024.7,6w51-filtered,,F,1288976.5,3.7073147,-1.2797463,-0.4293181680810134,-5.363713960978837,-4.934395792897823
R7A,False,574.0,6w51-filtered,,F,1682703.5,2.297189,-7.6423783,-2.1433183114121843,-11.187507794331186,-9.044189482919002
R7I,False,595.7,6w51-filtered,,F,1795377.0,2.297189,-3.9773326,-2.1433183114121843,-8.438601238289595,-6.295282926877411
R7L,False,480.1,6w51-filtered,,F,1788249.0,2.297189,-3.0518272,-2.1433183114121843,-7.770780348455271,-5.627462037043086
R7M,False,530.9,6w51-filtered,,F,1739366.0,2.297189,-0.8660744,-2.1433183114121843,-5.750206393223102,-3.6068880818109172
R7F,False,320.9,6w51-filtered,,F,1806898.0,2.297189,3.596449,-2.1433183114121843,-1.976822275824282,0.16649603558790238
R7V,False,372.5,6w51-filtered,,F,1593880.0,2.297189,-6.666635,-2.1433183114121843,-11.368404710278055,-9.225086398865871
R7P,False,514.2,6w51-filtered,,F,1763353.5,2.297189,-8.427765,-2.1433183114121843,-12.34571491280876,-10.202396601396575
R7G,False,656.7,6w51-filtered,,F,1730716.0,2.297189,-6.2795973,-2.1433183114121843,-9.3862930096119,-7.242974698199717
R7W,False,395.9,6w51-filtered,,F,1780291.0,2.297189,1.9517828,-2.1433183114121843,-3.295308357399824,-1.1519900459876395
R7R,True,10596.0,6w51-filtered,,F,1666759.0,2.297189,2.297189,-2.1433183114121843,-2.1433183114121843,0.0
R7H,False,397.1,6w51-filtered,,F,1765683.0,2.297189,1.089977,-2.1433183114121843,-4.394299328483814,-2.2509810170716293
R7K,False,744.9,6w51-filtered,,F,1629662.0,2.297189,-0.08124147,-2.1433183114121843,-3.864721314465542,-1.7214030030533576
R7D,False,259.3,6w51-filtered,,F,1745525.0,2.297189,-6.2934036,-2.1433183114121843,-10.624720925686262,-8.481402614274078
R7E,False,907.4,6w51-filtered,,F,1635101.0,2.297189,-3.2585368,-2.1433183114121843,-8.296327363421954,-6.15300905200977
R7N,False,413.2,6w51-filtered,,F,1669425.0,2.297189,-4.278758,-2.1433183114121843,-9.103183128460204,-6.95986481704802
R7Q,False,731.8,6w51-filtered,,F,1787974.0,2.297189,-1.9166952,-2.1433183114121843,-7.028408586969115,-4.88509027555693
R7S,False,407.5,6w51-filtered,,F,1672008.0,2.297189,-7.052423,-2.1433183114121843,-11.451817388300787,-9.308499076888603
R7T,False,383.0,6w51-filtered,,F,1727805.5,2.297189,-6.696523,-2.1433183114121843,-11.216616115117807,-9.073297803705623
R7Y,False,407.26,6w51-filtered,,F,1701937.0,2.297189,5.2470484,-2.1433183114121843,-0.402546856905586,1.7407714545065982
R7C,False,1245.4,6w51-filtered,,F,1506523.0,2.297189,-7.2298994,-2.1433183114121843,-11.63181748275622,-9.488499171344037
H8A,False,444.9,6w51-filtered,,F,1735462.0,3.5955493,-1.4428599,-0.30871224706914463,-4.6577193132641606,-4.349007066195016
H8I,False,404.4,6w51-filtered,,F,1454428.5,3.5955493,-4.4726467,-0.30871224706914463,-7.672776011088157,-7.364063764019012
H8L,False,473.8,6w51-filtered,,F,1498920.0,3.5955493,-1.8005635,-0.30871224706914463,-4.406156403257758,-4.0974441561886135
H8M,False,1519.2,6w51-filtered,,F,1717211.0,3.5955493,-0.75927657,-0.30871224706914463,-4.084206050350622,-3.7754938032814778
H8F,False,310.8,6w51-filtered,,F,1734586.0,3.5955493,-4.205525,-0.30871224706914463,-6.0729228882460715,-5.764210641176927
H8V,False,357.35,6w51-filtered,,F,1700682.0,3.5955493,-3.8048453,-0.30871224706914463,-7.072711610526344,-6.7639993634571995
H8P,False,355.5,6w51-filtered,,F,1779860.5,3.5955493,-5.7462115,-0.30871224706914463,-9.274999800885263,-8.966287553816118
H8G,False,356.5,6w51-filtered,,F,1796893.5,3.5955493,-5.550593,-0.30871224706914463,-8.498287163081944,-8.189574916012798
H8W,False,310.8,6w51-filtered,,F,1722380.5,3.5955493,-6.760086,-0.30871224706914463,-9.22284289975548,-8.914130652686335
H8R,False,338.6,6w51-filtered,,F,1628702.0,3.5955493,-2.6115127,-0.30871224706914463,-5.0175030354599945,-4.70879078839085
H8H,True,10596.0,6w51-filtered,,F,1666759.0,3.5955493,3.5955493,-0.30871224706914463,-0.30871224706914463,0.0
H8K,False,1115.6,6w51-filtered,,F,1684570.0,3.5955493,-2.0518034,-0.30871224706914463,-4.875307286196243,-4.566595039127098
H8D,False,318.2,6w51-filtered,,F,1729819.0,3.5955493,-2.9301503,-0.30871224706914463,-5.105388335101541,-4.796676088032396
H8E,False,314.1,6w51-filtered,,F,1647037.0,3.5955493,-2.011225,-0.30871224706914463,-5.030880644534591,-4.722168397465446
H8N,False,400.2,6w51-filtered,,F,1742289.5,3.5955493,0.5718772,-0.30871224706914463,-2.9427456185425624,-2.634033371473418
H8Q,False,337.2,6w51-filtered,,F,1639002.5,3.5955493,0.0404149,-0.30871224706914463,-3.1019119576368372,-2.7931997105676927
H8S,False,323.5,6w51-filtered,,F,1678789.0,3.5955493,0.21462905,-0.30871224706914463,-2.5280350324454193,-2.2193227853762747
H8T,False,908.2,6w51-filtered,,F,1727469.0,3.5955493,-1.0466192,-0.30871224706914463,-4.513865986987215,-4.20515373991807
H8Y,False,482.57,6w51-filtered,,F,1697305.5,3.5955493,-4.064318,-0.30871224706914463,-5.58210385216597,-5.273391605096825
H8C,False,333.7,6w51-filtered,,F,1647299.0,3.5955493,-2.500224,-0.30871224706914463,-5.522397085851938,-5.213684838782793
C9A,False,6835.5,6w51-filtered,,F,1726495.0,3.7712936,0.8851758,-0.6714002199493564,-3.02909418614768,-2.357693966198324
C9I,False,8325.3,6w51-filtered,,F,1794306.0,3.7712936,-2.977528,-0.6714002199493564,-4.984405216831649,-4.3130049968822926
C9L,False,3103.2,6w51-filtered,,F,1800492.0,3.7712936,-3.4320877,-0.6714002199493564,-6.475416864762085,-5.804016644812728
C9M,False,2061.5,6w51-filtered,,F,1704173.0,3.7712936,-5.109648,-0.6714002199493564,-8.488225005709317,-7.816824785759961
C9F,False,1207.8,6w51-filtered,,F,1740132.0,3.7712936,-6.585002,-0.6714002199493564,-10.317513244879828,-9.646113024930472
C9V,False,10201.18,6w51-filtered,,F,1791447.0,3.7712936,1.1457808,-0.6714002199493564,-1.9494529581938729,-1.2780527382445164
C9P,False,1225.9,6w51-filtered,,F,1344987.0,3.7712936,-3.5495296,-0.6714002199493564,-6.789624085828872,-6.118223865879515
C9G,False,2354.5,6w51-filtered,,F,1685557.0,3.7712936,-1.6146586,-0.6714002199493564,-4.613574384079679,-3.9421741641303227
C9W,False,1555.4,6w51-filtered,,F,1493992.0,3.7712936,-8.767332,-0.6714002199493564,-12.31424676092795,-11.642846540978594
C9R,False,2032.0,6w51-filtered,,F,1330179.0,3.7712936,-6.614339,-0.6714002199493564,-10.02076962542558,-9.349369405476223
C9H,False,4021.0,6w51-filtered,,F,1407895.0,3.7712936,-5.754733,-0.6714002199493564,-8.508052768859049,-7.836652548909692
C9K,False,1492.5,6w51-filtered,,F,1605012.0,3.7712936,-5.9625216,-0.6714002199493564,-9.739378995597804,-9.067978775648447
C9D,False,1473.3,6w51-filtered,,F,1359416.0,3.7712936,-0.4253146,-0.6714002199493564,-2.8717968383711328,-2.2003966184217765
C9E,False,1408.7,6w51-filtered,,F,1437652.0,3.7712936,-3.1307065,-0.6714002199493564,-5.775416056053371,-5.104015836104014
C9N,False,1409.0,6w51-filtered,,F,1459507.0,3.7712936,-0.14601243,-0.6714002199493564,-4.337601086840108,-3.6662008668907515
C9Q,False,1318.9,6w51-filtered,,F,1577636.5,3.7712936,-3.7634792,-0.6714002199493564,-5.9647628357731906,-5.293362615823834
C9S,False,2275.0,6w51-filtered,,F,1707412.0,3.7712936,0.9398924,-0.6714002199493564,-2.850143707515086,-2.17874348756573
C9T,False,4926.1,6w51-filtered,,F,1739096.5,3.7712936,2.171104,-0.6714002199493564,-1.9300580575607458,-1.2586578376113895
C9Y,False,4296.34,6w51-filtered,,F,1392335.5,3.7712936,-7.767146,-0.6714002199493564,-11.541357343583265,-10.869957123633908
C9C,True,10596.0,6w51-filtered,,F,1666759.0,3.7712936,3.7712936,-0.6714002199493564,-0.6714002199493564,0.0
