Unnamed: 0,mutant,mt_pdb,ddG,ph,Change melting temp,effect,source,pos,wt,mut,wt_pdb,mutant_chain,esm1v_t33_650M_UR90S_1,esm1v_t33_650M_UR90S_2,esm1v_t33_650M_UR90S_3,esm1v_t33_650M_UR90S_4,esm1v_t33_650M_UR90S_5,avg_pred_ddg
0,G77A,1L23,-0.4,6.5,,Neutral,[64],77,G,A,2LZM,A,0.6877443790435791,0.7260029315948486,0.1114993095397949,-0.2315554618835449,0.7919998168945312,0.4171381950378418
1,A82P,1L24,-0.8,6.5,,Neutral,[64],82,A,P,2LZM,A,-0.2784299850463867,1.6494262218475342,1.0340856313705444,0.0687091350555419,0.428560733795166,0.58047034740448
2,A93T,129L,,5.4,0.13,Neutral,[65],93,A,T,2LZM,A,-0.1553115844726562,-0.1563391685485839,-0.4659571647644043,-0.3041036128997803,0.0257434844970703,-0.2111936092376709
3,T151S,130L,,5.4,0.93,Neutral,[65],151,T,S,2LZM,A,0.4010260105133056,-0.134944200515747,0.2878401279449463,0.6118128299713135,0.5245952606201172,0.33806600570678713
4,T26S,131L,,5.4,1.35,Neutral,[65],26,T,S,2LZM,A,-3.7657856941223145,-4.923341751098633,-3.3005917072296143,-2.186398506164551,-4.4748125076293945,-3.730186033248901
5,V149M,1CV6,2.8,5.4,,Destabilizing,[66],149,V,M,2LZM,A,0.5242500305175781,0.3710188865661621,-0.3928685188293457,-0.7883734703063965,0.1982927322387695,-0.01753606796264649
6,V87M,1CU3,2.3,5.4,,Destabilizing,[66],87,V,M,2LZM,A,-1.5117578506469729,-3.7991342544555664,-1.6349010467529297,-2.091461181640625,-2.5355448722839355,-2.3145598411560058
7,S38N,1L61,-0.6,5.7 -5.9,,Neutral,[67],38,S,N,2LZM,A,0.2923929691314697,-0.5030543804168701,0.1627962589263916,-0.0087158679962158,0.0584683418273925,0.00037746429443358265
8,T109N,1L59,-0.1,5.7 -5.9,,Neutral,[67],109,T,N,2LZM,A,-0.1813430786132812,-1.7024221420288086,-0.8252744674682617,-1.854111671447754,-0.5308008193969727,-1.0187904357910156
9,T109D,1L62,-0.6,5.7 -5.9,,Neutral,[67],109,T,D,2LZM,A,-1.2456927299499512,-3.673706293106079,-1.5732707977294922,-2.578772783279419,-1.966226577758789,-2.207533836364746
10,N116D,1L57,-0.6,5.7 -5.9,,Neutral,[67],116,N,D,2LZM,A,-1.8500301837921145,-3.239632606506348,-1.9301416873931885,-1.1364359855651855,-2.764689445495605,-2.1841859817504883
11,D92N,1L55,1.4,5.7 -5.9,,Destabilizing,[67],92,D,N,2LZM,A,-1.0331594944000244,-3.1123409271240234,-1.4990568161010742,-1.4165323972702026,-0.8170061111450195,-1.575619149208069
12,S38D,1L19,,5,2.2,Neutral,[68],38,S,D,2LZM,A,0.8491328954696655,0.3356525897979736,0.6481385231018066,0.2629988193511963,0.8893865346908569,0.5970618724822998
13,N144D,1L20,,5,2.0,Neutral,[68],144,N,D,2LZM,A,-1.7377548217773438,-1.4134372472763062,-0.4992439746856689,-0.9355802536010742,-1.3445758819580078,-1.1861184358596801
14,M106I,1P46,-0.2,5,,Neutral,[69],106,M,I,2LZM,A,0.0512812137603759,-1.9724438190460205,0.3835656642913818,0.0607497692108154,-0.3670706748962402,-0.3687835693359375
15,M120Y,1P6Y,0.1,5,,Neutral,[69],120,M,Y,2LZM,A,1.8085582256317136,0.8362174034118652,0.6480207443237305,0.2417547702789306,1.633345603942871,1.0335793495178223
16,V149I,1G0Q,0.1,5.4,,Neutral,[70],149,V,I,2LZM,A,0.4204776287078857,0.59659743309021,0.1858396530151367,0.2775604724884033,0.913050413131714,0.47870512008666993
17,T152V,1G0L,-0.2,5.4,,Neutral,[70],152,T,V,2LZM,A,0.3493151664733886,1.0383968353271484,0.0237743854522705,0.2818057537078857,0.2527375221252441,0.3892059326171875
18,V149S,1G06,4.4,5.4,,Destabilizing,[70],149,V,S,2LZM,A,-1.1814608573913574,-0.3891258239746094,-1.1002693176269531,-0.8484704494476318,-3.30402946472168,-1.3646711826324462
19,V149C,1G07,2.0,5.4,,Destabilizing,[70],149,V,C,2LZM,A,-0.8056402206420898,-1.165637493133545,-2.5935773849487305,-2.174670696258545,-3.981438159942627,-2.1441927909851075
20,V149G,1G0P,4.9,5.4,,Destabilizing,[70],149,V,G,2LZM,A,-1.3782191276550293,-1.8610429763793943,-1.8541021347045896,-1.388960361480713,-4.176421642303467,-2.1317492485046388
21,E108V,1QUG,-0.7,5.4,,Neutral,[71],108,E,V,2LZM,A,1.6526321172714231,-0.6885241270065308,-0.0447115898132324,-1.2155770063400269,2.0002808570861816,0.34082005023956297
22,L99G,1QUD,6.3,5.4,,Destabilizing,[71],99,L,G,2LZM,A,-5.986300468444824,-8.051749229431152,-5.897714138031006,-5.490319728851318,-7.943070411682129,-6.673830795288086
23,S117F,1TLA,-1.1,5.4,,Neutral,[72],117,S,F,2LZM,A,-1.78621506690979,-4.023962497711182,-1.118743896484375,0.2378702163696289,1.011386156082153,-1.135933017730713
24,M106L,234L,-0.5,3,,Neutral,[73],106,M,L,2LZM,A,1.0361675024032593,0.012794017791748,0.1899135112762451,-0.26650071144104,1.5593628883361816,0.5063474416732788
25,M120L,233L,-0.5,3,,Neutral,[73],120,M,L,2LZM,A,2.545304298400879,2.3401684761047363,2.3236489295959477,2.021402597427368,2.5783884525299072,2.3617825508117676
26,M106K,231L,3.4,3,,Destabilizing,[73],106,M,K,2LZM,A,-2.5873732566833496,-5.536083221435547,-5.600734710693359,-3.4272210597991943,-4.382359981536865,-4.306754446029663
27,M120K,232L,1.6,3,,Destabilizing,[73],120,M,K,2LZM,A,-1.2259182929992676,-0.0290422439575195,-0.241952896118164,-1.4783272743225098,-1.4192631244659424,-0.8789007663726807
28,I3V,1L17,0.4,6.5,,Neutral,[74],3,I,V,2LZM,A,-0.0916306972503662,-0.5331430435180664,0.1497488021850586,0.084587812423706,-0.6727049350738525,-0.2126284122467041
29,I3Y,1L18,2.3,6.5,,Destabilizing,[74],3,I,Y,2LZM,A,-0.3481152057647705,-0.6799073219299316,-0.7890987396240234,-1.1981370449066162,-1.5644161701202393,-0.9159348964691162
30,M102K,1L54,6.9,5.3,,Destabilizing,[75],102,M,K,2LZM,A,-5.1687211990356445,-8.271126747131348,-4.000805377960205,-4.330159664154053,-6.038182735443115,-5.561799144744873
31,T157I,1L10,1.2,6,,Destabilizing,[76],157,T,I,2LZM,A,-0.1587228775024414,-1.5957636833190918,-0.1568231582641601,1.3952717781066897,-0.8270149230957031,-0.2686105728149414
32,G156D,1L16,2.3,6.5,,Destabilizing,[77],156,G,D,2LZM,A,-1.7439842224121094,-2.279736995697021,-0.7440204620361328,-1.6084047555923462,-4.13592529296875,-2.102414345741272
33,R96H,1L34,,,,Destabilizing,[78],96,R,H,2LZM,A,-2.5282554626464844,-2.3869833946228027,-2.961720943450928,-2.0423471927642822,-1.722891092300415,-2.3284396171569823
34,I3P,1L97,,,,Destabilizing,[79],3,I,P,2LZM,A,-0.8420054912567139,-1.0931811332702637,0.2267765998840332,-0.0869998931884765,-1.022113561630249,-0.563504695892334
35,R96N,3CDT,3.0,5.35,,Destabilizing,[80],96,R,N,2LZM,A,-2.850724697113037,-2.81489372253418,-3.0011487007141118,-2.532073736190796,-1.809229612350464,-2.6016140937805177
36,R96D,3C8Q,3.5,5.35,,Destabilizing,[80],96,R,D,2LZM,A,-3.208223342895508,-4.530867576599121,-3.196145534515381,-3.6262319087982178,-2.9473726749420166,-3.501768207550049
37,R96W,3FI5,4.5,5.35,,Destabilizing,[80],96,R,W,2LZM,A,-3.0516252517700195,-5.709326267242432,-4.495253086090088,-4.2398681640625,-2.542402029037476,-4.007694959640503
38,R96Y,3C80,4.7,5.35,,Destabilizing,[80],96,R,Y,2LZM,A,-0.600113034248352,-2.3995180130004883,-2.64931058883667,-2.6899921894073486,-0.4141042232513428,-1.7506076097488403
39,M102L,1L77,2.11,5.7,,Destabilizing,[81],102,M,L,2LZM,A,1.4734680652618408,-1.891956686973572,1.2400202751159668,0.945850431919098,1.7844562530517578,0.7103676676750184
